fixture_group,fixture,vertices,edges,state_index,state_hex,state_popcount,nullity,component_vertices,component_edges,component_chromatic_bucket,three_colorable,component_is_k3,zero_state
odd_wheel,odd_wheel_W4,4,6,0,0x0,0,4,4,6,4,False,False,True
odd_wheel,odd_wheel_W4,4,6,63,0x3f,6,3,3,3,3,True,True,False
odd_wheel,odd_wheel_W6,6,10,0,0x0,0,6,6,10,4,False,False,True
odd_wheel,odd_wheel_W6,6,10,999,0x3e7,8,3,3,3,3,True,True,False
odd_wheel,odd_wheel_W6,6,10,1006,0x3ee,8,3,3,3,3,True,True,False
odd_wheel,odd_wheel_W6,6,10,1011,0x3f3,8,3,3,3,3,True,True,False
odd_wheel,odd_wheel_W6,6,10,1017,0x3f9,8,3,3,3,3,True,True,False
odd_wheel,odd_wheel_W6,6,10,1020,0x3fc,8,3,3,3,3,True,True,False
odd_wheel,odd_wheel_W8,8,14,0,0x0,0,8,8,14,4,False,False,True
odd_wheel,odd_wheel_W8,8,14,16263,0x3f87,10,3,3,3,3,True,True,False
odd_wheel,odd_wheel_W8,8,14,16270,0x3f8e,10,3,3,3,3,True,True,False
odd_wheel,odd_wheel_W8,8,14,16275,0x3f93,10,3,3,3,3,True,True,False
odd_wheel,odd_wheel_W8,8,14,16281,0x3f99,10,3,3,3,3,True,True,False
odd_wheel,odd_wheel_W8,8,14,16284,0x3f9c,10,3,3,3,3,True,True,False
odd_wheel,odd_wheel_W8,8,14,16294,0x3fa6,10,3,3,3,3,True,True,False
odd_wheel,odd_wheel_W8,8,14,16303,0x3faf,12,3,3,3,3,True,True,False
odd_wheel,odd_wheel_W8,8,14,16306,0x3fb2,10,3,3,3,3,True,True,False
odd_wheel,odd_wheel_W8,8,14,16312,0x3fb8,10,3,3,3,3,True,True,False
odd_wheel,odd_wheel_W8,8,14,16317,0x3fbd,12,3,3,3,3,True,True,False
odd_wheel,odd_wheel_W8,8,14,16323,0x3fc3,10,3,3,3,3,True,True,False
odd_wheel,odd_wheel_W8,8,14,16329,0x3fc9,10,3,3,3,3,True,True,False
odd_wheel,odd_wheel_W8,8,14,16332,0x3fcc,10,3,3,3,3,True,True,False
odd_wheel,odd_wheel_W8,8,14,16343,0x3fd7,12,3,3,3,3,True,True,False
odd_wheel,odd_wheel_W8,8,14,16350,0x3fde,12,3,3,3,3,True,True,False
odd_wheel,odd_wheel_W8,8,14,16353,0x3fe1,10,3,3,3,3,True,True,False
odd_wheel,odd_wheel_W8,8,14,16356,0x3fe4,10,3,3,3,3,True,True,False
odd_wheel,odd_wheel_W8,8,14,16363,0x3feb,12,3,3,3,3,True,True,False
odd_wheel,odd_wheel_W8,8,14,16368,0x3ff0,10,3,3,3,3,True,True,False
odd_wheel,odd_wheel_W8,8,14,16373,0x3ff5,12,3,3,3,3,True,True,False
odd_wheel,odd_wheel_W8,8,14,16378,0x3ffa,12,3,3,3,3,True,True,False
odd_wheel,odd_wheel_W10,10,18,0,0x0,0,10,10,18,4,False,False,True
odd_wheel,odd_wheel_W10,10,18,261639,0x3fe07,12,3,3,3,3,True,True,False
odd_wheel,odd_wheel_W10,10,18,261646,0x3fe0e,12,3,3,3,3,True,True,False
odd_wheel,odd_wheel_W10,10,18,261651,0x3fe13,12,3,3,3,3,True,True,False
odd_wheel,odd_wheel_W10,10,18,261657,0x3fe19,12,3,3,3,3,True,True,False
odd_wheel,odd_wheel_W10,10,18,261660,0x3fe1c,12,3,3,3,3,True,True,False
odd_wheel,odd_wheel_W10,10,18,261670,0x3fe26,12,3,3,3,3,True,True,False
odd_wheel,odd_wheel_W10,10,18,261679,0x3fe2f,14,3,3,3,3,True,True,False
odd_wheel,odd_wheel_W10,10,18,261682,0x3fe32,12,3,3,3,3,True,True,False
odd_wheel,odd_wheel_W10,10,18,261688,0x3fe38,12,3,3,3,3,True,True,False
odd_wheel,odd_wheel_W10,10,18,261693,0x3fe3d,14,3,3,3,3,True,True,False
odd_wheel,odd_wheel_W10,10,18,261699,0x3fe43,12,3,3,3,3,True,True,False
odd_wheel,odd_wheel_W10,10,18,261705,0x3fe49,12,3,3,3,3,True,True,False
odd_wheel,odd_wheel_W10,10,18,261708,0x3fe4c,12,3,3,3,3,True,True,False
odd_wheel,odd_wheel_W10,10,18,261719,0x3fe57,14,3,3,3,3,True,True,False
odd_wheel,odd_wheel_W10,10,18,261726,0x3fe5e,14,3,3,3,3,True,True,False
odd_wheel,odd_wheel_W10,10,18,261729,0x3fe61,12,3,3,3,3,True,True,False
odd_wheel,odd_wheel_W10,10,18,261732,0x3fe64,12,3,3,3,3,True,True,False
odd_wheel,odd_wheel_W10,10,18,261739,0x3fe6b,14,3,3,3,3,True,True,False
odd_wheel,odd_wheel_W10,10,18,261744,0x3fe70,12,3,3,3,3,True,True,False
odd_wheel,odd_wheel_W10,10,18,261749,0x3fe75,14,3,3,3,3,True,True,False
odd_wheel,odd_wheel_W10,10,18,261754,0x3fe7a,14,3,3,3,3,True,True,False
odd_wheel,odd_wheel_W10,10,18,261766,0x3fe86,12,3,3,3,3,True,True,False
odd_wheel,odd_wheel_W10,10,18,261775,0x3fe8f,14,3,3,3,3,True,True,False
odd_wheel,odd_wheel_W10,10,18,261778,0x3fe92,12,3,3,3,3,True,True,False
odd_wheel,odd_wheel_W10,10,18,261784,0x3fe98,12,3,3,3,3,True,True,False
odd_wheel,odd_wheel_W10,10,18,261789,0x3fe9d,14,3,3,3,3,True,True,False
odd_wheel,odd_wheel_W10,10,18,261799,0x3fea7,14,3,3,3,3,True,True,False
odd_wheel,odd_wheel_W10,10,18,261806,0x3feae,14,3,3,3,3,True,True,False
odd_wheel,odd_wheel_W10,10,18,261811,0x3feb3,14,3,3,3,3,True,True,False
odd_wheel,odd_wheel_W10,10,18,261817,0x3feb9,14,3,3,3,3,True,True,False
odd_wheel,odd_wheel_W10,10,18,261820,0x3febc,14,3,3,3,3,True,True,False
odd_wheel,odd_wheel_W10,10,18,261826,0x3fec2,12,3,3,3,3,True,True,False
odd_wheel,odd_wheel_W10,10,18,261832,0x3fec8,12,3,3,3,3,True,True,False
odd_wheel,odd_wheel_W10,10,18,261837,0x3fecd,14,3,3,3,3,True,True,False
odd_wheel,odd_wheel_W10,10,18,261846,0x3fed6,14,3,3,3,3,True,True,False
odd_wheel,odd_wheel_W10,10,18,261855,0x3fedf,16,3,3,3,3,True,True,False
odd_wheel,odd_wheel_W10,10,18,261856,0x3fee0,12,3,3,3,3,True,True,False
odd_wheel,odd_wheel_W10,10,18,261861,0x3fee5,14,3,3,3,3,True,True,False
odd_wheel,odd_wheel_W10,10,18,261866,0x3feea,14,3,3,3,3,True,True,False
odd_wheel,odd_wheel_W10,10,18,261873,0x3fef1,14,3,3,3,3,True,True,False
odd_wheel,odd_wheel_W10,10,18,261876,0x3fef4,14,3,3,3,3,True,True,False
odd_wheel,odd_wheel_W10,10,18,261883,0x3fefb,16,3,3,3,3,True,True,False
odd_wheel,odd_wheel_W10,10,18,261891,0x3ff03,12,3,3,3,3,True,True,False
odd_wheel,odd_wheel_W10,10,18,261897,0x3ff09,12,3,3,3,3,True,True,False
odd_wheel,odd_wheel_W10,10,18,261900,0x3ff0c,12,3,3,3,3,True,True,False
odd_wheel,odd_wheel_W10,10,18,261911,0x3ff17,14,3,3,3,3,True,True,False
odd_wheel,odd_wheel_W10,10,18,261918,0x3ff1e,14,3,3,3,3,True,True,False
odd_wheel,odd_wheel_W10,10,18,261921,0x3ff21,12,3,3,3,3,True,True,False
odd_wheel,odd_wheel_W10,10,18,261924,0x3ff24,12,3,3,3,3,True,True,False
odd_wheel,odd_wheel_W10,10,18,261931,0x3ff2b,14,3,3,3,3,True,True,False
odd_wheel,odd_wheel_W10,10,18,261936,0x3ff30,12,3,3,3,3,True,True,False
odd_wheel,odd_wheel_W10,10,18,261941,0x3ff35,14,3,3,3,3,True,True,False
odd_wheel,odd_wheel_W10,10,18,261946,0x3ff3a,14,3,3,3,3,True,True,False
odd_wheel,odd_wheel_W10,10,18,261959,0x3ff47,14,3,3,3,3,True,True,False
odd_wheel,odd_wheel_W10,10,18,261966,0x3ff4e,14,3,3,3,3,True,True,False
odd_wheel,odd_wheel_W10,10,18,261971,0x3ff53,14,3,3,3,3,True,True,False
odd_wheel,odd_wheel_W10,10,18,261977,0x3ff59,14,3,3,3,3,True,True,False
odd_wheel,odd_wheel_W10,10,18,261980,0x3ff5c,14,3,3,3,3,True,True,False
odd_wheel,odd_wheel_W10,10,18,261990,0x3ff66,14,3,3,3,3,True,True,False
odd_wheel,odd_wheel_W10,10,18,261999,0x3ff6f,16,3,3,3,3,True,True,False
odd_wheel,odd_wheel_W10,10,18,262002,0x3ff72,14,3,3,3,3,True,True,False
odd_wheel,odd_wheel_W10,10,18,262008,0x3ff78,14,3,3,3,3,True,True,False
odd_wheel,odd_wheel_W10,10,18,262013,0x3ff7d,16,3,3,3,3,True,True,False
odd_wheel,odd_wheel_W10,10,18,262017,0x3ff81,12,3,3,3,3,True,True,False
odd_wheel,odd_wheel_W10,10,18,262020,0x3ff84,12,3,3,3,3,True,True,False
odd_wheel,odd_wheel_W10,10,18,262027,0x3ff8b,14,3,3,3,3,True,True,False
odd_wheel,odd_wheel_W10,10,18,262032,0x3ff90,12,3,3,3,3,True,True,False
odd_wheel,odd_wheel_W10,10,18,262037,0x3ff95,14,3,3,3,3,True,True,False
odd_wheel,odd_wheel_W10,10,18,262042,0x3ff9a,14,3,3,3,3,True,True,False
odd_wheel,odd_wheel_W10,10,18,262051,0x3ffa3,14,3,3,3,3,True,True,False
odd_wheel,odd_wheel_W10,10,18,262057,0x3ffa9,14,3,3,3,3,True,True,False
odd_wheel,odd_wheel_W10,10,18,262060,0x3ffac,14,3,3,3,3,True,True,False
odd_wheel,odd_wheel_W10,10,18,262071,0x3ffb7,16,3,3,3,3,True,True,False
odd_wheel,odd_wheel_W10,10,18,262078,0x3ffbe,16,3,3,3,3,True,True,False
odd_wheel,odd_wheel_W10,10,18,262080,0x3ffc0,12,3,3,3,3,True,True,False
odd_wheel,odd_wheel_W10,10,18,262085,0x3ffc5,14,3,3,3,3,True,True,False
odd_wheel,odd_wheel_W10,10,18,262090,0x3ffca,14,3,3,3,3,True,True,False
odd_wheel,odd_wheel_W10,10,18,262097,0x3ffd1,14,3,3,3,3,True,True,False
odd_wheel,odd_wheel_W10,10,18,262100,0x3ffd4,14,3,3,3,3,True,True,False
odd_wheel,odd_wheel_W10,10,18,262107,0x3ffdb,16,3,3,3,3,True,True,False
odd_wheel,odd_wheel_W10,10,18,262114,0x3ffe2,14,3,3,3,3,True,True,False
odd_wheel,odd_wheel_W10,10,18,262120,0x3ffe8,14,3,3,3,3,True,True,False
odd_wheel,odd_wheel_W10,10,18,262125,0x3ffed,16,3,3,3,3,True,True,False
odd_wheel,odd_wheel_W10,10,18,262134,0x3fff6,16,3,3,3,3,True,True,False
odd_wheel,odd_wheel_W10,10,18,262143,0x3ffff,18,3,3,3,3,True,True,False
odd_wheel,odd_wheel_W12,12,22,0,0x0,0,12,12,22,4,False,False,True
odd_wheel,odd_wheel_W12,12,22,4192263,0x3ff807,14,3,3,3,3,True,True,False
odd_wheel,odd_wheel_W12,12,22,4192270,0x3ff80e,14,3,3,3,3,True,True,False
odd_wheel,odd_wheel_W12,12,22,4192275,0x3ff813,14,3,3,3,3,True,True,False
odd_wheel,odd_wheel_W12,12,22,4192281,0x3ff819,14,3,3,3,3,True,True,False
odd_wheel,odd_wheel_W12,12,22,4192284,0x3ff81c,14,3,3,3,3,True,True,False
odd_wheel,odd_wheel_W12,12,22,4192294,0x3ff826,14,3,3,3,3,True,True,False
odd_wheel,odd_wheel_W12,12,22,4192303,0x3ff82f,16,3,3,3,3,True,True,False
odd_wheel,odd_wheel_W12,12,22,4192306,0x3ff832,14,3,3,3,3,True,True,False
odd_wheel,odd_wheel_W12,12,22,4192312,0x3ff838,14,3,3,3,3,True,True,False
odd_wheel,odd_wheel_W12,12,22,4192317,0x3ff83d,16,3,3,3,3,True,True,False
odd_wheel,odd_wheel_W12,12,22,4192323,0x3ff843,14,3,3,3,3,True,True,False
odd_wheel,odd_wheel_W12,12,22,4192329,0x3ff849,14,3,3,3,3,True,True,False
odd_wheel,odd_wheel_W12,12,22,4192332,0x3ff84c,14,3,3,3,3,True,True,False
odd_wheel,odd_wheel_W12,12,22,4192343,0x3ff857,16,3,3,3,3,True,True,False
odd_wheel,odd_wheel_W12,12,22,4192350,0x3ff85e,16,3,3,3,3,True,True,False
odd_wheel,odd_wheel_W12,12,22,4192353,0x3ff861,14,3,3,3,3,True,True,False
odd_wheel,odd_wheel_W12,12,22,4192356,0x3ff864,14,3,3,3,3,True,True,False
odd_wheel,odd_wheel_W12,12,22,4192363,0x3ff86b,16,3,3,3,3,True,True,False
odd_wheel,odd_wheel_W12,12,22,4192368,0x3ff870,14,3,3,3,3,True,True,False
odd_wheel,odd_wheel_W12,12,22,4192373,0x3ff875,16,3,3,3,3,True,True,False
odd_wheel,odd_wheel_W12,12,22,4192378,0x3ff87a,16,3,3,3,3,True,True,False
odd_wheel,odd_wheel_W12,12,22,4192390,0x3ff886,14,3,3,3,3,True,True,False
odd_wheel,odd_wheel_W12,12,22,4192399,0x3ff88f,16,3,3,3,3,True,True,False
odd_wheel,odd_wheel_W12,12,22,4192402,0x3ff892,14,3,3,3,3,True,True,False
odd_wheel,odd_wheel_W12,12,22,4192408,0x3ff898,14,3,3,3,3,True,True,False
odd_wheel,odd_wheel_W12,12,22,4192413,0x3ff89d,16,3,3,3,3,True,True,False
odd_wheel,odd_wheel_W12,12,22,4192423,0x3ff8a7,16,3,3,3,3,True,True,False
odd_wheel,odd_wheel_W12,12,22,4192430,0x3ff8ae,16,3,3,3,3,True,True,False
odd_wheel,odd_wheel_W12,12,22,4192435,0x3ff8b3,16,3,3,3,3,True,True,False
odd_wheel,odd_wheel_W12,12,22,4192441,0x3ff8b9,16,3,3,3,3,True,True,False
odd_wheel,odd_wheel_W12,12,22,4192444,0x3ff8bc,16,3,3,3,3,True,True,False
odd_wheel,odd_wheel_W12,12,22,4192450,0x3ff8c2,14,3,3,3,3,True,True,False
odd_wheel,odd_wheel_W12,12,22,4192456,0x3ff8c8,14,3,3,3,3,True,True,False
odd_wheel,odd_wheel_W12,12,22,4192461,0x3ff8cd,16,3,3,3,3,True,True,False
odd_wheel,odd_wheel_W12,12,22,4192470,0x3ff8d6,16,3,3,3,3,True,True,False
odd_wheel,odd_wheel_W12,12,22,4192479,0x3ff8df,18,3,3,3,3,True,True,False
odd_wheel,odd_wheel_W12,12,22,4192480,0x3ff8e0,14,3,3,3,3,True,True,False
odd_wheel,odd_wheel_W12,12,22,4192485,0x3ff8e5,16,3,3,3,3,True,True,False
odd_wheel,odd_wheel_W12,12,22,4192490,0x3ff8ea,16,3,3,3,3,True,True,False
odd_wheel,odd_wheel_W12,12,22,4192497,0x3ff8f1,16,3,3,3,3,True,True,False
odd_wheel,odd_wheel_W12,12,22,4192500,0x3ff8f4,16,3,3,3,3,True,True,False
odd_wheel,odd_wheel_W12,12,22,4192507,0x3ff8fb,18,3,3,3,3,True,True,False
odd_wheel,odd_wheel_W12,12,22,4192515,0x3ff903,14,3,3,3,3,True,True,False
odd_wheel,odd_wheel_W12,12,22,4192521,0x3ff909,14,3,3,3,3,True,True,False
odd_wheel,odd_wheel_W12,12,22,4192524,0x3ff90c,14,3,3,3,3,True,True,False
odd_wheel,odd_wheel_W12,12,22,4192535,0x3ff917,16,3,3,3,3,True,True,False
odd_wheel,odd_wheel_W12,12,22,4192542,0x3ff91e,16,3,3,3,3,True,True,False
odd_wheel,odd_wheel_W12,12,22,4192545,0x3ff921,14,3,3,3,3,True,True,False
odd_wheel,odd_wheel_W12,12,22,4192548,0x3ff924,14,3,3,3,3,True,True,False
odd_wheel,odd_wheel_W12,12,22,4192555,0x3ff92b,16,3,3,3,3,True,True,False
odd_wheel,odd_wheel_W12,12,22,4192560,0x3ff930,14,3,3,3,3,True,True,False
odd_wheel,odd_wheel_W12,12,22,4192565,0x3ff935,16,3,3,3,3,True,True,False
odd_wheel,odd_wheel_W12,12,22,4192570,0x3ff93a,16,3,3,3,3,True,True,False
odd_wheel,odd_wheel_W12,12,22,4192583,0x3ff947,16,3,3,3,3,True,True,False
odd_wheel,odd_wheel_W12,12,22,4192590,0x3ff94e,16,3,3,3,3,True,True,False
odd_wheel,odd_wheel_W12,12,22,4192595,0x3ff953,16,3,3,3,3,True,True,False
odd_wheel,odd_wheel_W12,12,22,4192601,0x3ff959,16,3,3,3,3,True,True,False
odd_wheel,odd_wheel_W12,12,22,4192604,0x3ff95c,16,3,3,3,3,True,True,False
odd_wheel,odd_wheel_W12,12,22,4192614,0x3ff966,16,3,3,3,3,True,True,False
odd_wheel,odd_wheel_W12,12,22,4192623,0x3ff96f,18,3,3,3,3,True,True,False
odd_wheel,odd_wheel_W12,12,22,4192626,0x3ff972,16,3,3,3,3,True,True,False
odd_wheel,odd_wheel_W12,12,22,4192632,0x3ff978,16,3,3,3,3,True,True,False
odd_wheel,odd_wheel_W12,12,22,4192637,0x3ff97d,18,3,3,3,3,True,True,False
odd_wheel,odd_wheel_W12,12,22,4192641,0x3ff981,14,3,3,3,3,True,True,False
odd_wheel,odd_wheel_W12,12,22,4192644,0x3ff984,14,3,3,3,3,True,True,False
odd_wheel,odd_wheel_W12,12,22,4192651,0x3ff98b,16,3,3,3,3,True,True,False
odd_wheel,odd_wheel_W12,12,22,4192656,0x3ff990,14,3,3,3,3,True,True,False
odd_wheel,odd_wheel_W12,12,22,4192661,0x3ff995,16,3,3,3,3,True,True,False
odd_wheel,odd_wheel_W12,12,22,4192666,0x3ff99a,16,3,3,3,3,True,True,False
odd_wheel,odd_wheel_W12,12,22,4192675,0x3ff9a3,16,3,3,3,3,True,True,False
odd_wheel,odd_wheel_W12,12,22,4192681,0x3ff9a9,16,3,3,3,3,True,True,False
odd_wheel,odd_wheel_W12,12,22,4192684,0x3ff9ac,16,3,3,3,3,True,True,False
odd_wheel,odd_wheel_W12,12,22,4192695,0x3ff9b7,18,3,3,3,3,True,True,False
odd_wheel,odd_wheel_W12,12,22,4192702,0x3ff9be,18,3,3,3,3,True,True,False
odd_wheel,odd_wheel_W12,12,22,4192704,0x3ff9c0,14,3,3,3,3,True,True,False
odd_wheel,odd_wheel_W12,12,22,4192709,0x3ff9c5,16,3,3,3,3,True,True,False
odd_wheel,odd_wheel_W12,12,22,4192714,0x3ff9ca,16,3,3,3,3,True,True,False
odd_wheel,odd_wheel_W12,12,22,4192721,0x3ff9d1,16,3,3,3,3,True,True,False
odd_wheel,odd_wheel_W12,12,22,4192724,0x3ff9d4,16,3,3,3,3,True,True,False
odd_wheel,odd_wheel_W12,12,22,4192731,0x3ff9db,18,3,3,3,3,True,True,False
odd_wheel,odd_wheel_W12,12,22,4192738,0x3ff9e2,16,3,3,3,3,True,True,False
odd_wheel,odd_wheel_W12,12,22,4192744,0x3ff9e8,16,3,3,3,3,True,True,False
odd_wheel,odd_wheel_W12,12,22,4192749,0x3ff9ed,18,3,3,3,3,True,True,False
odd_wheel,odd_wheel_W12,12,22,4192758,0x3ff9f6,18,3,3,3,3,True,True,False
odd_wheel,odd_wheel_W12,12,22,4192767,0x3ff9ff,20,3,3,3,3,True,True,False
odd_wheel,odd_wheel_W12,12,22,4192774,0x3ffa06,14,3,3,3,3,True,True,False
odd_wheel,odd_wheel_W12,12,22,4192783,0x3ffa0f,16,3,3,3,3,True,True,False
odd_wheel,odd_wheel_W12,12,22,4192786,0x3ffa12,14,3,3,3,3,True,True,False
odd_wheel,odd_wheel_W12,12,22,4192792,0x3ffa18,14,3,3,3,3,True,True,False
odd_wheel,odd_wheel_W12,12,22,4192797,0x3ffa1d,16,3,3,3,3,True,True,False
odd_wheel,odd_wheel_W12,12,22,4192807,0x3ffa27,16,3,3,3,3,True,True,False
odd_wheel,odd_wheel_W12,12,22,4192814,0x3ffa2e,16,3,3,3,3,True,True,False
odd_wheel,odd_wheel_W12,12,22,4192819,0x3ffa33,16,3,3,3,3,True,True,False
odd_wheel,odd_wheel_W12,12,22,4192825,0x3ffa39,16,3,3,3,3,True,True,False
odd_wheel,odd_wheel_W12,12,22,4192828,0x3ffa3c,16,3,3,3,3,True,True,False
odd_wheel,odd_wheel_W12,12,22,4192834,0x3ffa42,14,3,3,3,3,True,True,False
odd_wheel,odd_wheel_W12,12,22,4192840,0x3ffa48,14,3,3,3,3,True,True,False
odd_wheel,odd_wheel_W12,12,22,4192845,0x3ffa4d,16,3,3,3,3,True,True,False
odd_wheel,odd_wheel_W12,12,22,4192854,0x3ffa56,16,3,3,3,3,True,True,False
odd_wheel,odd_wheel_W12,12,22,4192863,0x3ffa5f,18,3,3,3,3,True,True,False
odd_wheel,odd_wheel_W12,12,22,4192864,0x3ffa60,14,3,3,3,3,True,True,False
odd_wheel,odd_wheel_W12,12,22,4192869,0x3ffa65,16,3,3,3,3,True,True,False
odd_wheel,odd_wheel_W12,12,22,4192874,0x3ffa6a,16,3,3,3,3,True,True,False
odd_wheel,odd_wheel_W12,12,22,4192881,0x3ffa71,16,3,3,3,3,True,True,False
odd_wheel,odd_wheel_W12,12,22,4192884,0x3ffa74,16,3,3,3,3,True,True,False
odd_wheel,odd_wheel_W12,12,22,4192891,0x3ffa7b,18,3,3,3,3,True,True,False
odd_wheel,odd_wheel_W12,12,22,4192903,0x3ffa87,16,3,3,3,3,True,True,False
odd_wheel,odd_wheel_W12,12,22,4192910,0x3ffa8e,16,3,3,3,3,True,True,False
odd_wheel,odd_wheel_W12,12,22,4192915,0x3ffa93,16,3,3,3,3,True,True,False
odd_wheel,odd_wheel_W12,12,22,4192921,0x3ffa99,16,3,3,3,3,True,True,False
odd_wheel,odd_wheel_W12,12,22,4192924,0x3ffa9c,16,3,3,3,3,True,True,False
odd_wheel,odd_wheel_W12,12,22,4192934,0x3ffaa6,16,3,3,3,3,True,True,False
odd_wheel,odd_wheel_W12,12,22,4192943,0x3ffaaf,18,3,3,3,3,True,True,False
odd_wheel,odd_wheel_W12,12,22,4192946,0x3ffab2,16,3,3,3,3,True,True,False
odd_wheel,odd_wheel_W12,12,22,4192952,0x3ffab8,16,3,3,3,3,True,True,False
odd_wheel,odd_wheel_W12,12,22,4192957,0x3ffabd,18,3,3,3,3,True,True,False
odd_wheel,odd_wheel_W12,12,22,4192963,0x3ffac3,16,3,3,3,3,True,True,False
odd_wheel,odd_wheel_W12,12,22,4192969,0x3ffac9,16,3,3,3,3,True,True,False
odd_wheel,odd_wheel_W12,12,22,4192972,0x3ffacc,16,3,3,3,3,True,True,False
odd_wheel,odd_wheel_W12,12,22,4192983,0x3ffad7,18,3,3,3,3,True,True,False
odd_wheel,odd_wheel_W12,12,22,4192990,0x3ffade,18,3,3,3,3,True,True,False
odd_wheel,odd_wheel_W12,12,22,4192993,0x3ffae1,16,3,3,3,3,True,True,False
odd_wheel,odd_wheel_W12,12,22,4192996,0x3ffae4,16,3,3,3,3,True,True,False
odd_wheel,odd_wheel_W12,12,22,4193003,0x3ffaeb,18,3,3,3,3,True,True,False
odd_wheel,odd_wheel_W12,12,22,4193008,0x3ffaf0,16,3,3,3,3,True,True,False
odd_wheel,odd_wheel_W12,12,22,4193013,0x3ffaf5,18,3,3,3,3,True,True,False
odd_wheel,odd_wheel_W12,12,22,4193018,0x3ffafa,18,3,3,3,3,True,True,False
odd_wheel,odd_wheel_W12,12,22,4193026,0x3ffb02,14,3,3,3,3,True,True,False
odd_wheel,odd_wheel_W12,12,22,4193032,0x3ffb08,14,3,3,3,3,True,True,False
odd_wheel,odd_wheel_W12,12,22,4193037,0x3ffb0d,16,3,3,3,3,True,True,False
odd_wheel,odd_wheel_W12,12,22,4193046,0x3ffb16,16,3,3,3,3,True,True,False
odd_wheel,odd_wheel_W12,12,22,4193055,0x3ffb1f,18,3,3,3,3,True,True,False
odd_wheel,odd_wheel_W12,12,22,4193056,0x3ffb20,14,3,3,3,3,True,True,False
odd_wheel,odd_wheel_W12,12,22,4193061,0x3ffb25,16,3,3,3,3,True,True,False
odd_wheel,odd_wheel_W12,12,22,4193066,0x3ffb2a,16,3,3,3,3,True,True,False
odd_wheel,odd_wheel_W12,12,22,4193073,0x3ffb31,16,3,3,3,3,True,True,False
odd_wheel,odd_wheel_W12,12,22,4193076,0x3ffb34,16,3,3,3,3,True,True,False
odd_wheel,odd_wheel_W12,12,22,4193083,0x3ffb3b,18,3,3,3,3,True,True,False
odd_wheel,odd_wheel_W12,12,22,4193094,0x3ffb46,16,3,3,3,3,True,True,False
odd_wheel,odd_wheel_W12,12,22,4193103,0x3ffb4f,18,3,3,3,3,True,True,False
odd_wheel,odd_wheel_W12,12,22,4193106,0x3ffb52,16,3,3,3,3,True,True,False
odd_wheel,odd_wheel_W12,12,22,4193112,0x3ffb58,16,3,3,3,3,True,True,False
odd_wheel,odd_wheel_W12,12,22,4193117,0x3ffb5d,18,3,3,3,3,True,True,False
odd_wheel,odd_wheel_W12,12,22,4193127,0x3ffb67,18,3,3,3,3,True,True,False
odd_wheel,odd_wheel_W12,12,22,4193134,0x3ffb6e,18,3,3,3,3,True,True,False
odd_wheel,odd_wheel_W12,12,22,4193139,0x3ffb73,18,3,3,3,3,True,True,False
odd_wheel,odd_wheel_W12,12,22,4193145,0x3ffb79,18,3,3,3,3,True,True,False
odd_wheel,odd_wheel_W12,12,22,4193148,0x3ffb7c,18,3,3,3,3,True,True,False
odd_wheel,odd_wheel_W12,12,22,4193152,0x3ffb80,14,3,3,3,3,True,True,False
odd_wheel,odd_wheel_W12,12,22,4193157,0x3ffb85,16,3,3,3,3,True,True,False
odd_wheel,odd_wheel_W12,12,22,4193162,0x3ffb8a,16,3,3,3,3,True,True,False
odd_wheel,odd_wheel_W12,12,22,4193169,0x3ffb91,16,3,3,3,3,True,True,False
odd_wheel,odd_wheel_W12,12,22,4193172,0x3ffb94,16,3,3,3,3,True,True,False
odd_wheel,odd_wheel_W12,12,22,4193179,0x3ffb9b,18,3,3,3,3,True,True,False
odd_wheel,odd_wheel_W12,12,22,4193186,0x3ffba2,16,3,3,3,3,True,True,False
odd_wheel,odd_wheel_W12,12,22,4193192,0x3ffba8,16,3,3,3,3,True,True,False
odd_wheel,odd_wheel_W12,12,22,4193197,0x3ffbad,18,3,3,3,3,True,True,False
odd_wheel,odd_wheel_W12,12,22,4193206,0x3ffbb6,18,3,3,3,3,True,True,False
odd_wheel,odd_wheel_W12,12,22,4193215,0x3ffbbf,20,3,3,3,3,True,True,False
odd_wheel,odd_wheel_W12,12,22,4193217,0x3ffbc1,16,3,3,3,3,True,True,False
odd_wheel,odd_wheel_W12,12,22,4193220,0x3ffbc4,16,3,3,3,3,True,True,False
odd_wheel,odd_wheel_W12,12,22,4193227,0x3ffbcb,18,3,3,3,3,True,True,False
odd_wheel,odd_wheel_W12,12,22,4193232,0x3ffbd0,16,3,3,3,3,True,True,False
odd_wheel,odd_wheel_W12,12,22,4193237,0x3ffbd5,18,3,3,3,3,True,True,False
odd_wheel,odd_wheel_W12,12,22,4193242,0x3ffbda,18,3,3,3,3,True,True,False
odd_wheel,odd_wheel_W12,12,22,4193251,0x3ffbe3,18,3,3,3,3,True,True,False
odd_wheel,odd_wheel_W12,12,22,4193257,0x3ffbe9,18,3,3,3,3,True,True,False
odd_wheel,odd_wheel_W12,12,22,4193260,0x3ffbec,18,3,3,3,3,True,True,False
odd_wheel,odd_wheel_W12,12,22,4193271,0x3ffbf7,20,3,3,3,3,True,True,False
odd_wheel,odd_wheel_W12,12,22,4193278,0x3ffbfe,20,3,3,3,3,True,True,False
odd_wheel,odd_wheel_W12,12,22,4193283,0x3ffc03,14,3,3,3,3,True,True,False
odd_wheel,odd_wheel_W12,12,22,4193289,0x3ffc09,14,3,3,3,3,True,True,False
odd_wheel,odd_wheel_W12,12,22,4193292,0x3ffc0c,14,3,3,3,3,True,True,False
odd_wheel,odd_wheel_W12,12,22,4193303,0x3ffc17,16,3,3,3,3,True,True,False
odd_wheel,odd_wheel_W12,12,22,4193310,0x3ffc1e,16,3,3,3,3,True,True,False
odd_wheel,odd_wheel_W12,12,22,4193313,0x3ffc21,14,3,3,3,3,True,True,False
odd_wheel,odd_wheel_W12,12,22,4193316,0x3ffc24,14,3,3,3,3,True,True,False
odd_wheel,odd_wheel_W12,12,22,4193323,0x3ffc2b,16,3,3,3,3,True,True,False
odd_wheel,odd_wheel_W12,12,22,4193328,0x3ffc30,14,3,3,3,3,True,True,False
odd_wheel,odd_wheel_W12,12,22,4193333,0x3ffc35,16,3,3,3,3,True,True,False
odd_wheel,odd_wheel_W12,12,22,4193338,0x3ffc3a,16,3,3,3,3,True,True,False
odd_wheel,odd_wheel_W12,12,22,4193351,0x3ffc47,16,3,3,3,3,True,True,False
odd_wheel,odd_wheel_W12,12,22,4193358,0x3ffc4e,16,3,3,3,3,True,True,False
odd_wheel,odd_wheel_W12,12,22,4193363,0x3ffc53,16,3,3,3,3,True,True,False
odd_wheel,odd_wheel_W12,12,22,4193369,0x3ffc59,16,3,3,3,3,True,True,False
odd_wheel,odd_wheel_W12,12,22,4193372,0x3ffc5c,16,3,3,3,3,True,True,False
odd_wheel,odd_wheel_W12,12,22,4193382,0x3ffc66,16,3,3,3,3,True,True,False
odd_wheel,odd_wheel_W12,12,22,4193391,0x3ffc6f,18,3,3,3,3,True,True,False
odd_wheel,odd_wheel_W12,12,22,4193394,0x3ffc72,16,3,3,3,3,True,True,False
odd_wheel,odd_wheel_W12,12,22,4193400,0x3ffc78,16,3,3,3,3,True,True,False
odd_wheel,odd_wheel_W12,12,22,4193405,0x3ffc7d,18,3,3,3,3,True,True,False
odd_wheel,odd_wheel_W12,12,22,4193409,0x3ffc81,14,3,3,3,3,True,True,False
odd_wheel,odd_wheel_W12,12,22,4193412,0x3ffc84,14,3,3,3,3,True,True,False
odd_wheel,odd_wheel_W12,12,22,4193419,0x3ffc8b,16,3,3,3,3,True,True,False
odd_wheel,odd_wheel_W12,12,22,4193424,0x3ffc90,14,3,3,3,3,True,True,False
odd_wheel,odd_wheel_W12,12,22,4193429,0x3ffc95,16,3,3,3,3,True,True,False
odd_wheel,odd_wheel_W12,12,22,4193434,0x3ffc9a,16,3,3,3,3,True,True,False
odd_wheel,odd_wheel_W12,12,22,4193443,0x3ffca3,16,3,3,3,3,True,True,False
odd_wheel,odd_wheel_W12,12,22,4193449,0x3ffca9,16,3,3,3,3,True,True,False
odd_wheel,odd_wheel_W12,12,22,4193452,0x3ffcac,16,3,3,3,3,True,True,False
odd_wheel,odd_wheel_W12,12,22,4193463,0x3ffcb7,18,3,3,3,3,True,True,False
odd_wheel,odd_wheel_W12,12,22,4193470,0x3ffcbe,18,3,3,3,3,True,True,False
odd_wheel,odd_wheel_W12,12,22,4193472,0x3ffcc0,14,3,3,3,3,True,True,False
odd_wheel,odd_wheel_W12,12,22,4193477,0x3ffcc5,16,3,3,3,3,True,True,False
odd_wheel,odd_wheel_W12,12,22,4193482,0x3ffcca,16,3,3,3,3,True,True,False
odd_wheel,odd_wheel_W12,12,22,4193489,0x3ffcd1,16,3,3,3,3,True,True,False
odd_wheel,odd_wheel_W12,12,22,4193492,0x3ffcd4,16,3,3,3,3,True,True,False
odd_wheel,odd_wheel_W12,12,22,4193499,0x3ffcdb,18,3,3,3,3,True,True,False
odd_wheel,odd_wheel_W12,12,22,4193506,0x3ffce2,16,3,3,3,3,True,True,False
odd_wheel,odd_wheel_W12,12,22,4193512,0x3ffce8,16,3,3,3,3,True,True,False
odd_wheel,odd_wheel_W12,12,22,4193517,0x3ffced,18,3,3,3,3,True,True,False
odd_wheel,odd_wheel_W12,12,22,4193526,0x3ffcf6,18,3,3,3,3,True,True,False
odd_wheel,odd_wheel_W12,12,22,4193535,0x3ffcff,20,3,3,3,3,True,True,False
odd_wheel,odd_wheel_W12,12,22,4193543,0x3ffd07,16,3,3,3,3,True,True,False
odd_wheel,odd_wheel_W12,12,22,4193550,0x3ffd0e,16,3,3,3,3,True,True,False
odd_wheel,odd_wheel_W12,12,22,4193555,0x3ffd13,16,3,3,3,3,True,True,False
odd_wheel,odd_wheel_W12,12,22,4193561,0x3ffd19,16,3,3,3,3,True,True,False
odd_wheel,odd_wheel_W12,12,22,4193564,0x3ffd1c,16,3,3,3,3,True,True,False
odd_wheel,odd_wheel_W12,12,22,4193574,0x3ffd26,16,3,3,3,3,True,True,False
odd_wheel,odd_wheel_W12,12,22,4193583,0x3ffd2f,18,3,3,3,3,True,True,False
odd_wheel,odd_wheel_W12,12,22,4193586,0x3ffd32,16,3,3,3,3,True,True,False
odd_wheel,odd_wheel_W12,12,22,4193592,0x3ffd38,16,3,3,3,3,True,True,False
odd_wheel,odd_wheel_W12,12,22,4193597,0x3ffd3d,18,3,3,3,3,True,True,False
odd_wheel,odd_wheel_W12,12,22,4193603,0x3ffd43,16,3,3,3,3,True,True,False
odd_wheel,odd_wheel_W12,12,22,4193609,0x3ffd49,16,3,3,3,3,True,True,False
odd_wheel,odd_wheel_W12,12,22,4193612,0x3ffd4c,16,3,3,3,3,True,True,False
odd_wheel,odd_wheel_W12,12,22,4193623,0x3ffd57,18,3,3,3,3,True,True,False
odd_wheel,odd_wheel_W12,12,22,4193630,0x3ffd5e,18,3,3,3,3,True,True,False
odd_wheel,odd_wheel_W12,12,22,4193633,0x3ffd61,16,3,3,3,3,True,True,False
odd_wheel,odd_wheel_W12,12,22,4193636,0x3ffd64,16,3,3,3,3,True,True,False
odd_wheel,odd_wheel_W12,12,22,4193643,0x3ffd6b,18,3,3,3,3,True,True,False
odd_wheel,odd_wheel_W12,12,22,4193648,0x3ffd70,16,3,3,3,3,True,True,False
odd_wheel,odd_wheel_W12,12,22,4193653,0x3ffd75,18,3,3,3,3,True,True,False
odd_wheel,odd_wheel_W12,12,22,4193658,0x3ffd7a,18,3,3,3,3,True,True,False
odd_wheel,odd_wheel_W12,12,22,4193670,0x3ffd86,16,3,3,3,3,True,True,False
odd_wheel,odd_wheel_W12,12,22,4193679,0x3ffd8f,18,3,3,3,3,True,True,False
odd_wheel,odd_wheel_W12,12,22,4193682,0x3ffd92,16,3,3,3,3,True,True,False
odd_wheel,odd_wheel_W12,12,22,4193688,0x3ffd98,16,3,3,3,3,True,True,False
odd_wheel,odd_wheel_W12,12,22,4193693,0x3ffd9d,18,3,3,3,3,True,True,False
odd_wheel,odd_wheel_W12,12,22,4193703,0x3ffda7,18,3,3,3,3,True,True,False
odd_wheel,odd_wheel_W12,12,22,4193710,0x3ffdae,18,3,3,3,3,True,True,False
odd_wheel,odd_wheel_W12,12,22,4193715,0x3ffdb3,18,3,3,3,3,True,True,False
odd_wheel,odd_wheel_W12,12,22,4193721,0x3ffdb9,18,3,3,3,3,True,True,False
odd_wheel,odd_wheel_W12,12,22,4193724,0x3ffdbc,18,3,3,3,3,True,True,False
odd_wheel,odd_wheel_W12,12,22,4193730,0x3ffdc2,16,3,3,3,3,True,True,False
odd_wheel,odd_wheel_W12,12,22,4193736,0x3ffdc8,16,3,3,3,3,True,True,False
odd_wheel,odd_wheel_W12,12,22,4193741,0x3ffdcd,18,3,3,3,3,True,True,False
odd_wheel,odd_wheel_W12,12,22,4193750,0x3ffdd6,18,3,3,3,3,True,True,False
odd_wheel,odd_wheel_W12,12,22,4193759,0x3ffddf,20,3,3,3,3,True,True,False
odd_wheel,odd_wheel_W12,12,22,4193760,0x3ffde0,16,3,3,3,3,True,True,False
odd_wheel,odd_wheel_W12,12,22,4193765,0x3ffde5,18,3,3,3,3,True,True,False
odd_wheel,odd_wheel_W12,12,22,4193770,0x3ffdea,18,3,3,3,3,True,True,False
odd_wheel,odd_wheel_W12,12,22,4193777,0x3ffdf1,18,3,3,3,3,True,True,False
odd_wheel,odd_wheel_W12,12,22,4193780,0x3ffdf4,18,3,3,3,3,True,True,False
odd_wheel,odd_wheel_W12,12,22,4193787,0x3ffdfb,20,3,3,3,3,True,True,False
odd_wheel,odd_wheel_W12,12,22,4193793,0x3ffe01,14,3,3,3,3,True,True,False
odd_wheel,odd_wheel_W12,12,22,4193796,0x3ffe04,14,3,3,3,3,True,True,False
odd_wheel,odd_wheel_W12,12,22,4193803,0x3ffe0b,16,3,3,3,3,True,True,False
odd_wheel,odd_wheel_W12,12,22,4193808,0x3ffe10,14,3,3,3,3,True,True,False
odd_wheel,odd_wheel_W12,12,22,4193813,0x3ffe15,16,3,3,3,3,True,True,False
odd_wheel,odd_wheel_W12,12,22,4193818,0x3ffe1a,16,3,3,3,3,True,True,False
odd_wheel,odd_wheel_W12,12,22,4193827,0x3ffe23,16,3,3,3,3,True,True,False
odd_wheel,odd_wheel_W12,12,22,4193833,0x3ffe29,16,3,3,3,3,True,True,False
odd_wheel,odd_wheel_W12,12,22,4193836,0x3ffe2c,16,3,3,3,3,True,True,False
odd_wheel,odd_wheel_W12,12,22,4193847,0x3ffe37,18,3,3,3,3,True,True,False
odd_wheel,odd_wheel_W12,12,22,4193854,0x3ffe3e,18,3,3,3,3,True,True,False
odd_wheel,odd_wheel_W12,12,22,4193856,0x3ffe40,14,3,3,3,3,True,True,False
odd_wheel,odd_wheel_W12,12,22,4193861,0x3ffe45,16,3,3,3,3,True,True,False
odd_wheel,odd_wheel_W12,12,22,4193866,0x3ffe4a,16,3,3,3,3,True,True,False
odd_wheel,odd_wheel_W12,12,22,4193873,0x3ffe51,16,3,3,3,3,True,True,False
odd_wheel,odd_wheel_W12,12,22,4193876,0x3ffe54,16,3,3,3,3,True,True,False
odd_wheel,odd_wheel_W12,12,22,4193883,0x3ffe5b,18,3,3,3,3,True,True,False
odd_wheel,odd_wheel_W12,12,22,4193890,0x3ffe62,16,3,3,3,3,True,True,False
odd_wheel,odd_wheel_W12,12,22,4193896,0x3ffe68,16,3,3,3,3,True,True,False
odd_wheel,odd_wheel_W12,12,22,4193901,0x3ffe6d,18,3,3,3,3,True,True,False
odd_wheel,odd_wheel_W12,12,22,4193910,0x3ffe76,18,3,3,3,3,True,True,False
odd_wheel,odd_wheel_W12,12,22,4193919,0x3ffe7f,20,3,3,3,3,True,True,False
odd_wheel,odd_wheel_W12,12,22,4193923,0x3ffe83,16,3,3,3,3,True,True,False
odd_wheel,odd_wheel_W12,12,22,4193929,0x3ffe89,16,3,3,3,3,True,True,False
odd_wheel,odd_wheel_W12,12,22,4193932,0x3ffe8c,16,3,3,3,3,True,True,False
odd_wheel,odd_wheel_W12,12,22,4193943,0x3ffe97,18,3,3,3,3,True,True,False
odd_wheel,odd_wheel_W12,12,22,4193950,0x3ffe9e,18,3,3,3,3,True,True,False
odd_wheel,odd_wheel_W12,12,22,4193953,0x3ffea1,16,3,3,3,3,True,True,False
odd_wheel,odd_wheel_W12,12,22,4193956,0x3ffea4,16,3,3,3,3,True,True,False
odd_wheel,odd_wheel_W12,12,22,4193963,0x3ffeab,18,3,3,3,3,True,True,False
odd_wheel,odd_wheel_W12,12,22,4193968,0x3ffeb0,16,3,3,3,3,True,True,False
odd_wheel,odd_wheel_W12,12,22,4193973,0x3ffeb5,18,3,3,3,3,True,True,False
odd_wheel,odd_wheel_W12,12,22,4193978,0x3ffeba,18,3,3,3,3,True,True,False
odd_wheel,odd_wheel_W12,12,22,4193991,0x3ffec7,18,3,3,3,3,True,True,False
odd_wheel,odd_wheel_W12,12,22,4193998,0x3ffece,18,3,3,3,3,True,True,False
odd_wheel,odd_wheel_W12,12,22,4194003,0x3ffed3,18,3,3,3,3,True,True,False
odd_wheel,odd_wheel_W12,12,22,4194009,0x3ffed9,18,3,3,3,3,True,True,False
odd_wheel,odd_wheel_W12,12,22,4194012,0x3ffedc,18,3,3,3,3,True,True,False
odd_wheel,odd_wheel_W12,12,22,4194022,0x3ffee6,18,3,3,3,3,True,True,False
odd_wheel,odd_wheel_W12,12,22,4194031,0x3ffeef,20,3,3,3,3,True,True,False
odd_wheel,odd_wheel_W12,12,22,4194034,0x3ffef2,18,3,3,3,3,True,True,False
odd_wheel,odd_wheel_W12,12,22,4194040,0x3ffef8,18,3,3,3,3,True,True,False
odd_wheel,odd_wheel_W12,12,22,4194045,0x3ffefd,20,3,3,3,3,True,True,False
odd_wheel,odd_wheel_W12,12,22,4194048,0x3fff00,14,3,3,3,3,True,True,False
odd_wheel,odd_wheel_W12,12,22,4194053,0x3fff05,16,3,3,3,3,True,True,False
odd_wheel,odd_wheel_W12,12,22,4194058,0x3fff0a,16,3,3,3,3,True,True,False
odd_wheel,odd_wheel_W12,12,22,4194065,0x3fff11,16,3,3,3,3,True,True,False
odd_wheel,odd_wheel_W12,12,22,4194068,0x3fff14,16,3,3,3,3,True,True,False
odd_wheel,odd_wheel_W12,12,22,4194075,0x3fff1b,18,3,3,3,3,True,True,False
odd_wheel,odd_wheel_W12,12,22,4194082,0x3fff22,16,3,3,3,3,True,True,False
odd_wheel,odd_wheel_W12,12,22,4194088,0x3fff28,16,3,3,3,3,True,True,False
odd_wheel,odd_wheel_W12,12,22,4194093,0x3fff2d,18,3,3,3,3,True,True,False
odd_wheel,odd_wheel_W12,12,22,4194102,0x3fff36,18,3,3,3,3,True,True,False
odd_wheel,odd_wheel_W12,12,22,4194111,0x3fff3f,20,3,3,3,3,True,True,False
odd_wheel,odd_wheel_W12,12,22,4194113,0x3fff41,16,3,3,3,3,True,True,False
odd_wheel,odd_wheel_W12,12,22,4194116,0x3fff44,16,3,3,3,3,True,True,False
odd_wheel,odd_wheel_W12,12,22,4194123,0x3fff4b,18,3,3,3,3,True,True,False
odd_wheel,odd_wheel_W12,12,22,4194128,0x3fff50,16,3,3,3,3,True,True,False
odd_wheel,odd_wheel_W12,12,22,4194133,0x3fff55,18,3,3,3,3,True,True,False
odd_wheel,odd_wheel_W12,12,22,4194138,0x3fff5a,18,3,3,3,3,True,True,False
odd_wheel,odd_wheel_W12,12,22,4194147,0x3fff63,18,3,3,3,3,True,True,False
odd_wheel,odd_wheel_W12,12,22,4194153,0x3fff69,18,3,3,3,3,True,True,False
odd_wheel,odd_wheel_W12,12,22,4194156,0x3fff6c,18,3,3,3,3,True,True,False
odd_wheel,odd_wheel_W12,12,22,4194167,0x3fff77,20,3,3,3,3,True,True,False
odd_wheel,odd_wheel_W12,12,22,4194174,0x3fff7e,20,3,3,3,3,True,True,False
odd_wheel,odd_wheel_W12,12,22,4194178,0x3fff82,16,3,3,3,3,True,True,False
odd_wheel,odd_wheel_W12,12,22,4194184,0x3fff88,16,3,3,3,3,True,True,False
odd_wheel,odd_wheel_W12,12,22,4194189,0x3fff8d,18,3,3,3,3,True,True,False
odd_wheel,odd_wheel_W12,12,22,4194198,0x3fff96,18,3,3,3,3,True,True,False
odd_wheel,odd_wheel_W12,12,22,4194207,0x3fff9f,20,3,3,3,3,True,True,False
odd_wheel,odd_wheel_W12,12,22,4194208,0x3fffa0,16,3,3,3,3,True,True,False
odd_wheel,odd_wheel_W12,12,22,4194213,0x3fffa5,18,3,3,3,3,True,True,False
odd_wheel,odd_wheel_W12,12,22,4194218,0x3fffaa,18,3,3,3,3,True,True,False
odd_wheel,odd_wheel_W12,12,22,4194225,0x3fffb1,18,3,3,3,3,True,True,False
odd_wheel,odd_wheel_W12,12,22,4194228,0x3fffb4,18,3,3,3,3,True,True,False
odd_wheel,odd_wheel_W12,12,22,4194235,0x3fffbb,20,3,3,3,3,True,True,False
odd_wheel,odd_wheel_W12,12,22,4194246,0x3fffc6,18,3,3,3,3,True,True,False
odd_wheel,odd_wheel_W12,12,22,4194255,0x3fffcf,20,3,3,3,3,True,True,False
odd_wheel,odd_wheel_W12,12,22,4194258,0x3fffd2,18,3,3,3,3,True,True,False
odd_wheel,odd_wheel_W12,12,22,4194264,0x3fffd8,18,3,3,3,3,True,True,False
odd_wheel,odd_wheel_W12,12,22,4194269,0x3fffdd,20,3,3,3,3,True,True,False
odd_wheel,odd_wheel_W12,12,22,4194279,0x3fffe7,20,3,3,3,3,True,True,False
odd_wheel,odd_wheel_W12,12,22,4194286,0x3fffee,20,3,3,3,3,True,True,False
odd_wheel,odd_wheel_W12,12,22,4194291,0x3ffff3,20,3,3,3,3,True,True,False
odd_wheel,odd_wheel_W12,12,22,4194297,0x3ffff9,20,3,3,3,3,True,True,False
odd_wheel,odd_wheel_W12,12,22,4194300,0x3ffffc,20,3,3,3,3,True,True,False
odd_wheel,odd_wheel_W14,14,26,0,0x0,0,14,14,26,4,False,False,True
odd_wheel,odd_wheel_W14,14,26,67100679,0x3ffe007,16,3,3,3,3,True,True,False
odd_wheel,odd_wheel_W14,14,26,67100686,0x3ffe00e,16,3,3,3,3,True,True,False
odd_wheel,odd_wheel_W14,14,26,67100691,0x3ffe013,16,3,3,3,3,True,True,False
odd_wheel,odd_wheel_W14,14,26,67100697,0x3ffe019,16,3,3,3,3,True,True,False
odd_wheel,odd_wheel_W14,14,26,67100700,0x3ffe01c,16,3,3,3,3,True,True,False
odd_wheel,odd_wheel_W14,14,26,67100710,0x3ffe026,16,3,3,3,3,True,True,False
odd_wheel,odd_wheel_W14,14,26,67100719,0x3ffe02f,18,3,3,3,3,True,True,False
odd_wheel,odd_wheel_W14,14,26,67100722,0x3ffe032,16,3,3,3,3,True,True,False
odd_wheel,odd_wheel_W14,14,26,67100728,0x3ffe038,16,3,3,3,3,True,True,False
odd_wheel,odd_wheel_W14,14,26,67100733,0x3ffe03d,18,3,3,3,3,True,True,False
odd_wheel,odd_wheel_W14,14,26,67100739,0x3ffe043,16,3,3,3,3,True,True,False
odd_wheel,odd_wheel_W14,14,26,67100745,0x3ffe049,16,3,3,3,3,True,True,False
odd_wheel,odd_wheel_W14,14,26,67100748,0x3ffe04c,16,3,3,3,3,True,True,False
odd_wheel,odd_wheel_W14,14,26,67100759,0x3ffe057,18,3,3,3,3,True,True,False
odd_wheel,odd_wheel_W14,14,26,67100766,0x3ffe05e,18,3,3,3,3,True,True,False
odd_wheel,odd_wheel_W14,14,26,67100769,0x3ffe061,16,3,3,3,3,True,True,False
odd_wheel,odd_wheel_W14,14,26,67100772,0x3ffe064,16,3,3,3,3,True,True,False
odd_wheel,odd_wheel_W14,14,26,67100779,0x3ffe06b,18,3,3,3,3,True,True,False
odd_wheel,odd_wheel_W14,14,26,67100784,0x3ffe070,16,3,3,3,3,True,True,False
odd_wheel,odd_wheel_W14,14,26,67100789,0x3ffe075,18,3,3,3,3,True,True,False
odd_wheel,odd_wheel_W14,14,26,67100794,0x3ffe07a,18,3,3,3,3,True,True,False
odd_wheel,odd_wheel_W14,14,26,67100806,0x3ffe086,16,3,3,3,3,True,True,False
odd_wheel,odd_wheel_W14,14,26,67100815,0x3ffe08f,18,3,3,3,3,True,True,False
odd_wheel,odd_wheel_W14,14,26,67100818,0x3ffe092,16,3,3,3,3,True,True,False
odd_wheel,odd_wheel_W14,14,26,67100824,0x3ffe098,16,3,3,3,3,True,True,False
odd_wheel,odd_wheel_W14,14,26,67100829,0x3ffe09d,18,3,3,3,3,True,True,False
odd_wheel,odd_wheel_W14,14,26,67100839,0x3ffe0a7,18,3,3,3,3,True,True,False
odd_wheel,odd_wheel_W14,14,26,67100846,0x3ffe0ae,18,3,3,3,3,True,True,False
odd_wheel,odd_wheel_W14,14,26,67100851,0x3ffe0b3,18,3,3,3,3,True,True,False
odd_wheel,odd_wheel_W14,14,26,67100857,0x3ffe0b9,18,3,3,3,3,True,True,False
odd_wheel,odd_wheel_W14,14,26,67100860,0x3ffe0bc,18,3,3,3,3,True,True,False
odd_wheel,odd_wheel_W14,14,26,67100866,0x3ffe0c2,16,3,3,3,3,True,True,False
odd_wheel,odd_wheel_W14,14,26,67100872,0x3ffe0c8,16,3,3,3,3,True,True,False
odd_wheel,odd_wheel_W14,14,26,67100877,0x3ffe0cd,18,3,3,3,3,True,True,False
odd_wheel,odd_wheel_W14,14,26,67100886,0x3ffe0d6,18,3,3,3,3,True,True,False
odd_wheel,odd_wheel_W14,14,26,67100895,0x3ffe0df,20,3,3,3,3,True,True,False
odd_wheel,odd_wheel_W14,14,26,67100896,0x3ffe0e0,16,3,3,3,3,True,True,False
odd_wheel,odd_wheel_W14,14,26,67100901,0x3ffe0e5,18,3,3,3,3,True,True,False
odd_wheel,odd_wheel_W14,14,26,67100906,0x3ffe0ea,18,3,3,3,3,True,True,False
odd_wheel,odd_wheel_W14,14,26,67100913,0x3ffe0f1,18,3,3,3,3,True,True,False
odd_wheel,odd_wheel_W14,14,26,67100916,0x3ffe0f4,18,3,3,3,3,True,True,False
odd_wheel,odd_wheel_W14,14,26,67100923,0x3ffe0fb,20,3,3,3,3,True,True,False
odd_wheel,odd_wheel_W14,14,26,67100931,0x3ffe103,16,3,3,3,3,True,True,False
odd_wheel,odd_wheel_W14,14,26,67100937,0x3ffe109,16,3,3,3,3,True,True,False
odd_wheel,odd_wheel_W14,14,26,67100940,0x3ffe10c,16,3,3,3,3,True,True,False
odd_wheel,odd_wheel_W14,14,26,67100951,0x3ffe117,18,3,3,3,3,True,True,False
odd_wheel,odd_wheel_W14,14,26,67100958,0x3ffe11e,18,3,3,3,3,True,True,False
odd_wheel,odd_wheel_W14,14,26,67100961,0x3ffe121,16,3,3,3,3,True,True,False
odd_wheel,odd_wheel_W14,14,26,67100964,0x3ffe124,16,3,3,3,3,True,True,False
odd_wheel,odd_wheel_W14,14,26,67100971,0x3ffe12b,18,3,3,3,3,True,True,False
odd_wheel,odd_wheel_W14,14,26,67100976,0x3ffe130,16,3,3,3,3,True,True,False
odd_wheel,odd_wheel_W14,14,26,67100981,0x3ffe135,18,3,3,3,3,True,True,False
odd_wheel,odd_wheel_W14,14,26,67100986,0x3ffe13a,18,3,3,3,3,True,True,False
odd_wheel,odd_wheel_W14,14,26,67100999,0x3ffe147,18,3,3,3,3,True,True,False
odd_wheel,odd_wheel_W14,14,26,67101006,0x3ffe14e,18,3,3,3,3,True,True,False
odd_wheel,odd_wheel_W14,14,26,67101011,0x3ffe153,18,3,3,3,3,True,True,False
odd_wheel,odd_wheel_W14,14,26,67101017,0x3ffe159,18,3,3,3,3,True,True,False
odd_wheel,odd_wheel_W14,14,26,67101020,0x3ffe15c,18,3,3,3,3,True,True,False
odd_wheel,odd_wheel_W14,14,26,67101030,0x3ffe166,18,3,3,3,3,True,True,False
odd_wheel,odd_wheel_W14,14,26,67101039,0x3ffe16f,20,3,3,3,3,True,True,False
odd_wheel,odd_wheel_W14,14,26,67101042,0x3ffe172,18,3,3,3,3,True,True,False
odd_wheel,odd_wheel_W14,14,26,67101048,0x3ffe178,18,3,3,3,3,True,True,False
odd_wheel,odd_wheel_W14,14,26,67101053,0x3ffe17d,20,3,3,3,3,True,True,False
odd_wheel,odd_wheel_W14,14,26,67101057,0x3ffe181,16,3,3,3,3,True,True,False
odd_wheel,odd_wheel_W14,14,26,67101060,0x3ffe184,16,3,3,3,3,True,True,False
odd_wheel,odd_wheel_W14,14,26,67101067,0x3ffe18b,18,3,3,3,3,True,True,False
odd_wheel,odd_wheel_W14,14,26,67101072,0x3ffe190,16,3,3,3,3,True,True,False
odd_wheel,odd_wheel_W14,14,26,67101077,0x3ffe195,18,3,3,3,3,True,True,False
odd_wheel,odd_wheel_W14,14,26,67101082,0x3ffe19a,18,3,3,3,3,True,True,False
odd_wheel,odd_wheel_W14,14,26,67101091,0x3ffe1a3,18,3,3,3,3,True,True,False
odd_wheel,odd_wheel_W14,14,26,67101097,0x3ffe1a9,18,3,3,3,3,True,True,False
odd_wheel,odd_wheel_W14,14,26,67101100,0x3ffe1ac,18,3,3,3,3,True,True,False
odd_wheel,odd_wheel_W14,14,26,67101111,0x3ffe1b7,20,3,3,3,3,True,True,False
odd_wheel,odd_wheel_W14,14,26,67101118,0x3ffe1be,20,3,3,3,3,True,True,False
odd_wheel,odd_wheel_W14,14,26,67101120,0x3ffe1c0,16,3,3,3,3,True,True,False
odd_wheel,odd_wheel_W14,14,26,67101125,0x3ffe1c5,18,3,3,3,3,True,True,False
odd_wheel,odd_wheel_W14,14,26,67101130,0x3ffe1ca,18,3,3,3,3,True,True,False
odd_wheel,odd_wheel_W14,14,26,67101137,0x3ffe1d1,18,3,3,3,3,True,True,False
odd_wheel,odd_wheel_W14,14,26,67101140,0x3ffe1d4,18,3,3,3,3,True,True,False
odd_wheel,odd_wheel_W14,14,26,67101147,0x3ffe1db,20,3,3,3,3,True,True,False
odd_wheel,odd_wheel_W14,14,26,67101154,0x3ffe1e2,18,3,3,3,3,True,True,False
odd_wheel,odd_wheel_W14,14,26,67101160,0x3ffe1e8,18,3,3,3,3,True,True,False
odd_wheel,odd_wheel_W14,14,26,67101165,0x3ffe1ed,20,3,3,3,3,True,True,False
odd_wheel,odd_wheel_W14,14,26,67101174,0x3ffe1f6,20,3,3,3,3,True,True,False
odd_wheel,odd_wheel_W14,14,26,67101183,0x3ffe1ff,22,3,3,3,3,True,True,False
odd_wheel,odd_wheel_W14,14,26,67101190,0x3ffe206,16,3,3,3,3,True,True,False
odd_wheel,odd_wheel_W14,14,26,67101199,0x3ffe20f,18,3,3,3,3,True,True,False
odd_wheel,odd_wheel_W14,14,26,67101202,0x3ffe212,16,3,3,3,3,True,True,False
odd_wheel,odd_wheel_W14,14,26,67101208,0x3ffe218,16,3,3,3,3,True,True,False
odd_wheel,odd_wheel_W14,14,26,67101213,0x3ffe21d,18,3,3,3,3,True,True,False
odd_wheel,odd_wheel_W14,14,26,67101223,0x3ffe227,18,3,3,3,3,True,True,False
odd_wheel,odd_wheel_W14,14,26,67101230,0x3ffe22e,18,3,3,3,3,True,True,False
odd_wheel,odd_wheel_W14,14,26,67101235,0x3ffe233,18,3,3,3,3,True,True,False
odd_wheel,odd_wheel_W14,14,26,67101241,0x3ffe239,18,3,3,3,3,True,True,False
odd_wheel,odd_wheel_W14,14,26,67101244,0x3ffe23c,18,3,3,3,3,True,True,False
odd_wheel,odd_wheel_W14,14,26,67101250,0x3ffe242,16,3,3,3,3,True,True,False
odd_wheel,odd_wheel_W14,14,26,67101256,0x3ffe248,16,3,3,3,3,True,True,False
odd_wheel,odd_wheel_W14,14,26,67101261,0x3ffe24d,18,3,3,3,3,True,True,False
odd_wheel,odd_wheel_W14,14,26,67101270,0x3ffe256,18,3,3,3,3,True,True,False
odd_wheel,odd_wheel_W14,14,26,67101279,0x3ffe25f,20,3,3,3,3,True,True,False
odd_wheel,odd_wheel_W14,14,26,67101280,0x3ffe260,16,3,3,3,3,True,True,False
odd_wheel,odd_wheel_W14,14,26,67101285,0x3ffe265,18,3,3,3,3,True,True,False
odd_wheel,odd_wheel_W14,14,26,67101290,0x3ffe26a,18,3,3,3,3,True,True,False
odd_wheel,odd_wheel_W14,14,26,67101297,0x3ffe271,18,3,3,3,3,True,True,False
odd_wheel,odd_wheel_W14,14,26,67101300,0x3ffe274,18,3,3,3,3,True,True,False
odd_wheel,odd_wheel_W14,14,26,67101307,0x3ffe27b,20,3,3,3,3,True,True,False
odd_wheel,odd_wheel_W14,14,26,67101319,0x3ffe287,18,3,3,3,3,True,True,False
odd_wheel,odd_wheel_W14,14,26,67101326,0x3ffe28e,18,3,3,3,3,True,True,False
odd_wheel,odd_wheel_W14,14,26,67101331,0x3ffe293,18,3,3,3,3,True,True,False
odd_wheel,odd_wheel_W14,14,26,67101337,0x3ffe299,18,3,3,3,3,True,True,False
odd_wheel,odd_wheel_W14,14,26,67101340,0x3ffe29c,18,3,3,3,3,True,True,False
odd_wheel,odd_wheel_W14,14,26,67101350,0x3ffe2a6,18,3,3,3,3,True,True,False
odd_wheel,odd_wheel_W14,14,26,67101359,0x3ffe2af,20,3,3,3,3,True,True,False
odd_wheel,odd_wheel_W14,14,26,67101362,0x3ffe2b2,18,3,3,3,3,True,True,False
odd_wheel,odd_wheel_W14,14,26,67101368,0x3ffe2b8,18,3,3,3,3,True,True,False
odd_wheel,odd_wheel_W14,14,26,67101373,0x3ffe2bd,20,3,3,3,3,True,True,False
odd_wheel,odd_wheel_W14,14,26,67101379,0x3ffe2c3,18,3,3,3,3,True,True,False
odd_wheel,odd_wheel_W14,14,26,67101385,0x3ffe2c9,18,3,3,3,3,True,True,False
odd_wheel,odd_wheel_W14,14,26,67101388,0x3ffe2cc,18,3,3,3,3,True,True,False
odd_wheel,odd_wheel_W14,14,26,67101399,0x3ffe2d7,20,3,3,3,3,True,True,False
odd_wheel,odd_wheel_W14,14,26,67101406,0x3ffe2de,20,3,3,3,3,True,True,False
odd_wheel,odd_wheel_W14,14,26,67101409,0x3ffe2e1,18,3,3,3,3,True,True,False
odd_wheel,odd_wheel_W14,14,26,67101412,0x3ffe2e4,18,3,3,3,3,True,True,False
odd_wheel,odd_wheel_W14,14,26,67101419,0x3ffe2eb,20,3,3,3,3,True,True,False
odd_wheel,odd_wheel_W14,14,26,67101424,0x3ffe2f0,18,3,3,3,3,True,True,False
odd_wheel,odd_wheel_W14,14,26,67101429,0x3ffe2f5,20,3,3,3,3,True,True,False
odd_wheel,odd_wheel_W14,14,26,67101434,0x3ffe2fa,20,3,3,3,3,True,True,False
odd_wheel,odd_wheel_W14,14,26,67101442,0x3ffe302,16,3,3,3,3,True,True,False
odd_wheel,odd_wheel_W14,14,26,67101448,0x3ffe308,16,3,3,3,3,True,True,False
odd_wheel,odd_wheel_W14,14,26,67101453,0x3ffe30d,18,3,3,3,3,True,True,False
odd_wheel,odd_wheel_W14,14,26,67101462,0x3ffe316,18,3,3,3,3,True,True,False
odd_wheel,odd_wheel_W14,14,26,67101471,0x3ffe31f,20,3,3,3,3,True,True,False
odd_wheel,odd_wheel_W14,14,26,67101472,0x3ffe320,16,3,3,3,3,True,True,False
odd_wheel,odd_wheel_W14,14,26,67101477,0x3ffe325,18,3,3,3,3,True,True,False
odd_wheel,odd_wheel_W14,14,26,67101482,0x3ffe32a,18,3,3,3,3,True,True,False
odd_wheel,odd_wheel_W14,14,26,67101489,0x3ffe331,18,3,3,3,3,True,True,False
odd_wheel,odd_wheel_W14,14,26,67101492,0x3ffe334,18,3,3,3,3,True,True,False
odd_wheel,odd_wheel_W14,14,26,67101499,0x3ffe33b,20,3,3,3,3,True,True,False
odd_wheel,odd_wheel_W14,14,26,67101510,0x3ffe346,18,3,3,3,3,True,True,False
odd_wheel,odd_wheel_W14,14,26,67101519,0x3ffe34f,20,3,3,3,3,True,True,False
odd_wheel,odd_wheel_W14,14,26,67101522,0x3ffe352,18,3,3,3,3,True,True,False
odd_wheel,odd_wheel_W14,14,26,67101528,0x3ffe358,18,3,3,3,3,True,True,False
odd_wheel,odd_wheel_W14,14,26,67101533,0x3ffe35d,20,3,3,3,3,True,True,False
odd_wheel,odd_wheel_W14,14,26,67101543,0x3ffe367,20,3,3,3,3,True,True,False
odd_wheel,odd_wheel_W14,14,26,67101550,0x3ffe36e,20,3,3,3,3,True,True,False
odd_wheel,odd_wheel_W14,14,26,67101555,0x3ffe373,20,3,3,3,3,True,True,False
odd_wheel,odd_wheel_W14,14,26,67101561,0x3ffe379,20,3,3,3,3,True,True,False
odd_wheel,odd_wheel_W14,14,26,67101564,0x3ffe37c,20,3,3,3,3,True,True,False
odd_wheel,odd_wheel_W14,14,26,67101568,0x3ffe380,16,3,3,3,3,True,True,False
odd_wheel,odd_wheel_W14,14,26,67101573,0x3ffe385,18,3,3,3,3,True,True,False
odd_wheel,odd_wheel_W14,14,26,67101578,0x3ffe38a,18,3,3,3,3,True,True,False
odd_wheel,odd_wheel_W14,14,26,67101585,0x3ffe391,18,3,3,3,3,True,True,False
odd_wheel,odd_wheel_W14,14,26,67101588,0x3ffe394,18,3,3,3,3,True,True,False
odd_wheel,odd_wheel_W14,14,26,67101595,0x3ffe39b,20,3,3,3,3,True,True,False
odd_wheel,odd_wheel_W14,14,26,67101602,0x3ffe3a2,18,3,3,3,3,True,True,False
odd_wheel,odd_wheel_W14,14,26,67101608,0x3ffe3a8,18,3,3,3,3,True,True,False
odd_wheel,odd_wheel_W14,14,26,67101613,0x3ffe3ad,20,3,3,3,3,True,True,False
odd_wheel,odd_wheel_W14,14,26,67101622,0x3ffe3b6,20,3,3,3,3,True,True,False
odd_wheel,odd_wheel_W14,14,26,67101631,0x3ffe3bf,22,3,3,3,3,True,True,False
odd_wheel,odd_wheel_W14,14,26,67101633,0x3ffe3c1,18,3,3,3,3,True,True,False
odd_wheel,odd_wheel_W14,14,26,67101636,0x3ffe3c4,18,3,3,3,3,True,True,False
odd_wheel,odd_wheel_W14,14,26,67101643,0x3ffe3cb,20,3,3,3,3,True,True,False
odd_wheel,odd_wheel_W14,14,26,67101648,0x3ffe3d0,18,3,3,3,3,True,True,False
odd_wheel,odd_wheel_W14,14,26,67101653,0x3ffe3d5,20,3,3,3,3,True,True,False
odd_wheel,odd_wheel_W14,14,26,67101658,0x3ffe3da,20,3,3,3,3,True,True,False
odd_wheel,odd_wheel_W14,14,26,67101667,0x3ffe3e3,20,3,3,3,3,True,True,False
odd_wheel,odd_wheel_W14,14,26,67101673,0x3ffe3e9,20,3,3,3,3,True,True,False
odd_wheel,odd_wheel_W14,14,26,67101676,0x3ffe3ec,20,3,3,3,3,True,True,False
odd_wheel,odd_wheel_W14,14,26,67101687,0x3ffe3f7,22,3,3,3,3,True,True,False
odd_wheel,odd_wheel_W14,14,26,67101694,0x3ffe3fe,22,3,3,3,3,True,True,False
odd_wheel,odd_wheel_W14,14,26,67101699,0x3ffe403,16,3,3,3,3,True,True,False
odd_wheel,odd_wheel_W14,14,26,67101705,0x3ffe409,16,3,3,3,3,True,True,False
odd_wheel,odd_wheel_W14,14,26,67101708,0x3ffe40c,16,3,3,3,3,True,True,False
odd_wheel,odd_wheel_W14,14,26,67101719,0x3ffe417,18,3,3,3,3,True,True,False
odd_wheel,odd_wheel_W14,14,26,67101726,0x3ffe41e,18,3,3,3,3,True,True,False
odd_wheel,odd_wheel_W14,14,26,67101729,0x3ffe421,16,3,3,3,3,True,True,False
odd_wheel,odd_wheel_W14,14,26,67101732,0x3ffe424,16,3,3,3,3,True,True,False
odd_wheel,odd_wheel_W14,14,26,67101739,0x3ffe42b,18,3,3,3,3,True,True,False
odd_wheel,odd_wheel_W14,14,26,67101744,0x3ffe430,16,3,3,3,3,True,True,False
odd_wheel,odd_wheel_W14,14,26,67101749,0x3ffe435,18,3,3,3,3,True,True,False
odd_wheel,odd_wheel_W14,14,26,67101754,0x3ffe43a,18,3,3,3,3,True,True,False
odd_wheel,odd_wheel_W14,14,26,67101767,0x3ffe447,18,3,3,3,3,True,True,False
odd_wheel,odd_wheel_W14,14,26,67101774,0x3ffe44e,18,3,3,3,3,True,True,False
odd_wheel,odd_wheel_W14,14,26,67101779,0x3ffe453,18,3,3,3,3,True,True,False
odd_wheel,odd_wheel_W14,14,26,67101785,0x3ffe459,18,3,3,3,3,True,True,False
odd_wheel,odd_wheel_W14,14,26,67101788,0x3ffe45c,18,3,3,3,3,True,True,False
odd_wheel,odd_wheel_W14,14,26,67101798,0x3ffe466,18,3,3,3,3,True,True,False
odd_wheel,odd_wheel_W14,14,26,67101807,0x3ffe46f,20,3,3,3,3,True,True,False
odd_wheel,odd_wheel_W14,14,26,67101810,0x3ffe472,18,3,3,3,3,True,True,False
odd_wheel,odd_wheel_W14,14,26,67101816,0x3ffe478,18,3,3,3,3,True,True,False
odd_wheel,odd_wheel_W14,14,26,67101821,0x3ffe47d,20,3,3,3,3,True,True,False
odd_wheel,odd_wheel_W14,14,26,67101825,0x3ffe481,16,3,3,3,3,True,True,False
odd_wheel,odd_wheel_W14,14,26,67101828,0x3ffe484,16,3,3,3,3,True,True,False
odd_wheel,odd_wheel_W14,14,26,67101835,0x3ffe48b,18,3,3,3,3,True,True,False
odd_wheel,odd_wheel_W14,14,26,67101840,0x3ffe490,16,3,3,3,3,True,True,False
odd_wheel,odd_wheel_W14,14,26,67101845,0x3ffe495,18,3,3,3,3,True,True,False
odd_wheel,odd_wheel_W14,14,26,67101850,0x3ffe49a,18,3,3,3,3,True,True,False
odd_wheel,odd_wheel_W14,14,26,67101859,0x3ffe4a3,18,3,3,3,3,True,True,False
odd_wheel,odd_wheel_W14,14,26,67101865,0x3ffe4a9,18,3,3,3,3,True,True,False
odd_wheel,odd_wheel_W14,14,26,67101868,0x3ffe4ac,18,3,3,3,3,True,True,False
odd_wheel,odd_wheel_W14,14,26,67101879,0x3ffe4b7,20,3,3,3,3,True,True,False
odd_wheel,odd_wheel_W14,14,26,67101886,0x3ffe4be,20,3,3,3,3,True,True,False
odd_wheel,odd_wheel_W14,14,26,67101888,0x3ffe4c0,16,3,3,3,3,True,True,False
odd_wheel,odd_wheel_W14,14,26,67101893,0x3ffe4c5,18,3,3,3,3,True,True,False
odd_wheel,odd_wheel_W14,14,26,67101898,0x3ffe4ca,18,3,3,3,3,True,True,False
odd_wheel,odd_wheel_W14,14,26,67101905,0x3ffe4d1,18,3,3,3,3,True,True,False
odd_wheel,odd_wheel_W14,14,26,67101908,0x3ffe4d4,18,3,3,3,3,True,True,False
odd_wheel,odd_wheel_W14,14,26,67101915,0x3ffe4db,20,3,3,3,3,True,True,False
odd_wheel,odd_wheel_W14,14,26,67101922,0x3ffe4e2,18,3,3,3,3,True,True,False
odd_wheel,odd_wheel_W14,14,26,67101928,0x3ffe4e8,18,3,3,3,3,True,True,False
odd_wheel,odd_wheel_W14,14,26,67101933,0x3ffe4ed,20,3,3,3,3,True,True,False
odd_wheel,odd_wheel_W14,14,26,67101942,0x3ffe4f6,20,3,3,3,3,True,True,False
odd_wheel,odd_wheel_W14,14,26,67101951,0x3ffe4ff,22,3,3,3,3,True,True,False
odd_wheel,odd_wheel_W14,14,26,67101959,0x3ffe507,18,3,3,3,3,True,True,False
odd_wheel,odd_wheel_W14,14,26,67101966,0x3ffe50e,18,3,3,3,3,True,True,False
odd_wheel,odd_wheel_W14,14,26,67101971,0x3ffe513,18,3,3,3,3,True,True,False
odd_wheel,odd_wheel_W14,14,26,67101977,0x3ffe519,18,3,3,3,3,True,True,False
odd_wheel,odd_wheel_W14,14,26,67101980,0x3ffe51c,18,3,3,3,3,True,True,False
odd_wheel,odd_wheel_W14,14,26,67101990,0x3ffe526,18,3,3,3,3,True,True,False
odd_wheel,odd_wheel_W14,14,26,67101999,0x3ffe52f,20,3,3,3,3,True,True,False
odd_wheel,odd_wheel_W14,14,26,67102002,0x3ffe532,18,3,3,3,3,True,True,False
odd_wheel,odd_wheel_W14,14,26,67102008,0x3ffe538,18,3,3,3,3,True,True,False
odd_wheel,odd_wheel_W14,14,26,67102013,0x3ffe53d,20,3,3,3,3,True,True,False
odd_wheel,odd_wheel_W14,14,26,67102019,0x3ffe543,18,3,3,3,3,True,True,False
odd_wheel,odd_wheel_W14,14,26,67102025,0x3ffe549,18,3,3,3,3,True,True,False
odd_wheel,odd_wheel_W14,14,26,67102028,0x3ffe54c,18,3,3,3,3,True,True,False
odd_wheel,odd_wheel_W14,14,26,67102039,0x3ffe557,20,3,3,3,3,True,True,False
odd_wheel,odd_wheel_W14,14,26,67102046,0x3ffe55e,20,3,3,3,3,True,True,False
odd_wheel,odd_wheel_W14,14,26,67102049,0x3ffe561,18,3,3,3,3,True,True,False
odd_wheel,odd_wheel_W14,14,26,67102052,0x3ffe564,18,3,3,3,3,True,True,False
odd_wheel,odd_wheel_W14,14,26,67102059,0x3ffe56b,20,3,3,3,3,True,True,False
odd_wheel,odd_wheel_W14,14,26,67102064,0x3ffe570,18,3,3,3,3,True,True,False
odd_wheel,odd_wheel_W14,14,26,67102069,0x3ffe575,20,3,3,3,3,True,True,False
odd_wheel,odd_wheel_W14,14,26,67102074,0x3ffe57a,20,3,3,3,3,True,True,False
odd_wheel,odd_wheel_W14,14,26,67102086,0x3ffe586,18,3,3,3,3,True,True,False
odd_wheel,odd_wheel_W14,14,26,67102095,0x3ffe58f,20,3,3,3,3,True,True,False
odd_wheel,odd_wheel_W14,14,26,67102098,0x3ffe592,18,3,3,3,3,True,True,False
odd_wheel,odd_wheel_W14,14,26,67102104,0x3ffe598,18,3,3,3,3,True,True,False
odd_wheel,odd_wheel_W14,14,26,67102109,0x3ffe59d,20,3,3,3,3,True,True,False
odd_wheel,odd_wheel_W14,14,26,67102119,0x3ffe5a7,20,3,3,3,3,True,True,False
odd_wheel,odd_wheel_W14,14,26,67102126,0x3ffe5ae,20,3,3,3,3,True,True,False
odd_wheel,odd_wheel_W14,14,26,67102131,0x3ffe5b3,20,3,3,3,3,True,True,False
odd_wheel,odd_wheel_W14,14,26,67102137,0x3ffe5b9,20,3,3,3,3,True,True,False
odd_wheel,odd_wheel_W14,14,26,67102140,0x3ffe5bc,20,3,3,3,3,True,True,False
odd_wheel,odd_wheel_W14,14,26,67102146,0x3ffe5c2,18,3,3,3,3,True,True,False
odd_wheel,odd_wheel_W14,14,26,67102152,0x3ffe5c8,18,3,3,3,3,True,True,False
odd_wheel,odd_wheel_W14,14,26,67102157,0x3ffe5cd,20,3,3,3,3,True,True,False
odd_wheel,odd_wheel_W14,14,26,67102166,0x3ffe5d6,20,3,3,3,3,True,True,False
odd_wheel,odd_wheel_W14,14,26,67102175,0x3ffe5df,22,3,3,3,3,True,True,False
odd_wheel,odd_wheel_W14,14,26,67102176,0x3ffe5e0,18,3,3,3,3,True,True,False
odd_wheel,odd_wheel_W14,14,26,67102181,0x3ffe5e5,20,3,3,3,3,True,True,False
odd_wheel,odd_wheel_W14,14,26,67102186,0x3ffe5ea,20,3,3,3,3,True,True,False
odd_wheel,odd_wheel_W14,14,26,67102193,0x3ffe5f1,20,3,3,3,3,True,True,False
odd_wheel,odd_wheel_W14,14,26,67102196,0x3ffe5f4,20,3,3,3,3,True,True,False
odd_wheel,odd_wheel_W14,14,26,67102203,0x3ffe5fb,22,3,3,3,3,True,True,False
odd_wheel,odd_wheel_W14,14,26,67102209,0x3ffe601,16,3,3,3,3,True,True,False
odd_wheel,odd_wheel_W14,14,26,67102212,0x3ffe604,16,3,3,3,3,True,True,False
odd_wheel,odd_wheel_W14,14,26,67102219,0x3ffe60b,18,3,3,3,3,True,True,False
odd_wheel,odd_wheel_W14,14,26,67102224,0x3ffe610,16,3,3,3,3,True,True,False
odd_wheel,odd_wheel_W14,14,26,67102229,0x3ffe615,18,3,3,3,3,True,True,False
odd_wheel,odd_wheel_W14,14,26,67102234,0x3ffe61a,18,3,3,3,3,True,True,False
odd_wheel,odd_wheel_W14,14,26,67102243,0x3ffe623,18,3,3,3,3,True,True,False
odd_wheel,odd_wheel_W14,14,26,67102249,0x3ffe629,18,3,3,3,3,True,True,False
odd_wheel,odd_wheel_W14,14,26,67102252,0x3ffe62c,18,3,3,3,3,True,True,False
odd_wheel,odd_wheel_W14,14,26,67102263,0x3ffe637,20,3,3,3,3,True,True,False
odd_wheel,odd_wheel_W14,14,26,67102270,0x3ffe63e,20,3,3,3,3,True,True,False
odd_wheel,odd_wheel_W14,14,26,67102272,0x3ffe640,16,3,3,3,3,True,True,False
odd_wheel,odd_wheel_W14,14,26,67102277,0x3ffe645,18,3,3,3,3,True,True,False
odd_wheel,odd_wheel_W14,14,26,67102282,0x3ffe64a,18,3,3,3,3,True,True,False
odd_wheel,odd_wheel_W14,14,26,67102289,0x3ffe651,18,3,3,3,3,True,True,False
odd_wheel,odd_wheel_W14,14,26,67102292,0x3ffe654,18,3,3,3,3,True,True,False
odd_wheel,odd_wheel_W14,14,26,67102299,0x3ffe65b,20,3,3,3,3,True,True,False
odd_wheel,odd_wheel_W14,14,26,67102306,0x3ffe662,18,3,3,3,3,True,True,False
odd_wheel,odd_wheel_W14,14,26,67102312,0x3ffe668,18,3,3,3,3,True,True,False
odd_wheel,odd_wheel_W14,14,26,67102317,0x3ffe66d,20,3,3,3,3,True,True,False
odd_wheel,odd_wheel_W14,14,26,67102326,0x3ffe676,20,3,3,3,3,True,True,False
odd_wheel,odd_wheel_W14,14,26,67102335,0x3ffe67f,22,3,3,3,3,True,True,False
odd_wheel,odd_wheel_W14,14,26,67102339,0x3ffe683,18,3,3,3,3,True,True,False
odd_wheel,odd_wheel_W14,14,26,67102345,0x3ffe689,18,3,3,3,3,True,True,False
odd_wheel,odd_wheel_W14,14,26,67102348,0x3ffe68c,18,3,3,3,3,True,True,False
odd_wheel,odd_wheel_W14,14,26,67102359,0x3ffe697,20,3,3,3,3,True,True,False
odd_wheel,odd_wheel_W14,14,26,67102366,0x3ffe69e,20,3,3,3,3,True,True,False
odd_wheel,odd_wheel_W14,14,26,67102369,0x3ffe6a1,18,3,3,3,3,True,True,False
odd_wheel,odd_wheel_W14,14,26,67102372,0x3ffe6a4,18,3,3,3,3,True,True,False
odd_wheel,odd_wheel_W14,14,26,67102379,0x3ffe6ab,20,3,3,3,3,True,True,False
odd_wheel,odd_wheel_W14,14,26,67102384,0x3ffe6b0,18,3,3,3,3,True,True,False
odd_wheel,odd_wheel_W14,14,26,67102389,0x3ffe6b5,20,3,3,3,3,True,True,False
odd_wheel,odd_wheel_W14,14,26,67102394,0x3ffe6ba,20,3,3,3,3,True,True,False
odd_wheel,odd_wheel_W14,14,26,67102407,0x3ffe6c7,20,3,3,3,3,True,True,False
odd_wheel,odd_wheel_W14,14,26,67102414,0x3ffe6ce,20,3,3,3,3,True,True,False
odd_wheel,odd_wheel_W14,14,26,67102419,0x3ffe6d3,20,3,3,3,3,True,True,False
odd_wheel,odd_wheel_W14,14,26,67102425,0x3ffe6d9,20,3,3,3,3,True,True,False
odd_wheel,odd_wheel_W14,14,26,67102428,0x3ffe6dc,20,3,3,3,3,True,True,False
odd_wheel,odd_wheel_W14,14,26,67102438,0x3ffe6e6,20,3,3,3,3,True,True,False
odd_wheel,odd_wheel_W14,14,26,67102447,0x3ffe6ef,22,3,3,3,3,True,True,False
odd_wheel,odd_wheel_W14,14,26,67102450,0x3ffe6f2,20,3,3,3,3,True,True,False
odd_wheel,odd_wheel_W14,14,26,67102456,0x3ffe6f8,20,3,3,3,3,True,True,False
odd_wheel,odd_wheel_W14,14,26,67102461,0x3ffe6fd,22,3,3,3,3,True,True,False
odd_wheel,odd_wheel_W14,14,26,67102464,0x3ffe700,16,3,3,3,3,True,True,False
odd_wheel,odd_wheel_W14,14,26,67102469,0x3ffe705,18,3,3,3,3,True,True,False
odd_wheel,odd_wheel_W14,14,26,67102474,0x3ffe70a,18,3,3,3,3,True,True,False
odd_wheel,odd_wheel_W14,14,26,67102481,0x3ffe711,18,3,3,3,3,True,True,False
odd_wheel,odd_wheel_W14,14,26,67102484,0x3ffe714,18,3,3,3,3,True,True,False
odd_wheel,odd_wheel_W14,14,26,67102491,0x3ffe71b,20,3,3,3,3,True,True,False
odd_wheel,odd_wheel_W14,14,26,67102498,0x3ffe722,18,3,3,3,3,True,True,False
odd_wheel,odd_wheel_W14,14,26,67102504,0x3ffe728,18,3,3,3,3,True,True,False
odd_wheel,odd_wheel_W14,14,26,67102509,0x3ffe72d,20,3,3,3,3,True,True,False
odd_wheel,odd_wheel_W14,14,26,67102518,0x3ffe736,20,3,3,3,3,True,True,False
odd_wheel,odd_wheel_W14,14,26,67102527,0x3ffe73f,22,3,3,3,3,True,True,False
odd_wheel,odd_wheel_W14,14,26,67102529,0x3ffe741,18,3,3,3,3,True,True,False
odd_wheel,odd_wheel_W14,14,26,67102532,0x3ffe744,18,3,3,3,3,True,True,False
odd_wheel,odd_wheel_W14,14,26,67102539,0x3ffe74b,20,3,3,3,3,True,True,False
odd_wheel,odd_wheel_W14,14,26,67102544,0x3ffe750,18,3,3,3,3,True,True,False
odd_wheel,odd_wheel_W14,14,26,67102549,0x3ffe755,20,3,3,3,3,True,True,False
odd_wheel,odd_wheel_W14,14,26,67102554,0x3ffe75a,20,3,3,3,3,True,True,False
odd_wheel,odd_wheel_W14,14,26,67102563,0x3ffe763,20,3,3,3,3,True,True,False
odd_wheel,odd_wheel_W14,14,26,67102569,0x3ffe769,20,3,3,3,3,True,True,False
odd_wheel,odd_wheel_W14,14,26,67102572,0x3ffe76c,20,3,3,3,3,True,True,False
odd_wheel,odd_wheel_W14,14,26,67102583,0x3ffe777,22,3,3,3,3,True,True,False
odd_wheel,odd_wheel_W14,14,26,67102590,0x3ffe77e,22,3,3,3,3,True,True,False
odd_wheel,odd_wheel_W14,14,26,67102594,0x3ffe782,18,3,3,3,3,True,True,False
odd_wheel,odd_wheel_W14,14,26,67102600,0x3ffe788,18,3,3,3,3,True,True,False
odd_wheel,odd_wheel_W14,14,26,67102605,0x3ffe78d,20,3,3,3,3,True,True,False
odd_wheel,odd_wheel_W14,14,26,67102614,0x3ffe796,20,3,3,3,3,True,True,False
odd_wheel,odd_wheel_W14,14,26,67102623,0x3ffe79f,22,3,3,3,3,True,True,False
odd_wheel,odd_wheel_W14,14,26,67102624,0x3ffe7a0,18,3,3,3,3,True,True,False
odd_wheel,odd_wheel_W14,14,26,67102629,0x3ffe7a5,20,3,3,3,3,True,True,False
odd_wheel,odd_wheel_W14,14,26,67102634,0x3ffe7aa,20,3,3,3,3,True,True,False
odd_wheel,odd_wheel_W14,14,26,67102641,0x3ffe7b1,20,3,3,3,3,True,True,False
odd_wheel,odd_wheel_W14,14,26,67102644,0x3ffe7b4,20,3,3,3,3,True,True,False
odd_wheel,odd_wheel_W14,14,26,67102651,0x3ffe7bb,22,3,3,3,3,True,True,False
odd_wheel,odd_wheel_W14,14,26,67102662,0x3ffe7c6,20,3,3,3,3,True,True,False
odd_wheel,odd_wheel_W14,14,26,67102671,0x3ffe7cf,22,3,3,3,3,True,True,False
odd_wheel,odd_wheel_W14,14,26,67102674,0x3ffe7d2,20,3,3,3,3,True,True,False
odd_wheel,odd_wheel_W14,14,26,67102680,0x3ffe7d8,20,3,3,3,3,True,True,False
odd_wheel,odd_wheel_W14,14,26,67102685,0x3ffe7dd,22,3,3,3,3,True,True,False
odd_wheel,odd_wheel_W14,14,26,67102695,0x3ffe7e7,22,3,3,3,3,True,True,False
odd_wheel,odd_wheel_W14,14,26,67102702,0x3ffe7ee,22,3,3,3,3,True,True,False
odd_wheel,odd_wheel_W14,14,26,67102707,0x3ffe7f3,22,3,3,3,3,True,True,False
odd_wheel,odd_wheel_W14,14,26,67102713,0x3ffe7f9,22,3,3,3,3,True,True,False
odd_wheel,odd_wheel_W14,14,26,67102716,0x3ffe7fc,22,3,3,3,3,True,True,False
odd_wheel,odd_wheel_W14,14,26,67102726,0x3ffe806,16,3,3,3,3,True,True,False
odd_wheel,odd_wheel_W14,14,26,67102735,0x3ffe80f,18,3,3,3,3,True,True,False
odd_wheel,odd_wheel_W14,14,26,67102738,0x3ffe812,16,3,3,3,3,True,True,False
odd_wheel,odd_wheel_W14,14,26,67102744,0x3ffe818,16,3,3,3,3,True,True,False
odd_wheel,odd_wheel_W14,14,26,67102749,0x3ffe81d,18,3,3,3,3,True,True,False
odd_wheel,odd_wheel_W14,14,26,67102759,0x3ffe827,18,3,3,3,3,True,True,False
odd_wheel,odd_wheel_W14,14,26,67102766,0x3ffe82e,18,3,3,3,3,True,True,False
odd_wheel,odd_wheel_W14,14,26,67102771,0x3ffe833,18,3,3,3,3,True,True,False
odd_wheel,odd_wheel_W14,14,26,67102777,0x3ffe839,18,3,3,3,3,True,True,False
odd_wheel,odd_wheel_W14,14,26,67102780,0x3ffe83c,18,3,3,3,3,True,True,False
odd_wheel,odd_wheel_W14,14,26,67102786,0x3ffe842,16,3,3,3,3,True,True,False
odd_wheel,odd_wheel_W14,14,26,67102792,0x3ffe848,16,3,3,3,3,True,True,False
odd_wheel,odd_wheel_W14,14,26,67102797,0x3ffe84d,18,3,3,3,3,True,True,False
odd_wheel,odd_wheel_W14,14,26,67102806,0x3ffe856,18,3,3,3,3,True,True,False
odd_wheel,odd_wheel_W14,14,26,67102815,0x3ffe85f,20,3,3,3,3,True,True,False
odd_wheel,odd_wheel_W14,14,26,67102816,0x3ffe860,16,3,3,3,3,True,True,False
odd_wheel,odd_wheel_W14,14,26,67102821,0x3ffe865,18,3,3,3,3,True,True,False
odd_wheel,odd_wheel_W14,14,26,67102826,0x3ffe86a,18,3,3,3,3,True,True,False
odd_wheel,odd_wheel_W14,14,26,67102833,0x3ffe871,18,3,3,3,3,True,True,False
odd_wheel,odd_wheel_W14,14,26,67102836,0x3ffe874,18,3,3,3,3,True,True,False
odd_wheel,odd_wheel_W14,14,26,67102843,0x3ffe87b,20,3,3,3,3,True,True,False
odd_wheel,odd_wheel_W14,14,26,67102855,0x3ffe887,18,3,3,3,3,True,True,False
odd_wheel,odd_wheel_W14,14,26,67102862,0x3ffe88e,18,3,3,3,3,True,True,False
odd_wheel,odd_wheel_W14,14,26,67102867,0x3ffe893,18,3,3,3,3,True,True,False
odd_wheel,odd_wheel_W14,14,26,67102873,0x3ffe899,18,3,3,3,3,True,True,False
odd_wheel,odd_wheel_W14,14,26,67102876,0x3ffe89c,18,3,3,3,3,True,True,False
odd_wheel,odd_wheel_W14,14,26,67102886,0x3ffe8a6,18,3,3,3,3,True,True,False
odd_wheel,odd_wheel_W14,14,26,67102895,0x3ffe8af,20,3,3,3,3,True,True,False
odd_wheel,odd_wheel_W14,14,26,67102898,0x3ffe8b2,18,3,3,3,3,True,True,False
odd_wheel,odd_wheel_W14,14,26,67102904,0x3ffe8b8,18,3,3,3,3,True,True,False
odd_wheel,odd_wheel_W14,14,26,67102909,0x3ffe8bd,20,3,3,3,3,True,True,False
odd_wheel,odd_wheel_W14,14,26,67102915,0x3ffe8c3,18,3,3,3,3,True,True,False
odd_wheel,odd_wheel_W14,14,26,67102921,0x3ffe8c9,18,3,3,3,3,True,True,False
odd_wheel,odd_wheel_W14,14,26,67102924,0x3ffe8cc,18,3,3,3,3,True,True,False
odd_wheel,odd_wheel_W14,14,26,67102935,0x3ffe8d7,20,3,3,3,3,True,True,False
odd_wheel,odd_wheel_W14,14,26,67102942,0x3ffe8de,20,3,3,3,3,True,True,False
odd_wheel,odd_wheel_W14,14,26,67102945,0x3ffe8e1,18,3,3,3,3,True,True,False
odd_wheel,odd_wheel_W14,14,26,67102948,0x3ffe8e4,18,3,3,3,3,True,True,False
odd_wheel,odd_wheel_W14,14,26,67102955,0x3ffe8eb,20,3,3,3,3,True,True,False
odd_wheel,odd_wheel_W14,14,26,67102960,0x3ffe8f0,18,3,3,3,3,True,True,False
odd_wheel,odd_wheel_W14,14,26,67102965,0x3ffe8f5,20,3,3,3,3,True,True,False
odd_wheel,odd_wheel_W14,14,26,67102970,0x3ffe8fa,20,3,3,3,3,True,True,False
odd_wheel,odd_wheel_W14,14,26,67102978,0x3ffe902,16,3,3,3,3,True,True,False
odd_wheel,odd_wheel_W14,14,26,67102984,0x3ffe908,16,3,3,3,3,True,True,False
odd_wheel,odd_wheel_W14,14,26,67102989,0x3ffe90d,18,3,3,3,3,True,True,False
odd_wheel,odd_wheel_W14,14,26,67102998,0x3ffe916,18,3,3,3,3,True,True,False
odd_wheel,odd_wheel_W14,14,26,67103007,0x3ffe91f,20,3,3,3,3,True,True,False
odd_wheel,odd_wheel_W14,14,26,67103008,0x3ffe920,16,3,3,3,3,True,True,False
odd_wheel,odd_wheel_W14,14,26,67103013,0x3ffe925,18,3,3,3,3,True,True,False
odd_wheel,odd_wheel_W14,14,26,67103018,0x3ffe92a,18,3,3,3,3,True,True,False
odd_wheel,odd_wheel_W14,14,26,67103025,0x3ffe931,18,3,3,3,3,True,True,False
odd_wheel,odd_wheel_W14,14,26,67103028,0x3ffe934,18,3,3,3,3,True,True,False
odd_wheel,odd_wheel_W14,14,26,67103035,0x3ffe93b,20,3,3,3,3,True,True,False
odd_wheel,odd_wheel_W14,14,26,67103046,0x3ffe946,18,3,3,3,3,True,True,False
odd_wheel,odd_wheel_W14,14,26,67103055,0x3ffe94f,20,3,3,3,3,True,True,False
odd_wheel,odd_wheel_W14,14,26,67103058,0x3ffe952,18,3,3,3,3,True,True,False
odd_wheel,odd_wheel_W14,14,26,67103064,0x3ffe958,18,3,3,3,3,True,True,False
odd_wheel,odd_wheel_W14,14,26,67103069,0x3ffe95d,20,3,3,3,3,True,True,False
odd_wheel,odd_wheel_W14,14,26,67103079,0x3ffe967,20,3,3,3,3,True,True,False
odd_wheel,odd_wheel_W14,14,26,67103086,0x3ffe96e,20,3,3,3,3,True,True,False
odd_wheel,odd_wheel_W14,14,26,67103091,0x3ffe973,20,3,3,3,3,True,True,False
odd_wheel,odd_wheel_W14,14,26,67103097,0x3ffe979,20,3,3,3,3,True,True,False
odd_wheel,odd_wheel_W14,14,26,67103100,0x3ffe97c,20,3,3,3,3,True,True,False
odd_wheel,odd_wheel_W14,14,26,67103104,0x3ffe980,16,3,3,3,3,True,True,False
odd_wheel,odd_wheel_W14,14,26,67103109,0x3ffe985,18,3,3,3,3,True,True,False
odd_wheel,odd_wheel_W14,14,26,67103114,0x3ffe98a,18,3,3,3,3,True,True,False
odd_wheel,odd_wheel_W14,14,26,67103121,0x3ffe991,18,3,3,3,3,True,True,False
odd_wheel,odd_wheel_W14,14,26,67103124,0x3ffe994,18,3,3,3,3,True,True,False
odd_wheel,odd_wheel_W14,14,26,67103131,0x3ffe99b,20,3,3,3,3,True,True,False
odd_wheel,odd_wheel_W14,14,26,67103138,0x3ffe9a2,18,3,3,3,3,True,True,False
odd_wheel,odd_wheel_W14,14,26,67103144,0x3ffe9a8,18,3,3,3,3,True,True,False
odd_wheel,odd_wheel_W14,14,26,67103149,0x3ffe9ad,20,3,3,3,3,True,True,False
odd_wheel,odd_wheel_W14,14,26,67103158,0x3ffe9b6,20,3,3,3,3,True,True,False
odd_wheel,odd_wheel_W14,14,26,67103167,0x3ffe9bf,22,3,3,3,3,True,True,False
odd_wheel,odd_wheel_W14,14,26,67103169,0x3ffe9c1,18,3,3,3,3,True,True,False
odd_wheel,odd_wheel_W14,14,26,67103172,0x3ffe9c4,18,3,3,3,3,True,True,False
odd_wheel,odd_wheel_W14,14,26,67103179,0x3ffe9cb,20,3,3,3,3,True,True,False
odd_wheel,odd_wheel_W14,14,26,67103184,0x3ffe9d0,18,3,3,3,3,True,True,False
odd_wheel,odd_wheel_W14,14,26,67103189,0x3ffe9d5,20,3,3,3,3,True,True,False
odd_wheel,odd_wheel_W14,14,26,67103194,0x3ffe9da,20,3,3,3,3,True,True,False
odd_wheel,odd_wheel_W14,14,26,67103203,0x3ffe9e3,20,3,3,3,3,True,True,False
odd_wheel,odd_wheel_W14,14,26,67103209,0x3ffe9e9,20,3,3,3,3,True,True,False
odd_wheel,odd_wheel_W14,14,26,67103212,0x3ffe9ec,20,3,3,3,3,True,True,False
odd_wheel,odd_wheel_W14,14,26,67103223,0x3ffe9f7,22,3,3,3,3,True,True,False
odd_wheel,odd_wheel_W14,14,26,67103230,0x3ffe9fe,22,3,3,3,3,True,True,False
odd_wheel,odd_wheel_W14,14,26,67103239,0x3ffea07,18,3,3,3,3,True,True,False
odd_wheel,odd_wheel_W14,14,26,67103246,0x3ffea0e,18,3,3,3,3,True,True,False
odd_wheel,odd_wheel_W14,14,26,67103251,0x3ffea13,18,3,3,3,3,True,True,False
odd_wheel,odd_wheel_W14,14,26,67103257,0x3ffea19,18,3,3,3,3,True,True,False
odd_wheel,odd_wheel_W14,14,26,67103260,0x3ffea1c,18,3,3,3,3,True,True,False
odd_wheel,odd_wheel_W14,14,26,67103270,0x3ffea26,18,3,3,3,3,True,True,False
odd_wheel,odd_wheel_W14,14,26,67103279,0x3ffea2f,20,3,3,3,3,True,True,False
odd_wheel,odd_wheel_W14,14,26,67103282,0x3ffea32,18,3,3,3,3,True,True,False
odd_wheel,odd_wheel_W14,14,26,67103288,0x3ffea38,18,3,3,3,3,True,True,False
odd_wheel,odd_wheel_W14,14,26,67103293,0x3ffea3d,20,3,3,3,3,True,True,False
odd_wheel,odd_wheel_W14,14,26,67103299,0x3ffea43,18,3,3,3,3,True,True,False
odd_wheel,odd_wheel_W14,14,26,67103305,0x3ffea49,18,3,3,3,3,True,True,False
odd_wheel,odd_wheel_W14,14,26,67103308,0x3ffea4c,18,3,3,3,3,True,True,False
odd_wheel,odd_wheel_W14,14,26,67103319,0x3ffea57,20,3,3,3,3,True,True,False
odd_wheel,odd_wheel_W14,14,26,67103326,0x3ffea5e,20,3,3,3,3,True,True,False
odd_wheel,odd_wheel_W14,14,26,67103329,0x3ffea61,18,3,3,3,3,True,True,False
odd_wheel,odd_wheel_W14,14,26,67103332,0x3ffea64,18,3,3,3,3,True,True,False
odd_wheel,odd_wheel_W14,14,26,67103339,0x3ffea6b,20,3,3,3,3,True,True,False
odd_wheel,odd_wheel_W14,14,26,67103344,0x3ffea70,18,3,3,3,3,True,True,False
odd_wheel,odd_wheel_W14,14,26,67103349,0x3ffea75,20,3,3,3,3,True,True,False
odd_wheel,odd_wheel_W14,14,26,67103354,0x3ffea7a,20,3,3,3,3,True,True,False
odd_wheel,odd_wheel_W14,14,26,67103366,0x3ffea86,18,3,3,3,3,True,True,False
odd_wheel,odd_wheel_W14,14,26,67103375,0x3ffea8f,20,3,3,3,3,True,True,False
odd_wheel,odd_wheel_W14,14,26,67103378,0x3ffea92,18,3,3,3,3,True,True,False
odd_wheel,odd_wheel_W14,14,26,67103384,0x3ffea98,18,3,3,3,3,True,True,False
odd_wheel,odd_wheel_W14,14,26,67103389,0x3ffea9d,20,3,3,3,3,True,True,False
odd_wheel,odd_wheel_W14,14,26,67103399,0x3ffeaa7,20,3,3,3,3,True,True,False
odd_wheel,odd_wheel_W14,14,26,67103406,0x3ffeaae,20,3,3,3,3,True,True,False
odd_wheel,odd_wheel_W14,14,26,67103411,0x3ffeab3,20,3,3,3,3,True,True,False
odd_wheel,odd_wheel_W14,14,26,67103417,0x3ffeab9,20,3,3,3,3,True,True,False
odd_wheel,odd_wheel_W14,14,26,67103420,0x3ffeabc,20,3,3,3,3,True,True,False
odd_wheel,odd_wheel_W14,14,26,67103426,0x3ffeac2,18,3,3,3,3,True,True,False
odd_wheel,odd_wheel_W14,14,26,67103432,0x3ffeac8,18,3,3,3,3,True,True,False
odd_wheel,odd_wheel_W14,14,26,67103437,0x3ffeacd,20,3,3,3,3,True,True,False
odd_wheel,odd_wheel_W14,14,26,67103446,0x3ffead6,20,3,3,3,3,True,True,False
odd_wheel,odd_wheel_W14,14,26,67103455,0x3ffeadf,22,3,3,3,3,True,True,False
odd_wheel,odd_wheel_W14,14,26,67103456,0x3ffeae0,18,3,3,3,3,True,True,False
odd_wheel,odd_wheel_W14,14,26,67103461,0x3ffeae5,20,3,3,3,3,True,True,False
odd_wheel,odd_wheel_W14,14,26,67103466,0x3ffeaea,20,3,3,3,3,True,True,False
odd_wheel,odd_wheel_W14,14,26,67103473,0x3ffeaf1,20,3,3,3,3,True,True,False
odd_wheel,odd_wheel_W14,14,26,67103476,0x3ffeaf4,20,3,3,3,3,True,True,False
odd_wheel,odd_wheel_W14,14,26,67103483,0x3ffeafb,22,3,3,3,3,True,True,False
odd_wheel,odd_wheel_W14,14,26,67103491,0x3ffeb03,18,3,3,3,3,True,True,False
odd_wheel,odd_wheel_W14,14,26,67103497,0x3ffeb09,18,3,3,3,3,True,True,False
odd_wheel,odd_wheel_W14,14,26,67103500,0x3ffeb0c,18,3,3,3,3,True,True,False
odd_wheel,odd_wheel_W14,14,26,67103511,0x3ffeb17,20,3,3,3,3,True,True,False
odd_wheel,odd_wheel_W14,14,26,67103518,0x3ffeb1e,20,3,3,3,3,True,True,False
odd_wheel,odd_wheel_W14,14,26,67103521,0x3ffeb21,18,3,3,3,3,True,True,False
odd_wheel,odd_wheel_W14,14,26,67103524,0x3ffeb24,18,3,3,3,3,True,True,False
odd_wheel,odd_wheel_W14,14,26,67103531,0x3ffeb2b,20,3,3,3,3,True,True,False
odd_wheel,odd_wheel_W14,14,26,67103536,0x3ffeb30,18,3,3,3,3,True,True,False
odd_wheel,odd_wheel_W14,14,26,67103541,0x3ffeb35,20,3,3,3,3,True,True,False
odd_wheel,odd_wheel_W14,14,26,67103546,0x3ffeb3a,20,3,3,3,3,True,True,False
odd_wheel,odd_wheel_W14,14,26,67103559,0x3ffeb47,20,3,3,3,3,True,True,False
odd_wheel,odd_wheel_W14,14,26,67103566,0x3ffeb4e,20,3,3,3,3,True,True,False
odd_wheel,odd_wheel_W14,14,26,67103571,0x3ffeb53,20,3,3,3,3,True,True,False
odd_wheel,odd_wheel_W14,14,26,67103577,0x3ffeb59,20,3,3,3,3,True,True,False
odd_wheel,odd_wheel_W14,14,26,67103580,0x3ffeb5c,20,3,3,3,3,True,True,False
odd_wheel,odd_wheel_W14,14,26,67103590,0x3ffeb66,20,3,3,3,3,True,True,False
odd_wheel,odd_wheel_W14,14,26,67103599,0x3ffeb6f,22,3,3,3,3,True,True,False
odd_wheel,odd_wheel_W14,14,26,67103602,0x3ffeb72,20,3,3,3,3,True,True,False
odd_wheel,odd_wheel_W14,14,26,67103608,0x3ffeb78,20,3,3,3,3,True,True,False
odd_wheel,odd_wheel_W14,14,26,67103613,0x3ffeb7d,22,3,3,3,3,True,True,False
odd_wheel,odd_wheel_W14,14,26,67103617,0x3ffeb81,18,3,3,3,3,True,True,False
odd_wheel,odd_wheel_W14,14,26,67103620,0x3ffeb84,18,3,3,3,3,True,True,False
odd_wheel,odd_wheel_W14,14,26,67103627,0x3ffeb8b,20,3,3,3,3,True,True,False
odd_wheel,odd_wheel_W14,14,26,67103632,0x3ffeb90,18,3,3,3,3,True,True,False
odd_wheel,odd_wheel_W14,14,26,67103637,0x3ffeb95,20,3,3,3,3,True,True,False
odd_wheel,odd_wheel_W14,14,26,67103642,0x3ffeb9a,20,3,3,3,3,True,True,False
odd_wheel,odd_wheel_W14,14,26,67103651,0x3ffeba3,20,3,3,3,3,True,True,False
odd_wheel,odd_wheel_W14,14,26,67103657,0x3ffeba9,20,3,3,3,3,True,True,False
odd_wheel,odd_wheel_W14,14,26,67103660,0x3ffebac,20,3,3,3,3,True,True,False
odd_wheel,odd_wheel_W14,14,26,67103671,0x3ffebb7,22,3,3,3,3,True,True,False
odd_wheel,odd_wheel_W14,14,26,67103678,0x3ffebbe,22,3,3,3,3,True,True,False
odd_wheel,odd_wheel_W14,14,26,67103680,0x3ffebc0,18,3,3,3,3,True,True,False
odd_wheel,odd_wheel_W14,14,26,67103685,0x3ffebc5,20,3,3,3,3,True,True,False
odd_wheel,odd_wheel_W14,14,26,67103690,0x3ffebca,20,3,3,3,3,True,True,False
odd_wheel,odd_wheel_W14,14,26,67103697,0x3ffebd1,20,3,3,3,3,True,True,False
odd_wheel,odd_wheel_W14,14,26,67103700,0x3ffebd4,20,3,3,3,3,True,True,False
odd_wheel,odd_wheel_W14,14,26,67103707,0x3ffebdb,22,3,3,3,3,True,True,False
odd_wheel,odd_wheel_W14,14,26,67103714,0x3ffebe2,20,3,3,3,3,True,True,False
odd_wheel,odd_wheel_W14,14,26,67103720,0x3ffebe8,20,3,3,3,3,True,True,False
odd_wheel,odd_wheel_W14,14,26,67103725,0x3ffebed,22,3,3,3,3,True,True,False
odd_wheel,odd_wheel_W14,14,26,67103734,0x3ffebf6,22,3,3,3,3,True,True,False
odd_wheel,odd_wheel_W14,14,26,67103743,0x3ffebff,24,3,3,3,3,True,True,False
odd_wheel,odd_wheel_W14,14,26,67103746,0x3ffec02,16,3,3,3,3,True,True,False
odd_wheel,odd_wheel_W14,14,26,67103752,0x3ffec08,16,3,3,3,3,True,True,False
odd_wheel,odd_wheel_W14,14,26,67103757,0x3ffec0d,18,3,3,3,3,True,True,False
odd_wheel,odd_wheel_W14,14,26,67103766,0x3ffec16,18,3,3,3,3,True,True,False
odd_wheel,odd_wheel_W14,14,26,67103775,0x3ffec1f,20,3,3,3,3,True,True,False
odd_wheel,odd_wheel_W14,14,26,67103776,0x3ffec20,16,3,3,3,3,True,True,False
odd_wheel,odd_wheel_W14,14,26,67103781,0x3ffec25,18,3,3,3,3,True,True,False
odd_wheel,odd_wheel_W14,14,26,67103786,0x3ffec2a,18,3,3,3,3,True,True,False
odd_wheel,odd_wheel_W14,14,26,67103793,0x3ffec31,18,3,3,3,3,True,True,False
odd_wheel,odd_wheel_W14,14,26,67103796,0x3ffec34,18,3,3,3,3,True,True,False
odd_wheel,odd_wheel_W14,14,26,67103803,0x3ffec3b,20,3,3,3,3,True,True,False
odd_wheel,odd_wheel_W14,14,26,67103814,0x3ffec46,18,3,3,3,3,True,True,False
odd_wheel,odd_wheel_W14,14,26,67103823,0x3ffec4f,20,3,3,3,3,True,True,False
odd_wheel,odd_wheel_W14,14,26,67103826,0x3ffec52,18,3,3,3,3,True,True,False
odd_wheel,odd_wheel_W14,14,26,67103832,0x3ffec58,18,3,3,3,3,True,True,False
odd_wheel,odd_wheel_W14,14,26,67103837,0x3ffec5d,20,3,3,3,3,True,True,False
odd_wheel,odd_wheel_W14,14,26,67103847,0x3ffec67,20,3,3,3,3,True,True,False
odd_wheel,odd_wheel_W14,14,26,67103854,0x3ffec6e,20,3,3,3,3,True,True,False
odd_wheel,odd_wheel_W14,14,26,67103859,0x3ffec73,20,3,3,3,3,True,True,False
odd_wheel,odd_wheel_W14,14,26,67103865,0x3ffec79,20,3,3,3,3,True,True,False
odd_wheel,odd_wheel_W14,14,26,67103868,0x3ffec7c,20,3,3,3,3,True,True,False
odd_wheel,odd_wheel_W14,14,26,67103872,0x3ffec80,16,3,3,3,3,True,True,False
odd_wheel,odd_wheel_W14,14,26,67103877,0x3ffec85,18,3,3,3,3,True,True,False
odd_wheel,odd_wheel_W14,14,26,67103882,0x3ffec8a,18,3,3,3,3,True,True,False
odd_wheel,odd_wheel_W14,14,26,67103889,0x3ffec91,18,3,3,3,3,True,True,False
odd_wheel,odd_wheel_W14,14,26,67103892,0x3ffec94,18,3,3,3,3,True,True,False
odd_wheel,odd_wheel_W14,14,26,67103899,0x3ffec9b,20,3,3,3,3,True,True,False
odd_wheel,odd_wheel_W14,14,26,67103906,0x3ffeca2,18,3,3,3,3,True,True,False
odd_wheel,odd_wheel_W14,14,26,67103912,0x3ffeca8,18,3,3,3,3,True,True,False
odd_wheel,odd_wheel_W14,14,26,67103917,0x3ffecad,20,3,3,3,3,True,True,False
odd_wheel,odd_wheel_W14,14,26,67103926,0x3ffecb6,20,3,3,3,3,True,True,False
odd_wheel,odd_wheel_W14,14,26,67103935,0x3ffecbf,22,3,3,3,3,True,True,False
odd_wheel,odd_wheel_W14,14,26,67103937,0x3ffecc1,18,3,3,3,3,True,True,False
odd_wheel,odd_wheel_W14,14,26,67103940,0x3ffecc4,18,3,3,3,3,True,True,False
odd_wheel,odd_wheel_W14,14,26,67103947,0x3ffeccb,20,3,3,3,3,True,True,False
odd_wheel,odd_wheel_W14,14,26,67103952,0x3ffecd0,18,3,3,3,3,True,True,False
odd_wheel,odd_wheel_W14,14,26,67103957,0x3ffecd5,20,3,3,3,3,True,True,False
odd_wheel,odd_wheel_W14,14,26,67103962,0x3ffecda,20,3,3,3,3,True,True,False
odd_wheel,odd_wheel_W14,14,26,67103971,0x3ffece3,20,3,3,3,3,True,True,False
odd_wheel,odd_wheel_W14,14,26,67103977,0x3ffece9,20,3,3,3,3,True,True,False
odd_wheel,odd_wheel_W14,14,26,67103980,0x3ffecec,20,3,3,3,3,True,True,False
odd_wheel,odd_wheel_W14,14,26,67103991,0x3ffecf7,22,3,3,3,3,True,True,False
odd_wheel,odd_wheel_W14,14,26,67103998,0x3ffecfe,22,3,3,3,3,True,True,False
odd_wheel,odd_wheel_W14,14,26,67104006,0x3ffed06,18,3,3,3,3,True,True,False
odd_wheel,odd_wheel_W14,14,26,67104015,0x3ffed0f,20,3,3,3,3,True,True,False
odd_wheel,odd_wheel_W14,14,26,67104018,0x3ffed12,18,3,3,3,3,True,True,False
odd_wheel,odd_wheel_W14,14,26,67104024,0x3ffed18,18,3,3,3,3,True,True,False
odd_wheel,odd_wheel_W14,14,26,67104029,0x3ffed1d,20,3,3,3,3,True,True,False
odd_wheel,odd_wheel_W14,14,26,67104039,0x3ffed27,20,3,3,3,3,True,True,False
odd_wheel,odd_wheel_W14,14,26,67104046,0x3ffed2e,20,3,3,3,3,True,True,False
odd_wheel,odd_wheel_W14,14,26,67104051,0x3ffed33,20,3,3,3,3,True,True,False
odd_wheel,odd_wheel_W14,14,26,67104057,0x3ffed39,20,3,3,3,3,True,True,False
odd_wheel,odd_wheel_W14,14,26,67104060,0x3ffed3c,20,3,3,3,3,True,True,False
odd_wheel,odd_wheel_W14,14,26,67104066,0x3ffed42,18,3,3,3,3,True,True,False
odd_wheel,odd_wheel_W14,14,26,67104072,0x3ffed48,18,3,3,3,3,True,True,False
odd_wheel,odd_wheel_W14,14,26,67104077,0x3ffed4d,20,3,3,3,3,True,True,False
odd_wheel,odd_wheel_W14,14,26,67104086,0x3ffed56,20,3,3,3,3,True,True,False
odd_wheel,odd_wheel_W14,14,26,67104095,0x3ffed5f,22,3,3,3,3,True,True,False
odd_wheel,odd_wheel_W14,14,26,67104096,0x3ffed60,18,3,3,3,3,True,True,False
odd_wheel,odd_wheel_W14,14,26,67104101,0x3ffed65,20,3,3,3,3,True,True,False
odd_wheel,odd_wheel_W14,14,26,67104106,0x3ffed6a,20,3,3,3,3,True,True,False
odd_wheel,odd_wheel_W14,14,26,67104113,0x3ffed71,20,3,3,3,3,True,True,False
odd_wheel,odd_wheel_W14,14,26,67104116,0x3ffed74,20,3,3,3,3,True,True,False
odd_wheel,odd_wheel_W14,14,26,67104123,0x3ffed7b,22,3,3,3,3,True,True,False
odd_wheel,odd_wheel_W14,14,26,67104135,0x3ffed87,20,3,3,3,3,True,True,False
odd_wheel,odd_wheel_W14,14,26,67104142,0x3ffed8e,20,3,3,3,3,True,True,False
odd_wheel,odd_wheel_W14,14,26,67104147,0x3ffed93,20,3,3,3,3,True,True,False
odd_wheel,odd_wheel_W14,14,26,67104153,0x3ffed99,20,3,3,3,3,True,True,False
odd_wheel,odd_wheel_W14,14,26,67104156,0x3ffed9c,20,3,3,3,3,True,True,False
odd_wheel,odd_wheel_W14,14,26,67104166,0x3ffeda6,20,3,3,3,3,True,True,False
odd_wheel,odd_wheel_W14,14,26,67104175,0x3ffedaf,22,3,3,3,3,True,True,False
odd_wheel,odd_wheel_W14,14,26,67104178,0x3ffedb2,20,3,3,3,3,True,True,False
odd_wheel,odd_wheel_W14,14,26,67104184,0x3ffedb8,20,3,3,3,3,True,True,False
odd_wheel,odd_wheel_W14,14,26,67104189,0x3ffedbd,22,3,3,3,3,True,True,False
odd_wheel,odd_wheel_W14,14,26,67104195,0x3ffedc3,20,3,3,3,3,True,True,False
odd_wheel,odd_wheel_W14,14,26,67104201,0x3ffedc9,20,3,3,3,3,True,True,False
odd_wheel,odd_wheel_W14,14,26,67104204,0x3ffedcc,20,3,3,3,3,True,True,False
odd_wheel,odd_wheel_W14,14,26,67104215,0x3ffedd7,22,3,3,3,3,True,True,False
odd_wheel,odd_wheel_W14,14,26,67104222,0x3ffedde,22,3,3,3,3,True,True,False
odd_wheel,odd_wheel_W14,14,26,67104225,0x3ffede1,20,3,3,3,3,True,True,False
odd_wheel,odd_wheel_W14,14,26,67104228,0x3ffede4,20,3,3,3,3,True,True,False
odd_wheel,odd_wheel_W14,14,26,67104235,0x3ffedeb,22,3,3,3,3,True,True,False
odd_wheel,odd_wheel_W14,14,26,67104240,0x3ffedf0,20,3,3,3,3,True,True,False
odd_wheel,odd_wheel_W14,14,26,67104245,0x3ffedf5,22,3,3,3,3,True,True,False
odd_wheel,odd_wheel_W14,14,26,67104250,0x3ffedfa,22,3,3,3,3,True,True,False
odd_wheel,odd_wheel_W14,14,26,67104256,0x3ffee00,16,3,3,3,3,True,True,False
odd_wheel,odd_wheel_W14,14,26,67104261,0x3ffee05,18,3,3,3,3,True,True,False
odd_wheel,odd_wheel_W14,14,26,67104266,0x3ffee0a,18,3,3,3,3,True,True,False
odd_wheel,odd_wheel_W14,14,26,67104273,0x3ffee11,18,3,3,3,3,True,True,False
odd_wheel,odd_wheel_W14,14,26,67104276,0x3ffee14,18,3,3,3,3,True,True,False
odd_wheel,odd_wheel_W14,14,26,67104283,0x3ffee1b,20,3,3,3,3,True,True,False
odd_wheel,odd_wheel_W14,14,26,67104290,0x3ffee22,18,3,3,3,3,True,True,False
odd_wheel,odd_wheel_W14,14,26,67104296,0x3ffee28,18,3,3,3,3,True,True,False
odd_wheel,odd_wheel_W14,14,26,67104301,0x3ffee2d,20,3,3,3,3,True,True,False
odd_wheel,odd_wheel_W14,14,26,67104310,0x3ffee36,20,3,3,3,3,True,True,False
odd_wheel,odd_wheel_W14,14,26,67104319,0x3ffee3f,22,3,3,3,3,True,True,False
odd_wheel,odd_wheel_W14,14,26,67104321,0x3ffee41,18,3,3,3,3,True,True,False
odd_wheel,odd_wheel_W14,14,26,67104324,0x3ffee44,18,3,3,3,3,True,True,False
odd_wheel,odd_wheel_W14,14,26,67104331,0x3ffee4b,20,3,3,3,3,True,True,False
odd_wheel,odd_wheel_W14,14,26,67104336,0x3ffee50,18,3,3,3,3,True,True,False
odd_wheel,odd_wheel_W14,14,26,67104341,0x3ffee55,20,3,3,3,3,True,True,False
odd_wheel,odd_wheel_W14,14,26,67104346,0x3ffee5a,20,3,3,3,3,True,True,False
odd_wheel,odd_wheel_W14,14,26,67104355,0x3ffee63,20,3,3,3,3,True,True,False
odd_wheel,odd_wheel_W14,14,26,67104361,0x3ffee69,20,3,3,3,3,True,True,False
odd_wheel,odd_wheel_W14,14,26,67104364,0x3ffee6c,20,3,3,3,3,True,True,False
odd_wheel,odd_wheel_W14,14,26,67104375,0x3ffee77,22,3,3,3,3,True,True,False
odd_wheel,odd_wheel_W14,14,26,67104382,0x3ffee7e,22,3,3,3,3,True,True,False
odd_wheel,odd_wheel_W14,14,26,67104386,0x3ffee82,18,3,3,3,3,True,True,False
odd_wheel,odd_wheel_W14,14,26,67104392,0x3ffee88,18,3,3,3,3,True,True,False
odd_wheel,odd_wheel_W14,14,26,67104397,0x3ffee8d,20,3,3,3,3,True,True,False
odd_wheel,odd_wheel_W14,14,26,67104406,0x3ffee96,20,3,3,3,3,True,True,False
odd_wheel,odd_wheel_W14,14,26,67104415,0x3ffee9f,22,3,3,3,3,True,True,False
odd_wheel,odd_wheel_W14,14,26,67104416,0x3ffeea0,18,3,3,3,3,True,True,False
odd_wheel,odd_wheel_W14,14,26,67104421,0x3ffeea5,20,3,3,3,3,True,True,False
odd_wheel,odd_wheel_W14,14,26,67104426,0x3ffeeaa,20,3,3,3,3,True,True,False
odd_wheel,odd_wheel_W14,14,26,67104433,0x3ffeeb1,20,3,3,3,3,True,True,False
odd_wheel,odd_wheel_W14,14,26,67104436,0x3ffeeb4,20,3,3,3,3,True,True,False
odd_wheel,odd_wheel_W14,14,26,67104443,0x3ffeebb,22,3,3,3,3,True,True,False
odd_wheel,odd_wheel_W14,14,26,67104454,0x3ffeec6,20,3,3,3,3,True,True,False
odd_wheel,odd_wheel_W14,14,26,67104463,0x3ffeecf,22,3,3,3,3,True,True,False
odd_wheel,odd_wheel_W14,14,26,67104466,0x3ffeed2,20,3,3,3,3,True,True,False
odd_wheel,odd_wheel_W14,14,26,67104472,0x3ffeed8,20,3,3,3,3,True,True,False
odd_wheel,odd_wheel_W14,14,26,67104477,0x3ffeedd,22,3,3,3,3,True,True,False
odd_wheel,odd_wheel_W14,14,26,67104487,0x3ffeee7,22,3,3,3,3,True,True,False
odd_wheel,odd_wheel_W14,14,26,67104494,0x3ffeeee,22,3,3,3,3,True,True,False
odd_wheel,odd_wheel_W14,14,26,67104499,0x3ffeef3,22,3,3,3,3,True,True,False
odd_wheel,odd_wheel_W14,14,26,67104505,0x3ffeef9,22,3,3,3,3,True,True,False
odd_wheel,odd_wheel_W14,14,26,67104508,0x3ffeefc,22,3,3,3,3,True,True,False
odd_wheel,odd_wheel_W14,14,26,67104513,0x3ffef01,18,3,3,3,3,True,True,False
odd_wheel,odd_wheel_W14,14,26,67104516,0x3ffef04,18,3,3,3,3,True,True,False
odd_wheel,odd_wheel_W14,14,26,67104523,0x3ffef0b,20,3,3,3,3,True,True,False
odd_wheel,odd_wheel_W14,14,26,67104528,0x3ffef10,18,3,3,3,3,True,True,False
odd_wheel,odd_wheel_W14,14,26,67104533,0x3ffef15,20,3,3,3,3,True,True,False
odd_wheel,odd_wheel_W14,14,26,67104538,0x3ffef1a,20,3,3,3,3,True,True,False
odd_wheel,odd_wheel_W14,14,26,67104547,0x3ffef23,20,3,3,3,3,True,True,False
odd_wheel,odd_wheel_W14,14,26,67104553,0x3ffef29,20,3,3,3,3,True,True,False
odd_wheel,odd_wheel_W14,14,26,67104556,0x3ffef2c,20,3,3,3,3,True,True,False
odd_wheel,odd_wheel_W14,14,26,67104567,0x3ffef37,22,3,3,3,3,True,True,False
odd_wheel,odd_wheel_W14,14,26,67104574,0x3ffef3e,22,3,3,3,3,True,True,False
odd_wheel,odd_wheel_W14,14,26,67104576,0x3ffef40,18,3,3,3,3,True,True,False
odd_wheel,odd_wheel_W14,14,26,67104581,0x3ffef45,20,3,3,3,3,True,True,False
odd_wheel,odd_wheel_W14,14,26,67104586,0x3ffef4a,20,3,3,3,3,True,True,False
odd_wheel,odd_wheel_W14,14,26,67104593,0x3ffef51,20,3,3,3,3,True,True,False
odd_wheel,odd_wheel_W14,14,26,67104596,0x3ffef54,20,3,3,3,3,True,True,False
odd_wheel,odd_wheel_W14,14,26,67104603,0x3ffef5b,22,3,3,3,3,True,True,False
odd_wheel,odd_wheel_W14,14,26,67104610,0x3ffef62,20,3,3,3,3,True,True,False
odd_wheel,odd_wheel_W14,14,26,67104616,0x3ffef68,20,3,3,3,3,True,True,False
odd_wheel,odd_wheel_W14,14,26,67104621,0x3ffef6d,22,3,3,3,3,True,True,False
odd_wheel,odd_wheel_W14,14,26,67104630,0x3ffef76,22,3,3,3,3,True,True,False
odd_wheel,odd_wheel_W14,14,26,67104639,0x3ffef7f,24,3,3,3,3,True,True,False
odd_wheel,odd_wheel_W14,14,26,67104643,0x3ffef83,20,3,3,3,3,True,True,False
odd_wheel,odd_wheel_W14,14,26,67104649,0x3ffef89,20,3,3,3,3,True,True,False
odd_wheel,odd_wheel_W14,14,26,67104652,0x3ffef8c,20,3,3,3,3,True,True,False
odd_wheel,odd_wheel_W14,14,26,67104663,0x3ffef97,22,3,3,3,3,True,True,False
odd_wheel,odd_wheel_W14,14,26,67104670,0x3ffef9e,22,3,3,3,3,True,True,False
odd_wheel,odd_wheel_W14,14,26,67104673,0x3ffefa1,20,3,3,3,3,True,True,False
odd_wheel,odd_wheel_W14,14,26,67104676,0x3ffefa4,20,3,3,3,3,True,True,False
odd_wheel,odd_wheel_W14,14,26,67104683,0x3ffefab,22,3,3,3,3,True,True,False
odd_wheel,odd_wheel_W14,14,26,67104688,0x3ffefb0,20,3,3,3,3,True,True,False
odd_wheel,odd_wheel_W14,14,26,67104693,0x3ffefb5,22,3,3,3,3,True,True,False
odd_wheel,odd_wheel_W14,14,26,67104698,0x3ffefba,22,3,3,3,3,True,True,False
odd_wheel,odd_wheel_W14,14,26,67104711,0x3ffefc7,22,3,3,3,3,True,True,False
odd_wheel,odd_wheel_W14,14,26,67104718,0x3ffefce,22,3,3,3,3,True,True,False
odd_wheel,odd_wheel_W14,14,26,67104723,0x3ffefd3,22,3,3,3,3,True,True,False
odd_wheel,odd_wheel_W14,14,26,67104729,0x3ffefd9,22,3,3,3,3,True,True,False
odd_wheel,odd_wheel_W14,14,26,67104732,0x3ffefdc,22,3,3,3,3,True,True,False
odd_wheel,odd_wheel_W14,14,26,67104742,0x3ffefe6,22,3,3,3,3,True,True,False
odd_wheel,odd_wheel_W14,14,26,67104751,0x3ffefef,24,3,3,3,3,True,True,False
odd_wheel,odd_wheel_W14,14,26,67104754,0x3ffeff2,22,3,3,3,3,True,True,False
odd_wheel,odd_wheel_W14,14,26,67104760,0x3ffeff8,22,3,3,3,3,True,True,False
odd_wheel,odd_wheel_W14,14,26,67104765,0x3ffeffd,24,3,3,3,3,True,True,False
odd_wheel,odd_wheel_W14,14,26,67104771,0x3fff003,16,3,3,3,3,True,True,False
odd_wheel,odd_wheel_W14,14,26,67104777,0x3fff009,16,3,3,3,3,True,True,False
odd_wheel,odd_wheel_W14,14,26,67104780,0x3fff00c,16,3,3,3,3,True,True,False
odd_wheel,odd_wheel_W14,14,26,67104791,0x3fff017,18,3,3,3,3,True,True,False
odd_wheel,odd_wheel_W14,14,26,67104798,0x3fff01e,18,3,3,3,3,True,True,False
odd_wheel,odd_wheel_W14,14,26,67104801,0x3fff021,16,3,3,3,3,True,True,False
odd_wheel,odd_wheel_W14,14,26,67104804,0x3fff024,16,3,3,3,3,True,True,False
odd_wheel,odd_wheel_W14,14,26,67104811,0x3fff02b,18,3,3,3,3,True,True,False
odd_wheel,odd_wheel_W14,14,26,67104816,0x3fff030,16,3,3,3,3,True,True,False
odd_wheel,odd_wheel_W14,14,26,67104821,0x3fff035,18,3,3,3,3,True,True,False
odd_wheel,odd_wheel_W14,14,26,67104826,0x3fff03a,18,3,3,3,3,True,True,False
odd_wheel,odd_wheel_W14,14,26,67104839,0x3fff047,18,3,3,3,3,True,True,False
odd_wheel,odd_wheel_W14,14,26,67104846,0x3fff04e,18,3,3,3,3,True,True,False
odd_wheel,odd_wheel_W14,14,26,67104851,0x3fff053,18,3,3,3,3,True,True,False
odd_wheel,odd_wheel_W14,14,26,67104857,0x3fff059,18,3,3,3,3,True,True,False
odd_wheel,odd_wheel_W14,14,26,67104860,0x3fff05c,18,3,3,3,3,True,True,False
odd_wheel,odd_wheel_W14,14,26,67104870,0x3fff066,18,3,3,3,3,True,True,False
odd_wheel,odd_wheel_W14,14,26,67104879,0x3fff06f,20,3,3,3,3,True,True,False
odd_wheel,odd_wheel_W14,14,26,67104882,0x3fff072,18,3,3,3,3,True,True,False
odd_wheel,odd_wheel_W14,14,26,67104888,0x3fff078,18,3,3,3,3,True,True,False
odd_wheel,odd_wheel_W14,14,26,67104893,0x3fff07d,20,3,3,3,3,True,True,False
odd_wheel,odd_wheel_W14,14,26,67104897,0x3fff081,16,3,3,3,3,True,True,False
odd_wheel,odd_wheel_W14,14,26,67104900,0x3fff084,16,3,3,3,3,True,True,False
odd_wheel,odd_wheel_W14,14,26,67104907,0x3fff08b,18,3,3,3,3,True,True,False
odd_wheel,odd_wheel_W14,14,26,67104912,0x3fff090,16,3,3,3,3,True,True,False
odd_wheel,odd_wheel_W14,14,26,67104917,0x3fff095,18,3,3,3,3,True,True,False
odd_wheel,odd_wheel_W14,14,26,67104922,0x3fff09a,18,3,3,3,3,True,True,False
odd_wheel,odd_wheel_W14,14,26,67104931,0x3fff0a3,18,3,3,3,3,True,True,False
odd_wheel,odd_wheel_W14,14,26,67104937,0x3fff0a9,18,3,3,3,3,True,True,False
odd_wheel,odd_wheel_W14,14,26,67104940,0x3fff0ac,18,3,3,3,3,True,True,False
odd_wheel,odd_wheel_W14,14,26,67104951,0x3fff0b7,20,3,3,3,3,True,True,False
odd_wheel,odd_wheel_W14,14,26,67104958,0x3fff0be,20,3,3,3,3,True,True,False
odd_wheel,odd_wheel_W14,14,26,67104960,0x3fff0c0,16,3,3,3,3,True,True,False
odd_wheel,odd_wheel_W14,14,26,67104965,0x3fff0c5,18,3,3,3,3,True,True,False
odd_wheel,odd_wheel_W14,14,26,67104970,0x3fff0ca,18,3,3,3,3,True,True,False
odd_wheel,odd_wheel_W14,14,26,67104977,0x3fff0d1,18,3,3,3,3,True,True,False
odd_wheel,odd_wheel_W14,14,26,67104980,0x3fff0d4,18,3,3,3,3,True,True,False
odd_wheel,odd_wheel_W14,14,26,67104987,0x3fff0db,20,3,3,3,3,True,True,False
odd_wheel,odd_wheel_W14,14,26,67104994,0x3fff0e2,18,3,3,3,3,True,True,False
odd_wheel,odd_wheel_W14,14,26,67105000,0x3fff0e8,18,3,3,3,3,True,True,False
odd_wheel,odd_wheel_W14,14,26,67105005,0x3fff0ed,20,3,3,3,3,True,True,False
odd_wheel,odd_wheel_W14,14,26,67105014,0x3fff0f6,20,3,3,3,3,True,True,False
odd_wheel,odd_wheel_W14,14,26,67105023,0x3fff0ff,22,3,3,3,3,True,True,False
odd_wheel,odd_wheel_W14,14,26,67105031,0x3fff107,18,3,3,3,3,True,True,False
odd_wheel,odd_wheel_W14,14,26,67105038,0x3fff10e,18,3,3,3,3,True,True,False
odd_wheel,odd_wheel_W14,14,26,67105043,0x3fff113,18,3,3,3,3,True,True,False
odd_wheel,odd_wheel_W14,14,26,67105049,0x3fff119,18,3,3,3,3,True,True,False
odd_wheel,odd_wheel_W14,14,26,67105052,0x3fff11c,18,3,3,3,3,True,True,False
odd_wheel,odd_wheel_W14,14,26,67105062,0x3fff126,18,3,3,3,3,True,True,False
odd_wheel,odd_wheel_W14,14,26,67105071,0x3fff12f,20,3,3,3,3,True,True,False
odd_wheel,odd_wheel_W14,14,26,67105074,0x3fff132,18,3,3,3,3,True,True,False
odd_wheel,odd_wheel_W14,14,26,67105080,0x3fff138,18,3,3,3,3,True,True,False
odd_wheel,odd_wheel_W14,14,26,67105085,0x3fff13d,20,3,3,3,3,True,True,False
odd_wheel,odd_wheel_W14,14,26,67105091,0x3fff143,18,3,3,3,3,True,True,False
odd_wheel,odd_wheel_W14,14,26,67105097,0x3fff149,18,3,3,3,3,True,True,False
odd_wheel,odd_wheel_W14,14,26,67105100,0x3fff14c,18,3,3,3,3,True,True,False
odd_wheel,odd_wheel_W14,14,26,67105111,0x3fff157,20,3,3,3,3,True,True,False
odd_wheel,odd_wheel_W14,14,26,67105118,0x3fff15e,20,3,3,3,3,True,True,False
odd_wheel,odd_wheel_W14,14,26,67105121,0x3fff161,18,3,3,3,3,True,True,False
odd_wheel,odd_wheel_W14,14,26,67105124,0x3fff164,18,3,3,3,3,True,True,False
odd_wheel,odd_wheel_W14,14,26,67105131,0x3fff16b,20,3,3,3,3,True,True,False
odd_wheel,odd_wheel_W14,14,26,67105136,0x3fff170,18,3,3,3,3,True,True,False
odd_wheel,odd_wheel_W14,14,26,67105141,0x3fff175,20,3,3,3,3,True,True,False
odd_wheel,odd_wheel_W14,14,26,67105146,0x3fff17a,20,3,3,3,3,True,True,False
odd_wheel,odd_wheel_W14,14,26,67105158,0x3fff186,18,3,3,3,3,True,True,False
odd_wheel,odd_wheel_W14,14,26,67105167,0x3fff18f,20,3,3,3,3,True,True,False
odd_wheel,odd_wheel_W14,14,26,67105170,0x3fff192,18,3,3,3,3,True,True,False
odd_wheel,odd_wheel_W14,14,26,67105176,0x3fff198,18,3,3,3,3,True,True,False
odd_wheel,odd_wheel_W14,14,26,67105181,0x3fff19d,20,3,3,3,3,True,True,False
odd_wheel,odd_wheel_W14,14,26,67105191,0x3fff1a7,20,3,3,3,3,True,True,False
odd_wheel,odd_wheel_W14,14,26,67105198,0x3fff1ae,20,3,3,3,3,True,True,False
odd_wheel,odd_wheel_W14,14,26,67105203,0x3fff1b3,20,3,3,3,3,True,True,False
odd_wheel,odd_wheel_W14,14,26,67105209,0x3fff1b9,20,3,3,3,3,True,True,False
odd_wheel,odd_wheel_W14,14,26,67105212,0x3fff1bc,20,3,3,3,3,True,True,False
odd_wheel,odd_wheel_W14,14,26,67105218,0x3fff1c2,18,3,3,3,3,True,True,False
odd_wheel,odd_wheel_W14,14,26,67105224,0x3fff1c8,18,3,3,3,3,True,True,False
odd_wheel,odd_wheel_W14,14,26,67105229,0x3fff1cd,20,3,3,3,3,True,True,False
odd_wheel,odd_wheel_W14,14,26,67105238,0x3fff1d6,20,3,3,3,3,True,True,False
odd_wheel,odd_wheel_W14,14,26,67105247,0x3fff1df,22,3,3,3,3,True,True,False
odd_wheel,odd_wheel_W14,14,26,67105248,0x3fff1e0,18,3,3,3,3,True,True,False
odd_wheel,odd_wheel_W14,14,26,67105253,0x3fff1e5,20,3,3,3,3,True,True,False
odd_wheel,odd_wheel_W14,14,26,67105258,0x3fff1ea,20,3,3,3,3,True,True,False
odd_wheel,odd_wheel_W14,14,26,67105265,0x3fff1f1,20,3,3,3,3,True,True,False
odd_wheel,odd_wheel_W14,14,26,67105268,0x3fff1f4,20,3,3,3,3,True,True,False
odd_wheel,odd_wheel_W14,14,26,67105275,0x3fff1fb,22,3,3,3,3,True,True,False
odd_wheel,odd_wheel_W14,14,26,67105281,0x3fff201,16,3,3,3,3,True,True,False
odd_wheel,odd_wheel_W14,14,26,67105284,0x3fff204,16,3,3,3,3,True,True,False
odd_wheel,odd_wheel_W14,14,26,67105291,0x3fff20b,18,3,3,3,3,True,True,False
odd_wheel,odd_wheel_W14,14,26,67105296,0x3fff210,16,3,3,3,3,True,True,False
odd_wheel,odd_wheel_W14,14,26,67105301,0x3fff215,18,3,3,3,3,True,True,False
odd_wheel,odd_wheel_W14,14,26,67105306,0x3fff21a,18,3,3,3,3,True,True,False
odd_wheel,odd_wheel_W14,14,26,67105315,0x3fff223,18,3,3,3,3,True,True,False
odd_wheel,odd_wheel_W14,14,26,67105321,0x3fff229,18,3,3,3,3,True,True,False
odd_wheel,odd_wheel_W14,14,26,67105324,0x3fff22c,18,3,3,3,3,True,True,False
odd_wheel,odd_wheel_W14,14,26,67105335,0x3fff237,20,3,3,3,3,True,True,False
odd_wheel,odd_wheel_W14,14,26,67105342,0x3fff23e,20,3,3,3,3,True,True,False
odd_wheel,odd_wheel_W14,14,26,67105344,0x3fff240,16,3,3,3,3,True,True,False
odd_wheel,odd_wheel_W14,14,26,67105349,0x3fff245,18,3,3,3,3,True,True,False
odd_wheel,odd_wheel_W14,14,26,67105354,0x3fff24a,18,3,3,3,3,True,True,False
odd_wheel,odd_wheel_W14,14,26,67105361,0x3fff251,18,3,3,3,3,True,True,False
odd_wheel,odd_wheel_W14,14,26,67105364,0x3fff254,18,3,3,3,3,True,True,False
odd_wheel,odd_wheel_W14,14,26,67105371,0x3fff25b,20,3,3,3,3,True,True,False
odd_wheel,odd_wheel_W14,14,26,67105378,0x3fff262,18,3,3,3,3,True,True,False
odd_wheel,odd_wheel_W14,14,26,67105384,0x3fff268,18,3,3,3,3,True,True,False
odd_wheel,odd_wheel_W14,14,26,67105389,0x3fff26d,20,3,3,3,3,True,True,False
odd_wheel,odd_wheel_W14,14,26,67105398,0x3fff276,20,3,3,3,3,True,True,False
odd_wheel,odd_wheel_W14,14,26,67105407,0x3fff27f,22,3,3,3,3,True,True,False
odd_wheel,odd_wheel_W14,14,26,67105411,0x3fff283,18,3,3,3,3,True,True,False
odd_wheel,odd_wheel_W14,14,26,67105417,0x3fff289,18,3,3,3,3,True,True,False
odd_wheel,odd_wheel_W14,14,26,67105420,0x3fff28c,18,3,3,3,3,True,True,False
odd_wheel,odd_wheel_W14,14,26,67105431,0x3fff297,20,3,3,3,3,True,True,False
odd_wheel,odd_wheel_W14,14,26,67105438,0x3fff29e,20,3,3,3,3,True,True,False
odd_wheel,odd_wheel_W14,14,26,67105441,0x3fff2a1,18,3,3,3,3,True,True,False
odd_wheel,odd_wheel_W14,14,26,67105444,0x3fff2a4,18,3,3,3,3,True,True,False
odd_wheel,odd_wheel_W14,14,26,67105451,0x3fff2ab,20,3,3,3,3,True,True,False
odd_wheel,odd_wheel_W14,14,26,67105456,0x3fff2b0,18,3,3,3,3,True,True,False
odd_wheel,odd_wheel_W14,14,26,67105461,0x3fff2b5,20,3,3,3,3,True,True,False
odd_wheel,odd_wheel_W14,14,26,67105466,0x3fff2ba,20,3,3,3,3,True,True,False
odd_wheel,odd_wheel_W14,14,26,67105479,0x3fff2c7,20,3,3,3,3,True,True,False
odd_wheel,odd_wheel_W14,14,26,67105486,0x3fff2ce,20,3,3,3,3,True,True,False
odd_wheel,odd_wheel_W14,14,26,67105491,0x3fff2d3,20,3,3,3,3,True,True,False
odd_wheel,odd_wheel_W14,14,26,67105497,0x3fff2d9,20,3,3,3,3,True,True,False
odd_wheel,odd_wheel_W14,14,26,67105500,0x3fff2dc,20,3,3,3,3,True,True,False
odd_wheel,odd_wheel_W14,14,26,67105510,0x3fff2e6,20,3,3,3,3,True,True,False
odd_wheel,odd_wheel_W14,14,26,67105519,0x3fff2ef,22,3,3,3,3,True,True,False
odd_wheel,odd_wheel_W14,14,26,67105522,0x3fff2f2,20,3,3,3,3,True,True,False
odd_wheel,odd_wheel_W14,14,26,67105528,0x3fff2f8,20,3,3,3,3,True,True,False
odd_wheel,odd_wheel_W14,14,26,67105533,0x3fff2fd,22,3,3,3,3,True,True,False
odd_wheel,odd_wheel_W14,14,26,67105536,0x3fff300,16,3,3,3,3,True,True,False
odd_wheel,odd_wheel_W14,14,26,67105541,0x3fff305,18,3,3,3,3,True,True,False
odd_wheel,odd_wheel_W14,14,26,67105546,0x3fff30a,18,3,3,3,3,True,True,False
odd_wheel,odd_wheel_W14,14,26,67105553,0x3fff311,18,3,3,3,3,True,True,False
odd_wheel,odd_wheel_W14,14,26,67105556,0x3fff314,18,3,3,3,3,True,True,False
odd_wheel,odd_wheel_W14,14,26,67105563,0x3fff31b,20,3,3,3,3,True,True,False
odd_wheel,odd_wheel_W14,14,26,67105570,0x3fff322,18,3,3,3,3,True,True,False
odd_wheel,odd_wheel_W14,14,26,67105576,0x3fff328,18,3,3,3,3,True,True,False
odd_wheel,odd_wheel_W14,14,26,67105581,0x3fff32d,20,3,3,3,3,True,True,False
odd_wheel,odd_wheel_W14,14,26,67105590,0x3fff336,20,3,3,3,3,True,True,False
odd_wheel,odd_wheel_W14,14,26,67105599,0x3fff33f,22,3,3,3,3,True,True,False
odd_wheel,odd_wheel_W14,14,26,67105601,0x3fff341,18,3,3,3,3,True,True,False
odd_wheel,odd_wheel_W14,14,26,67105604,0x3fff344,18,3,3,3,3,True,True,False
odd_wheel,odd_wheel_W14,14,26,67105611,0x3fff34b,20,3,3,3,3,True,True,False
odd_wheel,odd_wheel_W14,14,26,67105616,0x3fff350,18,3,3,3,3,True,True,False
odd_wheel,odd_wheel_W14,14,26,67105621,0x3fff355,20,3,3,3,3,True,True,False
odd_wheel,odd_wheel_W14,14,26,67105626,0x3fff35a,20,3,3,3,3,True,True,False
odd_wheel,odd_wheel_W14,14,26,67105635,0x3fff363,20,3,3,3,3,True,True,False
odd_wheel,odd_wheel_W14,14,26,67105641,0x3fff369,20,3,3,3,3,True,True,False
odd_wheel,odd_wheel_W14,14,26,67105644,0x3fff36c,20,3,3,3,3,True,True,False
odd_wheel,odd_wheel_W14,14,26,67105655,0x3fff377,22,3,3,3,3,True,True,False
odd_wheel,odd_wheel_W14,14,26,67105662,0x3fff37e,22,3,3,3,3,True,True,False
odd_wheel,odd_wheel_W14,14,26,67105666,0x3fff382,18,3,3,3,3,True,True,False
odd_wheel,odd_wheel_W14,14,26,67105672,0x3fff388,18,3,3,3,3,True,True,False
odd_wheel,odd_wheel_W14,14,26,67105677,0x3fff38d,20,3,3,3,3,True,True,False
odd_wheel,odd_wheel_W14,14,26,67105686,0x3fff396,20,3,3,3,3,True,True,False
odd_wheel,odd_wheel_W14,14,26,67105695,0x3fff39f,22,3,3,3,3,True,True,False
odd_wheel,odd_wheel_W14,14,26,67105696,0x3fff3a0,18,3,3,3,3,True,True,False
odd_wheel,odd_wheel_W14,14,26,67105701,0x3fff3a5,20,3,3,3,3,True,True,False
odd_wheel,odd_wheel_W14,14,26,67105706,0x3fff3aa,20,3,3,3,3,True,True,False
odd_wheel,odd_wheel_W14,14,26,67105713,0x3fff3b1,20,3,3,3,3,True,True,False
odd_wheel,odd_wheel_W14,14,26,67105716,0x3fff3b4,20,3,3,3,3,True,True,False
odd_wheel,odd_wheel_W14,14,26,67105723,0x3fff3bb,22,3,3,3,3,True,True,False
odd_wheel,odd_wheel_W14,14,26,67105734,0x3fff3c6,20,3,3,3,3,True,True,False
odd_wheel,odd_wheel_W14,14,26,67105743,0x3fff3cf,22,3,3,3,3,True,True,False
odd_wheel,odd_wheel_W14,14,26,67105746,0x3fff3d2,20,3,3,3,3,True,True,False
odd_wheel,odd_wheel_W14,14,26,67105752,0x3fff3d8,20,3,3,3,3,True,True,False
odd_wheel,odd_wheel_W14,14,26,67105757,0x3fff3dd,22,3,3,3,3,True,True,False
odd_wheel,odd_wheel_W14,14,26,67105767,0x3fff3e7,22,3,3,3,3,True,True,False
odd_wheel,odd_wheel_W14,14,26,67105774,0x3fff3ee,22,3,3,3,3,True,True,False
odd_wheel,odd_wheel_W14,14,26,67105779,0x3fff3f3,22,3,3,3,3,True,True,False
odd_wheel,odd_wheel_W14,14,26,67105785,0x3fff3f9,22,3,3,3,3,True,True,False
odd_wheel,odd_wheel_W14,14,26,67105788,0x3fff3fc,22,3,3,3,3,True,True,False
odd_wheel,odd_wheel_W14,14,26,67105799,0x3fff407,18,3,3,3,3,True,True,False
odd_wheel,odd_wheel_W14,14,26,67105806,0x3fff40e,18,3,3,3,3,True,True,False
odd_wheel,odd_wheel_W14,14,26,67105811,0x3fff413,18,3,3,3,3,True,True,False
odd_wheel,odd_wheel_W14,14,26,67105817,0x3fff419,18,3,3,3,3,True,True,False
odd_wheel,odd_wheel_W14,14,26,67105820,0x3fff41c,18,3,3,3,3,True,True,False
odd_wheel,odd_wheel_W14,14,26,67105830,0x3fff426,18,3,3,3,3,True,True,False
odd_wheel,odd_wheel_W14,14,26,67105839,0x3fff42f,20,3,3,3,3,True,True,False
odd_wheel,odd_wheel_W14,14,26,67105842,0x3fff432,18,3,3,3,3,True,True,False
odd_wheel,odd_wheel_W14,14,26,67105848,0x3fff438,18,3,3,3,3,True,True,False
odd_wheel,odd_wheel_W14,14,26,67105853,0x3fff43d,20,3,3,3,3,True,True,False
odd_wheel,odd_wheel_W14,14,26,67105859,0x3fff443,18,3,3,3,3,True,True,False
odd_wheel,odd_wheel_W14,14,26,67105865,0x3fff449,18,3,3,3,3,True,True,False
odd_wheel,odd_wheel_W14,14,26,67105868,0x3fff44c,18,3,3,3,3,True,True,False
odd_wheel,odd_wheel_W14,14,26,67105879,0x3fff457,20,3,3,3,3,True,True,False
odd_wheel,odd_wheel_W14,14,26,67105886,0x3fff45e,20,3,3,3,3,True,True,False
odd_wheel,odd_wheel_W14,14,26,67105889,0x3fff461,18,3,3,3,3,True,True,False
odd_wheel,odd_wheel_W14,14,26,67105892,0x3fff464,18,3,3,3,3,True,True,False
odd_wheel,odd_wheel_W14,14,26,67105899,0x3fff46b,20,3,3,3,3,True,True,False
odd_wheel,odd_wheel_W14,14,26,67105904,0x3fff470,18,3,3,3,3,True,True,False
odd_wheel,odd_wheel_W14,14,26,67105909,0x3fff475,20,3,3,3,3,True,True,False
odd_wheel,odd_wheel_W14,14,26,67105914,0x3fff47a,20,3,3,3,3,True,True,False
odd_wheel,odd_wheel_W14,14,26,67105926,0x3fff486,18,3,3,3,3,True,True,False
odd_wheel,odd_wheel_W14,14,26,67105935,0x3fff48f,20,3,3,3,3,True,True,False
odd_wheel,odd_wheel_W14,14,26,67105938,0x3fff492,18,3,3,3,3,True,True,False
odd_wheel,odd_wheel_W14,14,26,67105944,0x3fff498,18,3,3,3,3,True,True,False
odd_wheel,odd_wheel_W14,14,26,67105949,0x3fff49d,20,3,3,3,3,True,True,False
odd_wheel,odd_wheel_W14,14,26,67105959,0x3fff4a7,20,3,3,3,3,True,True,False
odd_wheel,odd_wheel_W14,14,26,67105966,0x3fff4ae,20,3,3,3,3,True,True,False
odd_wheel,odd_wheel_W14,14,26,67105971,0x3fff4b3,20,3,3,3,3,True,True,False
odd_wheel,odd_wheel_W14,14,26,67105977,0x3fff4b9,20,3,3,3,3,True,True,False
odd_wheel,odd_wheel_W14,14,26,67105980,0x3fff4bc,20,3,3,3,3,True,True,False
odd_wheel,odd_wheel_W14,14,26,67105986,0x3fff4c2,18,3,3,3,3,True,True,False
odd_wheel,odd_wheel_W14,14,26,67105992,0x3fff4c8,18,3,3,3,3,True,True,False
odd_wheel,odd_wheel_W14,14,26,67105997,0x3fff4cd,20,3,3,3,3,True,True,False
odd_wheel,odd_wheel_W14,14,26,67106006,0x3fff4d6,20,3,3,3,3,True,True,False
odd_wheel,odd_wheel_W14,14,26,67106015,0x3fff4df,22,3,3,3,3,True,True,False
odd_wheel,odd_wheel_W14,14,26,67106016,0x3fff4e0,18,3,3,3,3,True,True,False
odd_wheel,odd_wheel_W14,14,26,67106021,0x3fff4e5,20,3,3,3,3,True,True,False
odd_wheel,odd_wheel_W14,14,26,67106026,0x3fff4ea,20,3,3,3,3,True,True,False
odd_wheel,odd_wheel_W14,14,26,67106033,0x3fff4f1,20,3,3,3,3,True,True,False
odd_wheel,odd_wheel_W14,14,26,67106036,0x3fff4f4,20,3,3,3,3,True,True,False
odd_wheel,odd_wheel_W14,14,26,67106043,0x3fff4fb,22,3,3,3,3,True,True,False
odd_wheel,odd_wheel_W14,14,26,67106051,0x3fff503,18,3,3,3,3,True,True,False
odd_wheel,odd_wheel_W14,14,26,67106057,0x3fff509,18,3,3,3,3,True,True,False
odd_wheel,odd_wheel_W14,14,26,67106060,0x3fff50c,18,3,3,3,3,True,True,False
odd_wheel,odd_wheel_W14,14,26,67106071,0x3fff517,20,3,3,3,3,True,True,False
odd_wheel,odd_wheel_W14,14,26,67106078,0x3fff51e,20,3,3,3,3,True,True,False
odd_wheel,odd_wheel_W14,14,26,67106081,0x3fff521,18,3,3,3,3,True,True,False
odd_wheel,odd_wheel_W14,14,26,67106084,0x3fff524,18,3,3,3,3,True,True,False
odd_wheel,odd_wheel_W14,14,26,67106091,0x3fff52b,20,3,3,3,3,True,True,False
odd_wheel,odd_wheel_W14,14,26,67106096,0x3fff530,18,3,3,3,3,True,True,False
odd_wheel,odd_wheel_W14,14,26,67106101,0x3fff535,20,3,3,3,3,True,True,False
odd_wheel,odd_wheel_W14,14,26,67106106,0x3fff53a,20,3,3,3,3,True,True,False
odd_wheel,odd_wheel_W14,14,26,67106119,0x3fff547,20,3,3,3,3,True,True,False
odd_wheel,odd_wheel_W14,14,26,67106126,0x3fff54e,20,3,3,3,3,True,True,False
odd_wheel,odd_wheel_W14,14,26,67106131,0x3fff553,20,3,3,3,3,True,True,False
odd_wheel,odd_wheel_W14,14,26,67106137,0x3fff559,20,3,3,3,3,True,True,False
odd_wheel,odd_wheel_W14,14,26,67106140,0x3fff55c,20,3,3,3,3,True,True,False
odd_wheel,odd_wheel_W14,14,26,67106150,0x3fff566,20,3,3,3,3,True,True,False
odd_wheel,odd_wheel_W14,14,26,67106159,0x3fff56f,22,3,3,3,3,True,True,False
odd_wheel,odd_wheel_W14,14,26,67106162,0x3fff572,20,3,3,3,3,True,True,False
odd_wheel,odd_wheel_W14,14,26,67106168,0x3fff578,20,3,3,3,3,True,True,False
odd_wheel,odd_wheel_W14,14,26,67106173,0x3fff57d,22,3,3,3,3,True,True,False
odd_wheel,odd_wheel_W14,14,26,67106177,0x3fff581,18,3,3,3,3,True,True,False
odd_wheel,odd_wheel_W14,14,26,67106180,0x3fff584,18,3,3,3,3,True,True,False
odd_wheel,odd_wheel_W14,14,26,67106187,0x3fff58b,20,3,3,3,3,True,True,False
odd_wheel,odd_wheel_W14,14,26,67106192,0x3fff590,18,3,3,3,3,True,True,False
odd_wheel,odd_wheel_W14,14,26,67106197,0x3fff595,20,3,3,3,3,True,True,False
odd_wheel,odd_wheel_W14,14,26,67106202,0x3fff59a,20,3,3,3,3,True,True,False
odd_wheel,odd_wheel_W14,14,26,67106211,0x3fff5a3,20,3,3,3,3,True,True,False
odd_wheel,odd_wheel_W14,14,26,67106217,0x3fff5a9,20,3,3,3,3,True,True,False
odd_wheel,odd_wheel_W14,14,26,67106220,0x3fff5ac,20,3,3,3,3,True,True,False
odd_wheel,odd_wheel_W14,14,26,67106231,0x3fff5b7,22,3,3,3,3,True,True,False
odd_wheel,odd_wheel_W14,14,26,67106238,0x3fff5be,22,3,3,3,3,True,True,False
odd_wheel,odd_wheel_W14,14,26,67106240,0x3fff5c0,18,3,3,3,3,True,True,False
odd_wheel,odd_wheel_W14,14,26,67106245,0x3fff5c5,20,3,3,3,3,True,True,False
odd_wheel,odd_wheel_W14,14,26,67106250,0x3fff5ca,20,3,3,3,3,True,True,False
odd_wheel,odd_wheel_W14,14,26,67106257,0x3fff5d1,20,3,3,3,3,True,True,False
odd_wheel,odd_wheel_W14,14,26,67106260,0x3fff5d4,20,3,3,3,3,True,True,False
odd_wheel,odd_wheel_W14,14,26,67106267,0x3fff5db,22,3,3,3,3,True,True,False
odd_wheel,odd_wheel_W14,14,26,67106274,0x3fff5e2,20,3,3,3,3,True,True,False
odd_wheel,odd_wheel_W14,14,26,67106280,0x3fff5e8,20,3,3,3,3,True,True,False
odd_wheel,odd_wheel_W14,14,26,67106285,0x3fff5ed,22,3,3,3,3,True,True,False
odd_wheel,odd_wheel_W14,14,26,67106294,0x3fff5f6,22,3,3,3,3,True,True,False
odd_wheel,odd_wheel_W14,14,26,67106303,0x3fff5ff,24,3,3,3,3,True,True,False
odd_wheel,odd_wheel_W14,14,26,67106310,0x3fff606,18,3,3,3,3,True,True,False
odd_wheel,odd_wheel_W14,14,26,67106319,0x3fff60f,20,3,3,3,3,True,True,False
odd_wheel,odd_wheel_W14,14,26,67106322,0x3fff612,18,3,3,3,3,True,True,False
odd_wheel,odd_wheel_W14,14,26,67106328,0x3fff618,18,3,3,3,3,True,True,False
odd_wheel,odd_wheel_W14,14,26,67106333,0x3fff61d,20,3,3,3,3,True,True,False
odd_wheel,odd_wheel_W14,14,26,67106343,0x3fff627,20,3,3,3,3,True,True,False
odd_wheel,odd_wheel_W14,14,26,67106350,0x3fff62e,20,3,3,3,3,True,True,False
odd_wheel,odd_wheel_W14,14,26,67106355,0x3fff633,20,3,3,3,3,True,True,False
odd_wheel,odd_wheel_W14,14,26,67106361,0x3fff639,20,3,3,3,3,True,True,False
odd_wheel,odd_wheel_W14,14,26,67106364,0x3fff63c,20,3,3,3,3,True,True,False
odd_wheel,odd_wheel_W14,14,26,67106370,0x3fff642,18,3,3,3,3,True,True,False
odd_wheel,odd_wheel_W14,14,26,67106376,0x3fff648,18,3,3,3,3,True,True,False
odd_wheel,odd_wheel_W14,14,26,67106381,0x3fff64d,20,3,3,3,3,True,True,False
odd_wheel,odd_wheel_W14,14,26,67106390,0x3fff656,20,3,3,3,3,True,True,False
odd_wheel,odd_wheel_W14,14,26,67106399,0x3fff65f,22,3,3,3,3,True,True,False
odd_wheel,odd_wheel_W14,14,26,67106400,0x3fff660,18,3,3,3,3,True,True,False
odd_wheel,odd_wheel_W14,14,26,67106405,0x3fff665,20,3,3,3,3,True,True,False
odd_wheel,odd_wheel_W14,14,26,67106410,0x3fff66a,20,3,3,3,3,True,True,False
odd_wheel,odd_wheel_W14,14,26,67106417,0x3fff671,20,3,3,3,3,True,True,False
odd_wheel,odd_wheel_W14,14,26,67106420,0x3fff674,20,3,3,3,3,True,True,False
odd_wheel,odd_wheel_W14,14,26,67106427,0x3fff67b,22,3,3,3,3,True,True,False
odd_wheel,odd_wheel_W14,14,26,67106439,0x3fff687,20,3,3,3,3,True,True,False
odd_wheel,odd_wheel_W14,14,26,67106446,0x3fff68e,20,3,3,3,3,True,True,False
odd_wheel,odd_wheel_W14,14,26,67106451,0x3fff693,20,3,3,3,3,True,True,False
odd_wheel,odd_wheel_W14,14,26,67106457,0x3fff699,20,3,3,3,3,True,True,False
odd_wheel,odd_wheel_W14,14,26,67106460,0x3fff69c,20,3,3,3,3,True,True,False
odd_wheel,odd_wheel_W14,14,26,67106470,0x3fff6a6,20,3,3,3,3,True,True,False
odd_wheel,odd_wheel_W14,14,26,67106479,0x3fff6af,22,3,3,3,3,True,True,False
odd_wheel,odd_wheel_W14,14,26,67106482,0x3fff6b2,20,3,3,3,3,True,True,False
odd_wheel,odd_wheel_W14,14,26,67106488,0x3fff6b8,20,3,3,3,3,True,True,False
odd_wheel,odd_wheel_W14,14,26,67106493,0x3fff6bd,22,3,3,3,3,True,True,False
odd_wheel,odd_wheel_W14,14,26,67106499,0x3fff6c3,20,3,3,3,3,True,True,False
odd_wheel,odd_wheel_W14,14,26,67106505,0x3fff6c9,20,3,3,3,3,True,True,False
odd_wheel,odd_wheel_W14,14,26,67106508,0x3fff6cc,20,3,3,3,3,True,True,False
odd_wheel,odd_wheel_W14,14,26,67106519,0x3fff6d7,22,3,3,3,3,True,True,False
odd_wheel,odd_wheel_W14,14,26,67106526,0x3fff6de,22,3,3,3,3,True,True,False
odd_wheel,odd_wheel_W14,14,26,67106529,0x3fff6e1,20,3,3,3,3,True,True,False
odd_wheel,odd_wheel_W14,14,26,67106532,0x3fff6e4,20,3,3,3,3,True,True,False
odd_wheel,odd_wheel_W14,14,26,67106539,0x3fff6eb,22,3,3,3,3,True,True,False
odd_wheel,odd_wheel_W14,14,26,67106544,0x3fff6f0,20,3,3,3,3,True,True,False
odd_wheel,odd_wheel_W14,14,26,67106549,0x3fff6f5,22,3,3,3,3,True,True,False
odd_wheel,odd_wheel_W14,14,26,67106554,0x3fff6fa,22,3,3,3,3,True,True,False
odd_wheel,odd_wheel_W14,14,26,67106562,0x3fff702,18,3,3,3,3,True,True,False
odd_wheel,odd_wheel_W14,14,26,67106568,0x3fff708,18,3,3,3,3,True,True,False
odd_wheel,odd_wheel_W14,14,26,67106573,0x3fff70d,20,3,3,3,3,True,True,False
odd_wheel,odd_wheel_W14,14,26,67106582,0x3fff716,20,3,3,3,3,True,True,False
odd_wheel,odd_wheel_W14,14,26,67106591,0x3fff71f,22,3,3,3,3,True,True,False
odd_wheel,odd_wheel_W14,14,26,67106592,0x3fff720,18,3,3,3,3,True,True,False
odd_wheel,odd_wheel_W14,14,26,67106597,0x3fff725,20,3,3,3,3,True,True,False
odd_wheel,odd_wheel_W14,14,26,67106602,0x3fff72a,20,3,3,3,3,True,True,False
odd_wheel,odd_wheel_W14,14,26,67106609,0x3fff731,20,3,3,3,3,True,True,False
odd_wheel,odd_wheel_W14,14,26,67106612,0x3fff734,20,3,3,3,3,True,True,False
odd_wheel,odd_wheel_W14,14,26,67106619,0x3fff73b,22,3,3,3,3,True,True,False
odd_wheel,odd_wheel_W14,14,26,67106630,0x3fff746,20,3,3,3,3,True,True,False
odd_wheel,odd_wheel_W14,14,26,67106639,0x3fff74f,22,3,3,3,3,True,True,False
odd_wheel,odd_wheel_W14,14,26,67106642,0x3fff752,20,3,3,3,3,True,True,False
odd_wheel,odd_wheel_W14,14,26,67106648,0x3fff758,20,3,3,3,3,True,True,False
odd_wheel,odd_wheel_W14,14,26,67106653,0x3fff75d,22,3,3,3,3,True,True,False
odd_wheel,odd_wheel_W14,14,26,67106663,0x3fff767,22,3,3,3,3,True,True,False
odd_wheel,odd_wheel_W14,14,26,67106670,0x3fff76e,22,3,3,3,3,True,True,False
odd_wheel,odd_wheel_W14,14,26,67106675,0x3fff773,22,3,3,3,3,True,True,False
odd_wheel,odd_wheel_W14,14,26,67106681,0x3fff779,22,3,3,3,3,True,True,False
odd_wheel,odd_wheel_W14,14,26,67106684,0x3fff77c,22,3,3,3,3,True,True,False
odd_wheel,odd_wheel_W14,14,26,67106688,0x3fff780,18,3,3,3,3,True,True,False
odd_wheel,odd_wheel_W14,14,26,67106693,0x3fff785,20,3,3,3,3,True,True,False
odd_wheel,odd_wheel_W14,14,26,67106698,0x3fff78a,20,3,3,3,3,True,True,False
odd_wheel,odd_wheel_W14,14,26,67106705,0x3fff791,20,3,3,3,3,True,True,False
odd_wheel,odd_wheel_W14,14,26,67106708,0x3fff794,20,3,3,3,3,True,True,False
odd_wheel,odd_wheel_W14,14,26,67106715,0x3fff79b,22,3,3,3,3,True,True,False
odd_wheel,odd_wheel_W14,14,26,67106722,0x3fff7a2,20,3,3,3,3,True,True,False
odd_wheel,odd_wheel_W14,14,26,67106728,0x3fff7a8,20,3,3,3,3,True,True,False
odd_wheel,odd_wheel_W14,14,26,67106733,0x3fff7ad,22,3,3,3,3,True,True,False
odd_wheel,odd_wheel_W14,14,26,67106742,0x3fff7b6,22,3,3,3,3,True,True,False
odd_wheel,odd_wheel_W14,14,26,67106751,0x3fff7bf,24,3,3,3,3,True,True,False
odd_wheel,odd_wheel_W14,14,26,67106753,0x3fff7c1,20,3,3,3,3,True,True,False
odd_wheel,odd_wheel_W14,14,26,67106756,0x3fff7c4,20,3,3,3,3,True,True,False
odd_wheel,odd_wheel_W14,14,26,67106763,0x3fff7cb,22,3,3,3,3,True,True,False
odd_wheel,odd_wheel_W14,14,26,67106768,0x3fff7d0,20,3,3,3,3,True,True,False
odd_wheel,odd_wheel_W14,14,26,67106773,0x3fff7d5,22,3,3,3,3,True,True,False
odd_wheel,odd_wheel_W14,14,26,67106778,0x3fff7da,22,3,3,3,3,True,True,False
odd_wheel,odd_wheel_W14,14,26,67106787,0x3fff7e3,22,3,3,3,3,True,True,False
odd_wheel,odd_wheel_W14,14,26,67106793,0x3fff7e9,22,3,3,3,3,True,True,False
odd_wheel,odd_wheel_W14,14,26,67106796,0x3fff7ec,22,3,3,3,3,True,True,False
odd_wheel,odd_wheel_W14,14,26,67106807,0x3fff7f7,24,3,3,3,3,True,True,False
odd_wheel,odd_wheel_W14,14,26,67106814,0x3fff7fe,24,3,3,3,3,True,True,False
odd_wheel,odd_wheel_W14,14,26,67106817,0x3fff801,16,3,3,3,3,True,True,False
odd_wheel,odd_wheel_W14,14,26,67106820,0x3fff804,16,3,3,3,3,True,True,False
odd_wheel,odd_wheel_W14,14,26,67106827,0x3fff80b,18,3,3,3,3,True,True,False
odd_wheel,odd_wheel_W14,14,26,67106832,0x3fff810,16,3,3,3,3,True,True,False
odd_wheel,odd_wheel_W14,14,26,67106837,0x3fff815,18,3,3,3,3,True,True,False
odd_wheel,odd_wheel_W14,14,26,67106842,0x3fff81a,18,3,3,3,3,True,True,False
odd_wheel,odd_wheel_W14,14,26,67106851,0x3fff823,18,3,3,3,3,True,True,False
odd_wheel,odd_wheel_W14,14,26,67106857,0x3fff829,18,3,3,3,3,True,True,False
odd_wheel,odd_wheel_W14,14,26,67106860,0x3fff82c,18,3,3,3,3,True,True,False
odd_wheel,odd_wheel_W14,14,26,67106871,0x3fff837,20,3,3,3,3,True,True,False
odd_wheel,odd_wheel_W14,14,26,67106878,0x3fff83e,20,3,3,3,3,True,True,False
odd_wheel,odd_wheel_W14,14,26,67106880,0x3fff840,16,3,3,3,3,True,True,False
odd_wheel,odd_wheel_W14,14,26,67106885,0x3fff845,18,3,3,3,3,True,True,False
odd_wheel,odd_wheel_W14,14,26,67106890,0x3fff84a,18,3,3,3,3,True,True,False
odd_wheel,odd_wheel_W14,14,26,67106897,0x3fff851,18,3,3,3,3,True,True,False
odd_wheel,odd_wheel_W14,14,26,67106900,0x3fff854,18,3,3,3,3,True,True,False
odd_wheel,odd_wheel_W14,14,26,67106907,0x3fff85b,20,3,3,3,3,True,True,False
odd_wheel,odd_wheel_W14,14,26,67106914,0x3fff862,18,3,3,3,3,True,True,False
odd_wheel,odd_wheel_W14,14,26,67106920,0x3fff868,18,3,3,3,3,True,True,False
odd_wheel,odd_wheel_W14,14,26,67106925,0x3fff86d,20,3,3,3,3,True,True,False
odd_wheel,odd_wheel_W14,14,26,67106934,0x3fff876,20,3,3,3,3,True,True,False
odd_wheel,odd_wheel_W14,14,26,67106943,0x3fff87f,22,3,3,3,3,True,True,False
odd_wheel,odd_wheel_W14,14,26,67106947,0x3fff883,18,3,3,3,3,True,True,False
odd_wheel,odd_wheel_W14,14,26,67106953,0x3fff889,18,3,3,3,3,True,True,False
odd_wheel,odd_wheel_W14,14,26,67106956,0x3fff88c,18,3,3,3,3,True,True,False
odd_wheel,odd_wheel_W14,14,26,67106967,0x3fff897,20,3,3,3,3,True,True,False
odd_wheel,odd_wheel_W14,14,26,67106974,0x3fff89e,20,3,3,3,3,True,True,False
odd_wheel,odd_wheel_W14,14,26,67106977,0x3fff8a1,18,3,3,3,3,True,True,False
odd_wheel,odd_wheel_W14,14,26,67106980,0x3fff8a4,18,3,3,3,3,True,True,False
odd_wheel,odd_wheel_W14,14,26,67106987,0x3fff8ab,20,3,3,3,3,True,True,False
odd_wheel,odd_wheel_W14,14,26,67106992,0x3fff8b0,18,3,3,3,3,True,True,False
odd_wheel,odd_wheel_W14,14,26,67106997,0x3fff8b5,20,3,3,3,3,True,True,False
odd_wheel,odd_wheel_W14,14,26,67107002,0x3fff8ba,20,3,3,3,3,True,True,False
odd_wheel,odd_wheel_W14,14,26,67107015,0x3fff8c7,20,3,3,3,3,True,True,False
odd_wheel,odd_wheel_W14,14,26,67107022,0x3fff8ce,20,3,3,3,3,True,True,False
odd_wheel,odd_wheel_W14,14,26,67107027,0x3fff8d3,20,3,3,3,3,True,True,False
odd_wheel,odd_wheel_W14,14,26,67107033,0x3fff8d9,20,3,3,3,3,True,True,False
odd_wheel,odd_wheel_W14,14,26,67107036,0x3fff8dc,20,3,3,3,3,True,True,False
odd_wheel,odd_wheel_W14,14,26,67107046,0x3fff8e6,20,3,3,3,3,True,True,False
odd_wheel,odd_wheel_W14,14,26,67107055,0x3fff8ef,22,3,3,3,3,True,True,False
odd_wheel,odd_wheel_W14,14,26,67107058,0x3fff8f2,20,3,3,3,3,True,True,False
odd_wheel,odd_wheel_W14,14,26,67107064,0x3fff8f8,20,3,3,3,3,True,True,False
odd_wheel,odd_wheel_W14,14,26,67107069,0x3fff8fd,22,3,3,3,3,True,True,False
odd_wheel,odd_wheel_W14,14,26,67107072,0x3fff900,16,3,3,3,3,True,True,False
odd_wheel,odd_wheel_W14,14,26,67107077,0x3fff905,18,3,3,3,3,True,True,False
odd_wheel,odd_wheel_W14,14,26,67107082,0x3fff90a,18,3,3,3,3,True,True,False
odd_wheel,odd_wheel_W14,14,26,67107089,0x3fff911,18,3,3,3,3,True,True,False
odd_wheel,odd_wheel_W14,14,26,67107092,0x3fff914,18,3,3,3,3,True,True,False
odd_wheel,odd_wheel_W14,14,26,67107099,0x3fff91b,20,3,3,3,3,True,True,False
odd_wheel,odd_wheel_W14,14,26,67107106,0x3fff922,18,3,3,3,3,True,True,False
odd_wheel,odd_wheel_W14,14,26,67107112,0x3fff928,18,3,3,3,3,True,True,False
odd_wheel,odd_wheel_W14,14,26,67107117,0x3fff92d,20,3,3,3,3,True,True,False
odd_wheel,odd_wheel_W14,14,26,67107126,0x3fff936,20,3,3,3,3,True,True,False
odd_wheel,odd_wheel_W14,14,26,67107135,0x3fff93f,22,3,3,3,3,True,True,False
odd_wheel,odd_wheel_W14,14,26,67107137,0x3fff941,18,3,3,3,3,True,True,False
odd_wheel,odd_wheel_W14,14,26,67107140,0x3fff944,18,3,3,3,3,True,True,False
odd_wheel,odd_wheel_W14,14,26,67107147,0x3fff94b,20,3,3,3,3,True,True,False
odd_wheel,odd_wheel_W14,14,26,67107152,0x3fff950,18,3,3,3,3,True,True,False
odd_wheel,odd_wheel_W14,14,26,67107157,0x3fff955,20,3,3,3,3,True,True,False
odd_wheel,odd_wheel_W14,14,26,67107162,0x3fff95a,20,3,3,3,3,True,True,False
odd_wheel,odd_wheel_W14,14,26,67107171,0x3fff963,20,3,3,3,3,True,True,False
odd_wheel,odd_wheel_W14,14,26,67107177,0x3fff969,20,3,3,3,3,True,True,False
odd_wheel,odd_wheel_W14,14,26,67107180,0x3fff96c,20,3,3,3,3,True,True,False
odd_wheel,odd_wheel_W14,14,26,67107191,0x3fff977,22,3,3,3,3,True,True,False
odd_wheel,odd_wheel_W14,14,26,67107198,0x3fff97e,22,3,3,3,3,True,True,False
odd_wheel,odd_wheel_W14,14,26,67107202,0x3fff982,18,3,3,3,3,True,True,False
odd_wheel,odd_wheel_W14,14,26,67107208,0x3fff988,18,3,3,3,3,True,True,False
odd_wheel,odd_wheel_W14,14,26,67107213,0x3fff98d,20,3,3,3,3,True,True,False
odd_wheel,odd_wheel_W14,14,26,67107222,0x3fff996,20,3,3,3,3,True,True,False
odd_wheel,odd_wheel_W14,14,26,67107231,0x3fff99f,22,3,3,3,3,True,True,False
odd_wheel,odd_wheel_W14,14,26,67107232,0x3fff9a0,18,3,3,3,3,True,True,False
odd_wheel,odd_wheel_W14,14,26,67107237,0x3fff9a5,20,3,3,3,3,True,True,False
odd_wheel,odd_wheel_W14,14,26,67107242,0x3fff9aa,20,3,3,3,3,True,True,False
odd_wheel,odd_wheel_W14,14,26,67107249,0x3fff9b1,20,3,3,3,3,True,True,False
odd_wheel,odd_wheel_W14,14,26,67107252,0x3fff9b4,20,3,3,3,3,True,True,False
odd_wheel,odd_wheel_W14,14,26,67107259,0x3fff9bb,22,3,3,3,3,True,True,False
odd_wheel,odd_wheel_W14,14,26,67107270,0x3fff9c6,20,3,3,3,3,True,True,False
odd_wheel,odd_wheel_W14,14,26,67107279,0x3fff9cf,22,3,3,3,3,True,True,False
odd_wheel,odd_wheel_W14,14,26,67107282,0x3fff9d2,20,3,3,3,3,True,True,False
odd_wheel,odd_wheel_W14,14,26,67107288,0x3fff9d8,20,3,3,3,3,True,True,False
odd_wheel,odd_wheel_W14,14,26,67107293,0x3fff9dd,22,3,3,3,3,True,True,False
odd_wheel,odd_wheel_W14,14,26,67107303,0x3fff9e7,22,3,3,3,3,True,True,False
odd_wheel,odd_wheel_W14,14,26,67107310,0x3fff9ee,22,3,3,3,3,True,True,False
odd_wheel,odd_wheel_W14,14,26,67107315,0x3fff9f3,22,3,3,3,3,True,True,False
odd_wheel,odd_wheel_W14,14,26,67107321,0x3fff9f9,22,3,3,3,3,True,True,False
odd_wheel,odd_wheel_W14,14,26,67107324,0x3fff9fc,22,3,3,3,3,True,True,False
odd_wheel,odd_wheel_W14,14,26,67107331,0x3fffa03,18,3,3,3,3,True,True,False
odd_wheel,odd_wheel_W14,14,26,67107337,0x3fffa09,18,3,3,3,3,True,True,False
odd_wheel,odd_wheel_W14,14,26,67107340,0x3fffa0c,18,3,3,3,3,True,True,False
odd_wheel,odd_wheel_W14,14,26,67107351,0x3fffa17,20,3,3,3,3,True,True,False
odd_wheel,odd_wheel_W14,14,26,67107358,0x3fffa1e,20,3,3,3,3,True,True,False
odd_wheel,odd_wheel_W14,14,26,67107361,0x3fffa21,18,3,3,3,3,True,True,False
odd_wheel,odd_wheel_W14,14,26,67107364,0x3fffa24,18,3,3,3,3,True,True,False
odd_wheel,odd_wheel_W14,14,26,67107371,0x3fffa2b,20,3,3,3,3,True,True,False
odd_wheel,odd_wheel_W14,14,26,67107376,0x3fffa30,18,3,3,3,3,True,True,False
odd_wheel,odd_wheel_W14,14,26,67107381,0x3fffa35,20,3,3,3,3,True,True,False
odd_wheel,odd_wheel_W14,14,26,67107386,0x3fffa3a,20,3,3,3,3,True,True,False
odd_wheel,odd_wheel_W14,14,26,67107399,0x3fffa47,20,3,3,3,3,True,True,False
odd_wheel,odd_wheel_W14,14,26,67107406,0x3fffa4e,20,3,3,3,3,True,True,False
odd_wheel,odd_wheel_W14,14,26,67107411,0x3fffa53,20,3,3,3,3,True,True,False
odd_wheel,odd_wheel_W14,14,26,67107417,0x3fffa59,20,3,3,3,3,True,True,False
odd_wheel,odd_wheel_W14,14,26,67107420,0x3fffa5c,20,3,3,3,3,True,True,False
odd_wheel,odd_wheel_W14,14,26,67107430,0x3fffa66,20,3,3,3,3,True,True,False
odd_wheel,odd_wheel_W14,14,26,67107439,0x3fffa6f,22,3,3,3,3,True,True,False
odd_wheel,odd_wheel_W14,14,26,67107442,0x3fffa72,20,3,3,3,3,True,True,False
odd_wheel,odd_wheel_W14,14,26,67107448,0x3fffa78,20,3,3,3,3,True,True,False
odd_wheel,odd_wheel_W14,14,26,67107453,0x3fffa7d,22,3,3,3,3,True,True,False
odd_wheel,odd_wheel_W14,14,26,67107457,0x3fffa81,18,3,3,3,3,True,True,False
odd_wheel,odd_wheel_W14,14,26,67107460,0x3fffa84,18,3,3,3,3,True,True,False
odd_wheel,odd_wheel_W14,14,26,67107467,0x3fffa8b,20,3,3,3,3,True,True,False
odd_wheel,odd_wheel_W14,14,26,67107472,0x3fffa90,18,3,3,3,3,True,True,False
odd_wheel,odd_wheel_W14,14,26,67107477,0x3fffa95,20,3,3,3,3,True,True,False
odd_wheel,odd_wheel_W14,14,26,67107482,0x3fffa9a,20,3,3,3,3,True,True,False
odd_wheel,odd_wheel_W14,14,26,67107491,0x3fffaa3,20,3,3,3,3,True,True,False
odd_wheel,odd_wheel_W14,14,26,67107497,0x3fffaa9,20,3,3,3,3,True,True,False
odd_wheel,odd_wheel_W14,14,26,67107500,0x3fffaac,20,3,3,3,3,True,True,False
odd_wheel,odd_wheel_W14,14,26,67107511,0x3fffab7,22,3,3,3,3,True,True,False
odd_wheel,odd_wheel_W14,14,26,67107518,0x3fffabe,22,3,3,3,3,True,True,False
odd_wheel,odd_wheel_W14,14,26,67107520,0x3fffac0,18,3,3,3,3,True,True,False
odd_wheel,odd_wheel_W14,14,26,67107525,0x3fffac5,20,3,3,3,3,True,True,False
odd_wheel,odd_wheel_W14,14,26,67107530,0x3fffaca,20,3,3,3,3,True,True,False
odd_wheel,odd_wheel_W14,14,26,67107537,0x3fffad1,20,3,3,3,3,True,True,False
odd_wheel,odd_wheel_W14,14,26,67107540,0x3fffad4,20,3,3,3,3,True,True,False
odd_wheel,odd_wheel_W14,14,26,67107547,0x3fffadb,22,3,3,3,3,True,True,False
odd_wheel,odd_wheel_W14,14,26,67107554,0x3fffae2,20,3,3,3,3,True,True,False
odd_wheel,odd_wheel_W14,14,26,67107560,0x3fffae8,20,3,3,3,3,True,True,False
odd_wheel,odd_wheel_W14,14,26,67107565,0x3fffaed,22,3,3,3,3,True,True,False
odd_wheel,odd_wheel_W14,14,26,67107574,0x3fffaf6,22,3,3,3,3,True,True,False
odd_wheel,odd_wheel_W14,14,26,67107583,0x3fffaff,24,3,3,3,3,True,True,False
odd_wheel,odd_wheel_W14,14,26,67107591,0x3fffb07,20,3,3,3,3,True,True,False
odd_wheel,odd_wheel_W14,14,26,67107598,0x3fffb0e,20,3,3,3,3,True,True,False
odd_wheel,odd_wheel_W14,14,26,67107603,0x3fffb13,20,3,3,3,3,True,True,False
odd_wheel,odd_wheel_W14,14,26,67107609,0x3fffb19,20,3,3,3,3,True,True,False
odd_wheel,odd_wheel_W14,14,26,67107612,0x3fffb1c,20,3,3,3,3,True,True,False
odd_wheel,odd_wheel_W14,14,26,67107622,0x3fffb26,20,3,3,3,3,True,True,False
odd_wheel,odd_wheel_W14,14,26,67107631,0x3fffb2f,22,3,3,3,3,True,True,False
odd_wheel,odd_wheel_W14,14,26,67107634,0x3fffb32,20,3,3,3,3,True,True,False
odd_wheel,odd_wheel_W14,14,26,67107640,0x3fffb38,20,3,3,3,3,True,True,False
odd_wheel,odd_wheel_W14,14,26,67107645,0x3fffb3d,22,3,3,3,3,True,True,False
odd_wheel,odd_wheel_W14,14,26,67107651,0x3fffb43,20,3,3,3,3,True,True,False
odd_wheel,odd_wheel_W14,14,26,67107657,0x3fffb49,20,3,3,3,3,True,True,False
odd_wheel,odd_wheel_W14,14,26,67107660,0x3fffb4c,20,3,3,3,3,True,True,False
odd_wheel,odd_wheel_W14,14,26,67107671,0x3fffb57,22,3,3,3,3,True,True,False
odd_wheel,odd_wheel_W14,14,26,67107678,0x3fffb5e,22,3,3,3,3,True,True,False
odd_wheel,odd_wheel_W14,14,26,67107681,0x3fffb61,20,3,3,3,3,True,True,False
odd_wheel,odd_wheel_W14,14,26,67107684,0x3fffb64,20,3,3,3,3,True,True,False
odd_wheel,odd_wheel_W14,14,26,67107691,0x3fffb6b,22,3,3,3,3,True,True,False
odd_wheel,odd_wheel_W14,14,26,67107696,0x3fffb70,20,3,3,3,3,True,True,False
odd_wheel,odd_wheel_W14,14,26,67107701,0x3fffb75,22,3,3,3,3,True,True,False
odd_wheel,odd_wheel_W14,14,26,67107706,0x3fffb7a,22,3,3,3,3,True,True,False
odd_wheel,odd_wheel_W14,14,26,67107718,0x3fffb86,20,3,3,3,3,True,True,False
odd_wheel,odd_wheel_W14,14,26,67107727,0x3fffb8f,22,3,3,3,3,True,True,False
odd_wheel,odd_wheel_W14,14,26,67107730,0x3fffb92,20,3,3,3,3,True,True,False
odd_wheel,odd_wheel_W14,14,26,67107736,0x3fffb98,20,3,3,3,3,True,True,False
odd_wheel,odd_wheel_W14,14,26,67107741,0x3fffb9d,22,3,3,3,3,True,True,False
odd_wheel,odd_wheel_W14,14,26,67107751,0x3fffba7,22,3,3,3,3,True,True,False
odd_wheel,odd_wheel_W14,14,26,67107758,0x3fffbae,22,3,3,3,3,True,True,False
odd_wheel,odd_wheel_W14,14,26,67107763,0x3fffbb3,22,3,3,3,3,True,True,False
odd_wheel,odd_wheel_W14,14,26,67107769,0x3fffbb9,22,3,3,3,3,True,True,False
odd_wheel,odd_wheel_W14,14,26,67107772,0x3fffbbc,22,3,3,3,3,True,True,False
odd_wheel,odd_wheel_W14,14,26,67107778,0x3fffbc2,20,3,3,3,3,True,True,False
odd_wheel,odd_wheel_W14,14,26,67107784,0x3fffbc8,20,3,3,3,3,True,True,False
odd_wheel,odd_wheel_W14,14,26,67107789,0x3fffbcd,22,3,3,3,3,True,True,False
odd_wheel,odd_wheel_W14,14,26,67107798,0x3fffbd6,22,3,3,3,3,True,True,False
odd_wheel,odd_wheel_W14,14,26,67107807,0x3fffbdf,24,3,3,3,3,True,True,False
odd_wheel,odd_wheel_W14,14,26,67107808,0x3fffbe0,20,3,3,3,3,True,True,False
odd_wheel,odd_wheel_W14,14,26,67107813,0x3fffbe5,22,3,3,3,3,True,True,False
odd_wheel,odd_wheel_W14,14,26,67107818,0x3fffbea,22,3,3,3,3,True,True,False
odd_wheel,odd_wheel_W14,14,26,67107825,0x3fffbf1,22,3,3,3,3,True,True,False
odd_wheel,odd_wheel_W14,14,26,67107828,0x3fffbf4,22,3,3,3,3,True,True,False
odd_wheel,odd_wheel_W14,14,26,67107835,0x3fffbfb,24,3,3,3,3,True,True,False
odd_wheel,odd_wheel_W14,14,26,67107840,0x3fffc00,16,3,3,3,3,True,True,False
odd_wheel,odd_wheel_W14,14,26,67107845,0x3fffc05,18,3,3,3,3,True,True,False
odd_wheel,odd_wheel_W14,14,26,67107850,0x3fffc0a,18,3,3,3,3,True,True,False
odd_wheel,odd_wheel_W14,14,26,67107857,0x3fffc11,18,3,3,3,3,True,True,False
odd_wheel,odd_wheel_W14,14,26,67107860,0x3fffc14,18,3,3,3,3,True,True,False
odd_wheel,odd_wheel_W14,14,26,67107867,0x3fffc1b,20,3,3,3,3,True,True,False
odd_wheel,odd_wheel_W14,14,26,67107874,0x3fffc22,18,3,3,3,3,True,True,False
odd_wheel,odd_wheel_W14,14,26,67107880,0x3fffc28,18,3,3,3,3,True,True,False
odd_wheel,odd_wheel_W14,14,26,67107885,0x3fffc2d,20,3,3,3,3,True,True,False
odd_wheel,odd_wheel_W14,14,26,67107894,0x3fffc36,20,3,3,3,3,True,True,False
odd_wheel,odd_wheel_W14,14,26,67107903,0x3fffc3f,22,3,3,3,3,True,True,False
odd_wheel,odd_wheel_W14,14,26,67107905,0x3fffc41,18,3,3,3,3,True,True,False
odd_wheel,odd_wheel_W14,14,26,67107908,0x3fffc44,18,3,3,3,3,True,True,False
odd_wheel,odd_wheel_W14,14,26,67107915,0x3fffc4b,20,3,3,3,3,True,True,False
odd_wheel,odd_wheel_W14,14,26,67107920,0x3fffc50,18,3,3,3,3,True,True,False
odd_wheel,odd_wheel_W14,14,26,67107925,0x3fffc55,20,3,3,3,3,True,True,False
odd_wheel,odd_wheel_W14,14,26,67107930,0x3fffc5a,20,3,3,3,3,True,True,False
odd_wheel,odd_wheel_W14,14,26,67107939,0x3fffc63,20,3,3,3,3,True,True,False
odd_wheel,odd_wheel_W14,14,26,67107945,0x3fffc69,20,3,3,3,3,True,True,False
odd_wheel,odd_wheel_W14,14,26,67107948,0x3fffc6c,20,3,3,3,3,True,True,False
odd_wheel,odd_wheel_W14,14,26,67107959,0x3fffc77,22,3,3,3,3,True,True,False
odd_wheel,odd_wheel_W14,14,26,67107966,0x3fffc7e,22,3,3,3,3,True,True,False
odd_wheel,odd_wheel_W14,14,26,67107970,0x3fffc82,18,3,3,3,3,True,True,False
odd_wheel,odd_wheel_W14,14,26,67107976,0x3fffc88,18,3,3,3,3,True,True,False
odd_wheel,odd_wheel_W14,14,26,67107981,0x3fffc8d,20,3,3,3,3,True,True,False
odd_wheel,odd_wheel_W14,14,26,67107990,0x3fffc96,20,3,3,3,3,True,True,False
odd_wheel,odd_wheel_W14,14,26,67107999,0x3fffc9f,22,3,3,3,3,True,True,False
odd_wheel,odd_wheel_W14,14,26,67108000,0x3fffca0,18,3,3,3,3,True,True,False
odd_wheel,odd_wheel_W14,14,26,67108005,0x3fffca5,20,3,3,3,3,True,True,False
odd_wheel,odd_wheel_W14,14,26,67108010,0x3fffcaa,20,3,3,3,3,True,True,False
odd_wheel,odd_wheel_W14,14,26,67108017,0x3fffcb1,20,3,3,3,3,True,True,False
odd_wheel,odd_wheel_W14,14,26,67108020,0x3fffcb4,20,3,3,3,3,True,True,False
odd_wheel,odd_wheel_W14,14,26,67108027,0x3fffcbb,22,3,3,3,3,True,True,False
odd_wheel,odd_wheel_W14,14,26,67108038,0x3fffcc6,20,3,3,3,3,True,True,False
odd_wheel,odd_wheel_W14,14,26,67108047,0x3fffccf,22,3,3,3,3,True,True,False
odd_wheel,odd_wheel_W14,14,26,67108050,0x3fffcd2,20,3,3,3,3,True,True,False
odd_wheel,odd_wheel_W14,14,26,67108056,0x3fffcd8,20,3,3,3,3,True,True,False
odd_wheel,odd_wheel_W14,14,26,67108061,0x3fffcdd,22,3,3,3,3,True,True,False
odd_wheel,odd_wheel_W14,14,26,67108071,0x3fffce7,22,3,3,3,3,True,True,False
odd_wheel,odd_wheel_W14,14,26,67108078,0x3fffcee,22,3,3,3,3,True,True,False
odd_wheel,odd_wheel_W14,14,26,67108083,0x3fffcf3,22,3,3,3,3,True,True,False
odd_wheel,odd_wheel_W14,14,26,67108089,0x3fffcf9,22,3,3,3,3,True,True,False
odd_wheel,odd_wheel_W14,14,26,67108092,0x3fffcfc,22,3,3,3,3,True,True,False
odd_wheel,odd_wheel_W14,14,26,67108097,0x3fffd01,18,3,3,3,3,True,True,False
odd_wheel,odd_wheel_W14,14,26,67108100,0x3fffd04,18,3,3,3,3,True,True,False
odd_wheel,odd_wheel_W14,14,26,67108107,0x3fffd0b,20,3,3,3,3,True,True,False
odd_wheel,odd_wheel_W14,14,26,67108112,0x3fffd10,18,3,3,3,3,True,True,False
odd_wheel,odd_wheel_W14,14,26,67108117,0x3fffd15,20,3,3,3,3,True,True,False
odd_wheel,odd_wheel_W14,14,26,67108122,0x3fffd1a,20,3,3,3,3,True,True,False
odd_wheel,odd_wheel_W14,14,26,67108131,0x3fffd23,20,3,3,3,3,True,True,False
odd_wheel,odd_wheel_W14,14,26,67108137,0x3fffd29,20,3,3,3,3,True,True,False
odd_wheel,odd_wheel_W14,14,26,67108140,0x3fffd2c,20,3,3,3,3,True,True,False
odd_wheel,odd_wheel_W14,14,26,67108151,0x3fffd37,22,3,3,3,3,True,True,False
odd_wheel,odd_wheel_W14,14,26,67108158,0x3fffd3e,22,3,3,3,3,True,True,False
odd_wheel,odd_wheel_W14,14,26,67108160,0x3fffd40,18,3,3,3,3,True,True,False
odd_wheel,odd_wheel_W14,14,26,67108165,0x3fffd45,20,3,3,3,3,True,True,False
odd_wheel,odd_wheel_W14,14,26,67108170,0x3fffd4a,20,3,3,3,3,True,True,False
odd_wheel,odd_wheel_W14,14,26,67108177,0x3fffd51,20,3,3,3,3,True,True,False
odd_wheel,odd_wheel_W14,14,26,67108180,0x3fffd54,20,3,3,3,3,True,True,False
odd_wheel,odd_wheel_W14,14,26,67108187,0x3fffd5b,22,3,3,3,3,True,True,False
odd_wheel,odd_wheel_W14,14,26,67108194,0x3fffd62,20,3,3,3,3,True,True,False
odd_wheel,odd_wheel_W14,14,26,67108200,0x3fffd68,20,3,3,3,3,True,True,False
odd_wheel,odd_wheel_W14,14,26,67108205,0x3fffd6d,22,3,3,3,3,True,True,False
odd_wheel,odd_wheel_W14,14,26,67108214,0x3fffd76,22,3,3,3,3,True,True,False
odd_wheel,odd_wheel_W14,14,26,67108223,0x3fffd7f,24,3,3,3,3,True,True,False
odd_wheel,odd_wheel_W14,14,26,67108227,0x3fffd83,20,3,3,3,3,True,True,False
odd_wheel,odd_wheel_W14,14,26,67108233,0x3fffd89,20,3,3,3,3,True,True,False
odd_wheel,odd_wheel_W14,14,26,67108236,0x3fffd8c,20,3,3,3,3,True,True,False
odd_wheel,odd_wheel_W14,14,26,67108247,0x3fffd97,22,3,3,3,3,True,True,False
odd_wheel,odd_wheel_W14,14,26,67108254,0x3fffd9e,22,3,3,3,3,True,True,False
odd_wheel,odd_wheel_W14,14,26,67108257,0x3fffda1,20,3,3,3,3,True,True,False
odd_wheel,odd_wheel_W14,14,26,67108260,0x3fffda4,20,3,3,3,3,True,True,False
odd_wheel,odd_wheel_W14,14,26,67108267,0x3fffdab,22,3,3,3,3,True,True,False
odd_wheel,odd_wheel_W14,14,26,67108272,0x3fffdb0,20,3,3,3,3,True,True,False
odd_wheel,odd_wheel_W14,14,26,67108277,0x3fffdb5,22,3,3,3,3,True,True,False
odd_wheel,odd_wheel_W14,14,26,67108282,0x3fffdba,22,3,3,3,3,True,True,False
odd_wheel,odd_wheel_W14,14,26,67108295,0x3fffdc7,22,3,3,3,3,True,True,False
odd_wheel,odd_wheel_W14,14,26,67108302,0x3fffdce,22,3,3,3,3,True,True,False
odd_wheel,odd_wheel_W14,14,26,67108307,0x3fffdd3,22,3,3,3,3,True,True,False
odd_wheel,odd_wheel_W14,14,26,67108313,0x3fffdd9,22,3,3,3,3,True,True,False
odd_wheel,odd_wheel_W14,14,26,67108316,0x3fffddc,22,3,3,3,3,True,True,False
odd_wheel,odd_wheel_W14,14,26,67108326,0x3fffde6,22,3,3,3,3,True,True,False
odd_wheel,odd_wheel_W14,14,26,67108335,0x3fffdef,24,3,3,3,3,True,True,False
odd_wheel,odd_wheel_W14,14,26,67108338,0x3fffdf2,22,3,3,3,3,True,True,False
odd_wheel,odd_wheel_W14,14,26,67108344,0x3fffdf8,22,3,3,3,3,True,True,False
odd_wheel,odd_wheel_W14,14,26,67108349,0x3fffdfd,24,3,3,3,3,True,True,False
odd_wheel,odd_wheel_W14,14,26,67108354,0x3fffe02,18,3,3,3,3,True,True,False
odd_wheel,odd_wheel_W14,14,26,67108360,0x3fffe08,18,3,3,3,3,True,True,False
odd_wheel,odd_wheel_W14,14,26,67108365,0x3fffe0d,20,3,3,3,3,True,True,False
odd_wheel,odd_wheel_W14,14,26,67108374,0x3fffe16,20,3,3,3,3,True,True,False
odd_wheel,odd_wheel_W14,14,26,67108383,0x3fffe1f,22,3,3,3,3,True,True,False
odd_wheel,odd_wheel_W14,14,26,67108384,0x3fffe20,18,3,3,3,3,True,True,False
odd_wheel,odd_wheel_W14,14,26,67108389,0x3fffe25,20,3,3,3,3,True,True,False
odd_wheel,odd_wheel_W14,14,26,67108394,0x3fffe2a,20,3,3,3,3,True,True,False
odd_wheel,odd_wheel_W14,14,26,67108401,0x3fffe31,20,3,3,3,3,True,True,False
odd_wheel,odd_wheel_W14,14,26,67108404,0x3fffe34,20,3,3,3,3,True,True,False
odd_wheel,odd_wheel_W14,14,26,67108411,0x3fffe3b,22,3,3,3,3,True,True,False
odd_wheel,odd_wheel_W14,14,26,67108422,0x3fffe46,20,3,3,3,3,True,True,False
odd_wheel,odd_wheel_W14,14,26,67108431,0x3fffe4f,22,3,3,3,3,True,True,False
odd_wheel,odd_wheel_W14,14,26,67108434,0x3fffe52,20,3,3,3,3,True,True,False
odd_wheel,odd_wheel_W14,14,26,67108440,0x3fffe58,20,3,3,3,3,True,True,False
odd_wheel,odd_wheel_W14,14,26,67108445,0x3fffe5d,22,3,3,3,3,True,True,False
odd_wheel,odd_wheel_W14,14,26,67108455,0x3fffe67,22,3,3,3,3,True,True,False
odd_wheel,odd_wheel_W14,14,26,67108462,0x3fffe6e,22,3,3,3,3,True,True,False
odd_wheel,odd_wheel_W14,14,26,67108467,0x3fffe73,22,3,3,3,3,True,True,False
odd_wheel,odd_wheel_W14,14,26,67108473,0x3fffe79,22,3,3,3,3,True,True,False
odd_wheel,odd_wheel_W14,14,26,67108476,0x3fffe7c,22,3,3,3,3,True,True,False
odd_wheel,odd_wheel_W14,14,26,67108480,0x3fffe80,18,3,3,3,3,True,True,False
odd_wheel,odd_wheel_W14,14,26,67108485,0x3fffe85,20,3,3,3,3,True,True,False
odd_wheel,odd_wheel_W14,14,26,67108490,0x3fffe8a,20,3,3,3,3,True,True,False
odd_wheel,odd_wheel_W14,14,26,67108497,0x3fffe91,20,3,3,3,3,True,True,False
odd_wheel,odd_wheel_W14,14,26,67108500,0x3fffe94,20,3,3,3,3,True,True,False
odd_wheel,odd_wheel_W14,14,26,67108507,0x3fffe9b,22,3,3,3,3,True,True,False
odd_wheel,odd_wheel_W14,14,26,67108514,0x3fffea2,20,3,3,3,3,True,True,False
odd_wheel,odd_wheel_W14,14,26,67108520,0x3fffea8,20,3,3,3,3,True,True,False
odd_wheel,odd_wheel_W14,14,26,67108525,0x3fffead,22,3,3,3,3,True,True,False
odd_wheel,odd_wheel_W14,14,26,67108534,0x3fffeb6,22,3,3,3,3,True,True,False
odd_wheel,odd_wheel_W14,14,26,67108543,0x3fffebf,24,3,3,3,3,True,True,False
odd_wheel,odd_wheel_W14,14,26,67108545,0x3fffec1,20,3,3,3,3,True,True,False
odd_wheel,odd_wheel_W14,14,26,67108548,0x3fffec4,20,3,3,3,3,True,True,False
odd_wheel,odd_wheel_W14,14,26,67108555,0x3fffecb,22,3,3,3,3,True,True,False
odd_wheel,odd_wheel_W14,14,26,67108560,0x3fffed0,20,3,3,3,3,True,True,False
odd_wheel,odd_wheel_W14,14,26,67108565,0x3fffed5,22,3,3,3,3,True,True,False
odd_wheel,odd_wheel_W14,14,26,67108570,0x3fffeda,22,3,3,3,3,True,True,False
odd_wheel,odd_wheel_W14,14,26,67108579,0x3fffee3,22,3,3,3,3,True,True,False
odd_wheel,odd_wheel_W14,14,26,67108585,0x3fffee9,22,3,3,3,3,True,True,False
odd_wheel,odd_wheel_W14,14,26,67108588,0x3fffeec,22,3,3,3,3,True,True,False
odd_wheel,odd_wheel_W14,14,26,67108599,0x3fffef7,24,3,3,3,3,True,True,False
odd_wheel,odd_wheel_W14,14,26,67108606,0x3fffefe,24,3,3,3,3,True,True,False
odd_wheel,odd_wheel_W14,14,26,67108614,0x3ffff06,20,3,3,3,3,True,True,False
odd_wheel,odd_wheel_W14,14,26,67108623,0x3ffff0f,22,3,3,3,3,True,True,False
odd_wheel,odd_wheel_W14,14,26,67108626,0x3ffff12,20,3,3,3,3,True,True,False
odd_wheel,odd_wheel_W14,14,26,67108632,0x3ffff18,20,3,3,3,3,True,True,False
odd_wheel,odd_wheel_W14,14,26,67108637,0x3ffff1d,22,3,3,3,3,True,True,False
odd_wheel,odd_wheel_W14,14,26,67108647,0x3ffff27,22,3,3,3,3,True,True,False
odd_wheel,odd_wheel_W14,14,26,67108654,0x3ffff2e,22,3,3,3,3,True,True,False
odd_wheel,odd_wheel_W14,14,26,67108659,0x3ffff33,22,3,3,3,3,True,True,False
odd_wheel,odd_wheel_W14,14,26,67108665,0x3ffff39,22,3,3,3,3,True,True,False
odd_wheel,odd_wheel_W14,14,26,67108668,0x3ffff3c,22,3,3,3,3,True,True,False
odd_wheel,odd_wheel_W14,14,26,67108674,0x3ffff42,20,3,3,3,3,True,True,False
odd_wheel,odd_wheel_W14,14,26,67108680,0x3ffff48,20,3,3,3,3,True,True,False
odd_wheel,odd_wheel_W14,14,26,67108685,0x3ffff4d,22,3,3,3,3,True,True,False
odd_wheel,odd_wheel_W14,14,26,67108694,0x3ffff56,22,3,3,3,3,True,True,False
odd_wheel,odd_wheel_W14,14,26,67108703,0x3ffff5f,24,3,3,3,3,True,True,False
odd_wheel,odd_wheel_W14,14,26,67108704,0x3ffff60,20,3,3,3,3,True,True,False
odd_wheel,odd_wheel_W14,14,26,67108709,0x3ffff65,22,3,3,3,3,True,True,False
odd_wheel,odd_wheel_W14,14,26,67108714,0x3ffff6a,22,3,3,3,3,True,True,False
odd_wheel,odd_wheel_W14,14,26,67108721,0x3ffff71,22,3,3,3,3,True,True,False
odd_wheel,odd_wheel_W14,14,26,67108724,0x3ffff74,22,3,3,3,3,True,True,False
odd_wheel,odd_wheel_W14,14,26,67108731,0x3ffff7b,24,3,3,3,3,True,True,False
odd_wheel,odd_wheel_W14,14,26,67108743,0x3ffff87,22,3,3,3,3,True,True,False
odd_wheel,odd_wheel_W14,14,26,67108750,0x3ffff8e,22,3,3,3,3,True,True,False
odd_wheel,odd_wheel_W14,14,26,67108755,0x3ffff93,22,3,3,3,3,True,True,False
odd_wheel,odd_wheel_W14,14,26,67108761,0x3ffff99,22,3,3,3,3,True,True,False
odd_wheel,odd_wheel_W14,14,26,67108764,0x3ffff9c,22,3,3,3,3,True,True,False
odd_wheel,odd_wheel_W14,14,26,67108774,0x3ffffa6,22,3,3,3,3,True,True,False
odd_wheel,odd_wheel_W14,14,26,67108783,0x3ffffaf,24,3,3,3,3,True,True,False
odd_wheel,odd_wheel_W14,14,26,67108786,0x3ffffb2,22,3,3,3,3,True,True,False
odd_wheel,odd_wheel_W14,14,26,67108792,0x3ffffb8,22,3,3,3,3,True,True,False
odd_wheel,odd_wheel_W14,14,26,67108797,0x3ffffbd,24,3,3,3,3,True,True,False
odd_wheel,odd_wheel_W14,14,26,67108803,0x3ffffc3,22,3,3,3,3,True,True,False
odd_wheel,odd_wheel_W14,14,26,67108809,0x3ffffc9,22,3,3,3,3,True,True,False
odd_wheel,odd_wheel_W14,14,26,67108812,0x3ffffcc,22,3,3,3,3,True,True,False
odd_wheel,odd_wheel_W14,14,26,67108823,0x3ffffd7,24,3,3,3,3,True,True,False
odd_wheel,odd_wheel_W14,14,26,67108830,0x3ffffde,24,3,3,3,3,True,True,False
odd_wheel,odd_wheel_W14,14,26,67108833,0x3ffffe1,22,3,3,3,3,True,True,False
odd_wheel,odd_wheel_W14,14,26,67108836,0x3ffffe4,22,3,3,3,3,True,True,False
odd_wheel,odd_wheel_W14,14,26,67108843,0x3ffffeb,24,3,3,3,3,True,True,False
odd_wheel,odd_wheel_W14,14,26,67108848,0x3fffff0,22,3,3,3,3,True,True,False
odd_wheel,odd_wheel_W14,14,26,67108853,0x3fffff5,24,3,3,3,3,True,True,False
odd_wheel,odd_wheel_W14,14,26,67108858,0x3fffffa,24,3,3,3,3,True,True,False
atlas_control,atlas_18,4,6,0,0x0,0,4,4,6,4,False,False,True
atlas_control,atlas_18,4,6,63,0x3f,6,3,3,3,3,True,True,False
atlas_control,atlas_51,5,9,0,0x0,0,5,5,9,4,False,False,True
atlas_control,atlas_51,5,9,207,0xcf,6,3,3,3,3,True,True,False
atlas_control,atlas_51,5,9,311,0x137,6,4,4,6,4,False,False,False
atlas_control,atlas_51,5,9,504,0x1f8,6,4,4,6,4,False,False,False
atlas_control,atlas_187,6,10,0,0x0,0,6,6,10,4,False,False,True
atlas_control,atlas_187,6,10,255,0xff,8,3,3,3,3,True,True,False
atlas_control,atlas_187,6,10,507,0x1fb,8,3,3,3,3,True,True,False
atlas_control,atlas_187,6,10,703,0x2bf,8,3,3,3,3,True,True,False
atlas_control,atlas_187,6,10,943,0x3af,8,3,3,3,3,True,True,False
atlas_control,atlas_187,6,10,1003,0x3eb,8,3,3,3,3,True,True,False
atlas_control,atlas_196,6,11,0,0x0,0,6,6,11,4,False,False,True
atlas_control,atlas_196,6,11,360,0x168,4,4,4,6,4,False,False,False
atlas_control,atlas_196,6,11,504,0x1f8,6,4,4,6,4,False,False,False
atlas_control,atlas_196,6,11,751,0x2ef,8,3,3,3,3,True,True,False
atlas_control,atlas_196,6,11,1151,0x47f,8,3,3,3,3,True,True,False
atlas_control,atlas_196,6,11,1263,0x4ef,8,3,3,3,3,True,True,False
atlas_control,atlas_196,6,11,1415,0x587,6,5,5,8,3,True,False,False
atlas_control,atlas_196,6,11,1896,0x768,6,4,4,6,4,False,False,False
atlas_control,atlas_202,6,12,0,0x0,0,6,6,12,4,False,False,True
atlas_control,atlas_202,6,12,435,0x1b3,6,4,4,6,4,False,False,False
atlas_control,atlas_202,6,12,1614,0x64e,6,4,4,6,4,False,False,False
atlas_control,atlas_202,6,12,2045,0x7fd,10,4,4,6,4,False,False,False
atlas_control,atlas_202,6,12,2109,0x83d,6,5,5,9,4,False,False,False
atlas_control,atlas_202,6,12,2446,0x98e,6,5,5,9,4,False,False,False
atlas_control,atlas_202,6,12,3699,0xe73,8,3,3,3,3,True,True,False
atlas_control,atlas_202,6,12,4032,0xfc0,6,5,5,9,4,False,False,False
atlas_control,atlas_998,7,12,0,0x0,0,7,7,12,4,False,False,True
atlas_control,atlas_998,7,12,102,0x66,4,5,5,9,4,False,False,False
atlas_control,atlas_998,7,12,983,0x3d7,8,4,4,6,4,False,False,False
atlas_control,atlas_998,7,12,1013,0x3f5,8,4,4,5,3,True,False,False
atlas_control,atlas_998,7,12,3293,0xcdd,8,4,4,6,4,False,False,False
atlas_control,atlas_998,7,12,3691,0xe6b,8,4,4,6,4,False,False,False
atlas_control,atlas_998,7,12,3693,0xe6d,8,4,4,5,3,True,False,False
atlas_control,atlas_998,7,12,3837,0xefd,10,4,4,6,4,False,False,False
atlas_control,atlas_998,7,12,4080,0xff0,8,4,4,6,4,False,False,False
atlas_control,atlas_998,7,12,4085,0xff5,10,4,4,6,4,False,False,False
atlas_control,atlas_1005,7,12,0,0x0,0,7,7,12,4,False,False,True
atlas_control,atlas_1005,7,12,45,0x2d,4,5,5,9,4,False,False,False
atlas_control,atlas_1005,7,12,326,0x146,4,5,5,9,4,False,False,False
atlas_control,atlas_1005,7,12,432,0x1b0,4,5,5,9,4,False,False,False
atlas_control,atlas_1005,7,12,3639,0xe37,8,4,4,5,3,True,False,False
atlas_control,atlas_1005,7,12,3646,0xe3e,8,4,4,5,3,True,False,False
atlas_control,atlas_1005,7,12,3960,0xf78,8,4,4,5,3,True,False,False
atlas_control,atlas_1005,7,12,3966,0xf7e,10,4,4,6,4,False,False,False
atlas_control,atlas_1005,7,12,3975,0xf87,8,4,4,5,3,True,False,False
atlas_control,atlas_1005,7,12,4023,0xfb7,10,4,4,6,4,False,False,False
atlas_control,atlas_1005,7,12,4037,0xfc5,8,4,4,5,3,True,False,False
atlas_control,atlas_1005,7,12,4072,0xfe8,8,4,4,5,3,True,False,False
atlas_control,atlas_1005,7,12,4077,0xfed,10,4,4,6,4,False,False,False
atlas_control,atlas_1005,7,12,4095,0xfff,12,4,4,6,4,False,False,False
atlas_control,atlas_1006,7,12,0,0x0,0,7,7,12,4,False,False,True
atlas_control,atlas_1006,7,12,774,0x306,4,5,5,9,4,False,False,False
atlas_control,atlas_1006,7,12,1304,0x518,4,5,5,9,4,False,False,False
atlas_control,atlas_1006,7,12,1781,0x6f5,8,4,4,6,4,False,False,False
atlas_control,atlas_1006,7,12,2069,0x815,4,5,5,9,4,False,False,False
atlas_control,atlas_1006,7,12,3064,0xbf8,8,4,4,6,4,False,False,False
atlas_control,atlas_1006,7,12,3558,0xde6,8,4,4,6,4,False,False,False
atlas_control,atlas_1006,7,12,3808,0xee0,6,6,6,9,3,True,False,False
atlas_control,atlas_1078,7,13,0,0x0,0,7,7,13,4,False,False,True
atlas_control,atlas_1078,7,13,255,0xff,8,4,4,6,4,False,False,False
atlas_control,atlas_1078,7,13,507,0x1fb,8,4,4,6,4,False,False,False
atlas_control,atlas_1078,7,13,1215,0x4bf,8,4,4,6,4,False,False,False
atlas_control,atlas_1078,7,13,1455,0x5af,8,4,4,6,4,False,False,False
atlas_control,atlas_1078,7,13,1515,0x5eb,8,4,4,6,4,False,False,False
atlas_control,atlas_1078,7,13,6703,0x1a2f,8,3,3,3,3,True,True,False
atlas_control,atlas_1078,7,13,6763,0x1a6b,8,3,3,3,3,True,True,False
atlas_control,atlas_1078,7,13,6975,0x1b3f,10,3,3,3,3,True,True,False
atlas_control,atlas_1078,7,13,7803,0x1e7b,10,3,3,3,3,True,True,False
atlas_control,atlas_1078,7,13,8063,0x1f7f,12,3,3,3,3,True,True,False
atlas_control,atlas_1078,7,13,8064,0x1f80,6,6,6,10,4,False,False,False
atlas_control,atlas_1082,7,13,0,0x0,0,7,7,13,4,False,False,True
atlas_control,atlas_1082,7,13,83,0x53,4,5,5,9,4,False,False,False
atlas_control,atlas_1082,7,13,368,0x170,4,5,5,8,4,False,False,False
atlas_control,atlas_1082,7,13,371,0x173,6,5,5,9,4,False,False,False
atlas_control,atlas_1082,7,13,2224,0x8b0,4,5,5,9,4,False,False,False
atlas_control,atlas_1082,7,13,2544,0x9f0,6,5,5,9,4,False,False,False
atlas_control,atlas_1082,7,13,2967,0xb97,8,4,4,6,4,False,False,False
atlas_control,atlas_1082,7,13,5245,0x147d,8,4,4,6,4,False,False,False
atlas_control,atlas_1082,7,13,5246,0x147e,8,4,4,5,3,True,False,False
atlas_control,atlas_1082,7,13,5390,0x150e,6,6,6,10,3,True,False,False
atlas_control,atlas_1082,7,13,5469,0x155d,8,4,4,6,4,False,False,False
atlas_control,atlas_1082,7,13,7422,0x1cfe,10,4,4,6,4,False,False,False
atlas_control,atlas_1082,7,13,7614,0x1dbe,10,4,4,6,4,False,False,False
atlas_control,atlas_1082,7,13,7833,0x1e99,8,3,3,3,3,True,True,False
atlas_control,atlas_1091,7,13,0,0x0,0,7,7,13,4,False,False,True
atlas_control,atlas_1091,7,13,139,0x8b,4,5,5,9,4,False,False,False
atlas_control,atlas_1091,7,13,1176,0x498,4,5,5,8,4,False,False,False
atlas_control,atlas_1091,7,13,1179,0x49b,6,5,5,9,4,False,False,False
atlas_control,atlas_1091,7,13,2487,0x9b7,8,4,4,6,4,False,False,False
atlas_control,atlas_1091,7,13,3456,0xd80,4,5,5,9,4,False,False,False
atlas_control,atlas_1091,7,13,3480,0xd98,6,5,5,9,4,False,False,False
atlas_control,atlas_1091,7,13,4968,0x1368,6,6,6,10,3,True,False,False
atlas_control,atlas_1091,7,13,5091,0x13e3,8,4,4,6,4,False,False,False
atlas_control,atlas_1091,7,13,6128,0x17f0,8,4,4,5,3,True,False,False
atlas_control,atlas_1091,7,13,6131,0x17f3,10,4,4,6,4,False,False,False
atlas_control,atlas_1091,7,13,6879,0x1adf,10,3,3,3,3,True,True,False
atlas_control,atlas_1091,7,13,7912,0x1ee8,8,4,4,6,4,False,False,False
atlas_control,atlas_1091,7,13,7920,0x1ef0,8,4,4,6,4,False,False,False
atlas_control,atlas_1095,7,13,0,0x0,0,7,7,13,4,False,False,True
atlas_control,atlas_1095,7,13,344,0x158,4,5,5,9,4,False,False,False
atlas_control,atlas_1095,7,13,387,0x183,4,5,5,9,4,False,False,False
atlas_control,atlas_1095,7,13,3615,0xe1f,8,4,4,5,3,True,False,False
atlas_control,atlas_1095,7,13,3643,0xe3b,8,4,4,5,3,True,False,False
atlas_control,atlas_1095,7,13,3911,0xf47,8,4,4,5,3,True,False,False
atlas_control,atlas_1095,7,13,3935,0xf5f,10,4,4,6,4,False,False,False
atlas_control,atlas_1095,7,13,4024,0xfb8,8,4,4,5,3,True,False,False
atlas_control,atlas_1095,7,13,4027,0xfbb,10,4,4,6,4,False,False,False
atlas_control,atlas_1095,7,13,4095,0xfff,12,4,4,6,4,False,False,False
atlas_control,atlas_1095,7,13,4671,0x123f,8,4,4,6,4,False,False,False
atlas_control,atlas_1095,7,13,5440,0x1540,4,5,5,8,4,False,False,False
atlas_control,atlas_1095,7,13,5464,0x1558,6,5,5,9,4,False,False,False
atlas_control,atlas_1095,7,13,5691,0x163b,8,4,4,5,3,True,False,False
atlas_control,atlas_1095,7,13,6075,0x17bb,10,4,4,6,4,False,False,False
atlas_control,atlas_1095,7,13,6528,0x1980,4,5,5,8,4,False,False,False
atlas_control,atlas_1095,7,13,6531,0x1983,6,5,5,9,4,False,False,False
atlas_control,atlas_1095,7,13,6687,0x1a1f,8,4,4,5,3,True,False,False
atlas_control,atlas_1095,7,13,7007,0x1b5f,10,4,4,6,4,False,False,False
atlas_control,atlas_1095,7,13,7616,0x1dc0,6,5,5,9,4,False,False,False
atlas_control,atlas_1097,7,13,0,0x0,0,7,7,13,4,False,False,True
atlas_control,atlas_1097,7,13,774,0x306,4,5,5,8,4,False,False,False
atlas_control,atlas_1097,7,13,783,0x30f,6,5,5,8,3,True,False,False
atlas_control,atlas_1097,7,13,822,0x336,6,5,5,8,4,False,False,False
atlas_control,atlas_1097,7,13,7223,0x1c37,8,4,4,6,4,False,False,False
atlas_control,atlas_1097,7,13,7544,0x1d78,8,4,4,6,4,False,False,False
atlas_control,atlas_1097,7,13,7607,0x1db7,10,4,4,6,4,False,False,False
atlas_control,atlas_1097,7,13,7622,0x1dc6,8,4,4,6,4,False,False,False
atlas_control,atlas_1097,7,13,7664,0x1df0,8,4,4,5,3,True,False,False
atlas_control,atlas_1097,7,13,7670,0x1df6,10,4,4,6,4,False,False,False
atlas_control,atlas_1097,7,13,7799,0x1e77,10,4,4,6,4,False,False,False
atlas_control,atlas_1097,7,13,7864,0x1eb8,8,4,4,6,4,False,False,False
atlas_control,atlas_1097,7,13,7878,0x1ec6,8,4,4,6,4,False,False,False
atlas_control,atlas_1097,7,13,7920,0x1ef0,8,4,4,5,3,True,False,False
atlas_control,atlas_1097,7,13,7926,0x1ef6,10,4,4,6,4,False,False,False
atlas_control,atlas_1097,7,13,7992,0x1f38,8,4,4,6,4,False,False,False
atlas_control,atlas_1101,7,13,0,0x0,0,7,7,13,4,False,False,True
atlas_control,atlas_1101,7,13,390,0x186,4,5,5,9,4,False,False,False
atlas_control,atlas_1101,7,13,1278,0x4fe,8,4,4,6,4,False,False,False
atlas_control,atlas_1101,7,13,1406,0x57e,8,4,4,5,3,True,False,False
atlas_control,atlas_1101,7,13,1919,0x77f,10,4,4,6,4,False,False,False
atlas_control,atlas_1101,7,13,3639,0xe37,8,4,4,6,4,False,False,False
atlas_control,atlas_1101,7,13,3911,0xf47,8,4,4,5,3,True,False,False
atlas_control,atlas_1101,7,13,3959,0xf77,10,4,4,6,4,False,False,False
atlas_control,atlas_1101,7,13,4656,0x1230,4,5,5,9,4,False,False,False
atlas_control,atlas_1101,7,13,4928,0x1340,4,5,5,8,4,False,False,False
atlas_control,atlas_1101,7,13,4976,0x1370,6,5,5,9,4,False,False,False
atlas_control,atlas_1101,7,13,6528,0x1980,4,5,5,8,4,False,False,False
atlas_control,atlas_1101,7,13,6534,0x1986,6,5,5,9,4,False,False,False
atlas_control,atlas_1101,7,13,7104,0x1bc0,6,5,5,9,4,False,False,False
atlas_control,atlas_1101,7,13,7223,0x1c37,8,4,4,5,3,True,False,False
atlas_control,atlas_1101,7,13,7359,0x1cbf,10,4,4,6,4,False,False,False
atlas_control,atlas_1101,7,13,7416,0x1cf8,8,4,4,5,3,True,False,False
atlas_control,atlas_1101,7,13,7422,0x1cfe,10,4,4,6,4,False,False,False
atlas_control,atlas_1101,7,13,7543,0x1d77,10,4,4,5,3,True,False,False
atlas_control,atlas_1101,7,13,7550,0x1d7e,10,4,4,5,3,True,False,False
atlas_control,atlas_1104,7,13,0,0x0,0,7,7,13,4,False,False,True
atlas_control,atlas_1104,7,13,763,0x2fb,8,4,4,6,4,False,False,False
atlas_control,atlas_1104,7,13,893,0x37d,8,4,4,6,4,False,False,False
atlas_control,atlas_1104,7,13,1023,0x3ff,10,4,4,6,4,False,False,False
atlas_control,atlas_1104,7,13,1037,0x40d,4,5,5,10,>4,False,False,False
atlas_control,atlas_1104,7,13,1909,0x775,8,4,4,6,4,False,False,False
atlas_control,atlas_1104,7,13,2067,0x813,4,5,5,10,>4,False,False,False
atlas_control,atlas_1104,7,13,2795,0xaeb,8,4,4,6,4,False,False,False
atlas_control,atlas_1104,7,13,3823,0xeef,10,4,4,6,4,False,False,False
atlas_control,atlas_1104,7,13,3959,0xf77,10,4,4,6,4,False,False,False
atlas_control,atlas_1104,7,13,4095,0xfff,12,4,4,6,4,False,False,False
atlas_control,atlas_1104,7,13,4527,0x11af,8,4,4,6,4,False,False,False
atlas_control,atlas_1104,7,13,4567,0x11d7,8,4,4,6,4,False,False,False
atlas_control,atlas_1104,7,13,4607,0x11ff,10,4,4,6,4,False,False,False
atlas_control,atlas_1104,7,13,5547,0x15ab,8,4,4,6,4,False,False,False
atlas_control,atlas_1104,7,13,6613,0x19d5,8,4,4,6,4,False,False,False
atlas_control,atlas_1104,7,13,7611,0x1dbb,10,4,4,6,4,False,False,False
atlas_control,atlas_1104,7,13,7645,0x1ddd,10,4,4,6,4,False,False,False
atlas_control,atlas_1104,7,13,7679,0x1dff,12,4,4,6,4,False,False,False
atlas_control,atlas_1104,7,13,7680,0x1e00,4,5,5,8,4,False,False,False
atlas_control,atlas_1104,7,13,7840,0x1ea0,6,5,5,8,3,True,False,False
atlas_control,atlas_1104,7,13,8000,0x1f40,6,5,5,8,3,True,False,False
atlas_control,atlas_1141,7,14,0,0x0,0,7,7,14,4,False,False,True
atlas_control,atlas_1141,7,14,51,0x33,4,5,5,9,4,False,False,False
atlas_control,atlas_1141,7,14,123,0x7b,6,5,5,9,4,False,False,False
atlas_control,atlas_1141,7,14,910,0x38e,6,5,5,8,3,True,False,False
atlas_control,atlas_1141,7,14,957,0x3bd,8,3,3,3,3,True,True,False
atlas_control,atlas_1141,7,14,1013,0x3f5,8,3,3,3,3,True,True,False
atlas_control,atlas_1141,7,14,5171,0x1433,6,5,5,9,4,False,False,False
atlas_control,atlas_1141,7,14,6077,0x17bd,10,3,3,3,3,True,True,False
atlas_control,atlas_1141,7,14,11325,0x2c3d,8,4,4,6,4,False,False,False
atlas_control,atlas_1141,7,14,12211,0x2fb3,10,4,4,6,4,False,False,False
atlas_control,atlas_1141,7,14,14350,0x380e,6,6,6,11,4,False,False,False
atlas_control,atlas_1141,7,14,14397,0x383d,8,4,4,6,4,False,False,False
atlas_control,atlas_1141,7,14,14453,0x3875,8,4,4,6,4,False,False,False
atlas_control,atlas_1141,7,14,15232,0x3b80,6,6,6,11,4,False,False,False
atlas_control,atlas_1141,7,14,15283,0x3bb3,10,4,4,6,4,False,False,False
atlas_control,atlas_1141,7,14,15355,0x3bfb,12,4,4,6,4,False,False,False
atlas_control,atlas_1142,7,14,0,0x0,0,7,7,14,4,False,False,True
atlas_control,atlas_1142,7,14,3078,0xc06,4,5,5,9,4,False,False,False
atlas_control,atlas_1142,7,14,3111,0xc27,6,5,5,9,4,False,False,False
atlas_control,atlas_1142,7,14,3270,0xcc6,6,5,5,9,4,False,False,False
atlas_control,atlas_1142,7,14,4691,0x1253,6,6,6,11,4,False,False,False
atlas_control,atlas_1142,7,14,7765,0x1e55,8,4,4,6,4,False,False,False
atlas_control,atlas_1142,7,14,7796,0x1e74,8,4,4,6,4,False,False,False
atlas_control,atlas_1142,7,14,7829,0x1e95,8,4,4,6,4,False,False,False
atlas_control,atlas_1142,7,14,8589,0x218d,6,6,6,11,4,False,False,False
atlas_control,atlas_1142,7,14,11595,0x2d4b,8,4,4,6,4,False,False,False
atlas_control,atlas_1142,7,14,11659,0x2d8b,8,4,4,6,4,False,False,False
atlas_control,atlas_1142,7,14,11690,0x2daa,8,4,4,6,4,False,False,False
atlas_control,atlas_1142,7,14,13278,0x33de,10,5,5,8,3,True,False,False
atlas_control,atlas_1142,7,14,16152,0x3f18,8,3,3,3,3,True,True,False
atlas_control,atlas_1142,7,14,16344,0x3fd8,10,3,3,3,3,True,True,False
atlas_control,atlas_1142,7,14,16377,0x3ff9,12,3,3,3,3,True,True,False
atlas_control,atlas_1145,7,14,0,0x0,0,7,7,14,4,False,False,True
atlas_control,atlas_1145,7,14,267,0x10b,4,5,5,9,4,False,False,False
atlas_control,atlas_1145,7,14,1295,0x50f,6,5,5,9,4,False,False,False
atlas_control,atlas_1145,7,14,2795,0xaeb,8,4,4,6,4,False,False,False
atlas_control,atlas_1145,7,14,3040,0xbe0,6,6,6,11,4,False,False,False
atlas_control,atlas_1145,7,14,3823,0xeef,10,4,4,6,4,False,False,False
atlas_control,atlas_1145,7,14,4379,0x111b,6,5,5,9,4,False,False,False
atlas_control,atlas_1145,7,14,6907,0x1afb,10,4,4,6,4,False,False,False
atlas_control,atlas_1145,7,14,9723,0x25fb,10,3,3,3,3,True,True,False
atlas_control,atlas_1145,7,14,11803,0x2e1b,8,4,4,6,4,False,False,False
atlas_control,atlas_1145,7,14,12783,0x31ef,10,3,3,3,3,True,True,False
atlas_control,atlas_1145,7,14,13536,0x34e0,6,5,5,8,3,True,False,False
atlas_control,atlas_1145,7,14,13803,0x35eb,10,3,3,3,3,True,True,False
atlas_control,atlas_1145,7,14,14863,0x3a0f,8,4,4,6,4,False,False,False
atlas_control,atlas_1145,7,14,15883,0x3e0b,8,4,4,6,4,False,False,False
atlas_control,atlas_1145,7,14,16128,0x3f00,6,6,6,11,4,False,False,False
atlas_control,atlas_1146,7,14,0,0x0,0,7,7,14,4,False,False,True
atlas_control,atlas_1146,7,14,360,0x168,4,5,5,9,4,False,False,False
atlas_control,atlas_1146,7,14,3631,0xe2f,8,4,4,5,3,True,False,False
atlas_control,atlas_1146,7,14,3911,0xf47,8,4,4,5,3,True,False,False
atlas_control,atlas_1146,7,14,3951,0xf6f,10,4,4,6,4,False,False,False
atlas_control,atlas_1146,7,14,4095,0xfff,12,4,4,6,4,False,False,False
atlas_control,atlas_1146,7,14,4648,0x1228,4,5,5,8,4,False,False,False
atlas_control,atlas_1146,7,14,4968,0x1368,6,5,5,9,4,False,False,False
atlas_control,atlas_1146,7,14,5575,0x15c7,8,4,4,6,4,False,False,False
atlas_control,atlas_1146,7,14,6712,0x1a38,6,5,5,9,4,False,False,False
atlas_control,atlas_1146,7,14,7495,0x1d47,8,4,4,5,3,True,False,False
atlas_control,atlas_1146,7,14,7535,0x1d6f,10,4,4,6,4,False,False,False
atlas_control,atlas_1146,7,14,8767,0x223f,8,4,4,6,4,False,False,False
atlas_control,atlas_1146,7,14,9536,0x2540,4,5,5,8,4,False,False,False
atlas_control,atlas_1146,7,14,9576,0x2568,6,5,5,9,4,False,False,False
atlas_control,atlas_1146,7,14,10799,0x2a2f,8,4,4,5,3,True,False,False
atlas_control,atlas_1146,7,14,11119,0x2b6f,10,4,4,6,4,False,False,False
atlas_control,atlas_1146,7,14,11712,0x2dc0,6,5,5,9,4,False,False,False
atlas_control,atlas_1146,7,14,13864,0x3628,6,5,5,8,4,False,False,False
atlas_control,atlas_1146,7,14,14144,0x3740,6,5,5,8,4,False,False,False
atlas_control,atlas_1146,7,14,14184,0x3768,8,5,5,9,4,False,False,False
atlas_control,atlas_1146,7,14,14328,0x37f8,10,5,5,9,4,False,False,False
atlas_control,atlas_1146,7,14,14343,0x3807,6,6,6,11,3,True,False,False
atlas_control,atlas_1146,7,14,14703,0x396f,10,4,4,6,4,False,False,False
atlas_control,atlas_1150,7,14,0,0x0,0,7,7,14,4,False,False,True
atlas_control,atlas_1150,7,14,1083,0x43b,6,6,6,11,4,False,False,False
atlas_control,atlas_1150,7,14,2566,0xa06,4,5,5,9,4,False,False,False
atlas_control,atlas_1150,7,14,3645,0xe3d,8,4,4,6,4,False,False,False
atlas_control,atlas_1150,7,14,5070,0x13ce,8,4,4,6,4,False,False,False
atlas_control,atlas_1150,7,14,6133,0x17f5,10,3,3,3,3,True,True,False
atlas_control,atlas_1150,7,14,6717,0x1a3d,8,4,4,6,4,False,False,False
atlas_control,atlas_1150,7,14,7686,0x1e06,6,5,5,9,4,False,False,False
atlas_control,atlas_1150,7,14,9213,0x23fd,10,3,3,3,3,True,True,False
atlas_control,atlas_1150,7,14,10182,0x27c6,8,4,4,6,4,False,False,False
atlas_control,atlas_1150,7,14,10766,0x2a0e,6,5,5,9,4,False,False,False
atlas_control,atlas_1150,7,14,11829,0x2e35,8,4,4,6,4,False,False,False
atlas_control,atlas_1150,7,14,13254,0x33c6,8,4,4,6,4,False,False,False
atlas_control,atlas_1150,7,14,14333,0x37fd,12,3,3,3,3,True,True,False
atlas_control,atlas_1150,7,14,14784,0x39c0,6,6,6,11,4,False,False,False
atlas_control,atlas_1150,7,14,15867,0x3dfb,12,5,5,8,3,True,False,False
atlas_control,atlas_1154,7,14,0,0x0,0,7,7,14,4,False,False,True
atlas_control,atlas_1154,7,14,4032,0xfc0,6,6,6,11,3,True,False,False
atlas_control,atlas_1154,7,14,4656,0x1230,4,5,5,8,4,False,False,False
atlas_control,atlas_1154,7,14,4661,0x1235,6,5,5,9,4,False,False,False
atlas_control,atlas_1154,7,14,4666,0x123a,6,5,5,8,4,False,False,False
atlas_control,atlas_1154,7,14,7664,0x1df0,8,4,4,5,3,True,False,False
atlas_control,atlas_1154,7,14,7669,0x1df5,10,4,4,6,4,False,False,False
atlas_control,atlas_1154,7,14,7674,0x1dfa,10,4,4,5,3,True,False,False
atlas_control,atlas_1154,7,14,9166,0x23ce,8,4,4,6,4,False,False,False
atlas_control,atlas_1154,7,14,9226,0x240a,4,5,5,8,4,False,False,False
atlas_control,atlas_1154,7,14,9264,0x2430,4,5,5,9,4,False,False,False
atlas_control,atlas_1154,7,14,9274,0x243a,6,5,5,9,4,False,False,False
atlas_control,atlas_1154,7,14,11210,0x2bca,8,4,4,5,3,True,False,False
atlas_control,atlas_1154,7,14,11248,0x2bf0,8,4,4,6,4,False,False,False
atlas_control,atlas_1154,7,14,11258,0x2bfa,10,4,4,6,4,False,False,False
atlas_control,atlas_1154,7,14,11278,0x2c0e,6,5,5,9,4,False,False,False
atlas_control,atlas_1154,7,14,12795,0x31fb,10,4,4,6,4,False,False,False
atlas_control,atlas_1154,7,14,13834,0x360a,6,5,5,8,4,False,False,False
atlas_control,atlas_1154,7,14,13872,0x3630,6,5,5,9,4,False,False,False
atlas_control,atlas_1154,7,14,13882,0x363a,8,5,5,9,4,False,False,False
atlas_control,atlas_1154,7,14,14794,0x39ca,8,4,4,5,3,True,False,False
atlas_control,atlas_1154,7,14,14832,0x39f0,8,4,4,6,4,False,False,False
atlas_control,atlas_1154,7,14,14842,0x39fa,10,4,4,6,4,False,False,False
atlas_control,atlas_1154,7,14,15931,0x3e3b,10,5,5,9,4,False,False,False
atlas_control,atlas_1167,7,14,0,0x0,0,7,7,14,4,False,False,True
atlas_control,atlas_1167,7,14,1467,0x5bb,8,4,4,6,4,False,False,False
atlas_control,atlas_1167,7,14,1535,0x5ff,10,4,4,6,4,False,False,False
atlas_control,atlas_1167,7,14,2491,0x9bb,8,4,4,6,4,False,False,False
atlas_control,atlas_1167,7,14,3007,0xbbf,10,4,4,6,4,False,False,False
atlas_control,atlas_1167,7,14,3075,0xc03,4,5,5,10,>4,False,False,False
atlas_control,atlas_1167,7,14,3807,0xedf,10,4,4,6,4,False,False,False
atlas_control,atlas_1167,7,14,4095,0xfff,12,4,4,6,4,False,False,False
atlas_control,atlas_1167,7,14,4911,0x132f,8,4,4,6,4,False,False,False
atlas_control,atlas_1167,7,14,4971,0x136b,8,4,4,6,4,False,False,False
atlas_control,atlas_1167,7,14,5200,0x1450,4,5,5,8,4,False,False,False
atlas_control,atlas_1167,7,14,5464,0x1558,6,5,5,9,4,False,False,False
atlas_control,atlas_1167,7,14,5840,0x16d0,6,5,5,8,3,True,False,False
atlas_control,atlas_1167,7,14,7047,0x1b87,8,4,4,6,4,False,False,False
atlas_control,atlas_1167,7,14,7087,0x1baf,10,4,4,6,4,False,False,False
atlas_control,atlas_1167,7,14,8043,0x1f6b,10,4,4,6,4,False,False,False
atlas_control,atlas_1167,7,14,8175,0x1fef,12,4,4,6,4,False,False,False
atlas_control,atlas_1167,7,14,8559,0x216f,8,4,4,6,4,False,False,False
atlas_control,atlas_1167,7,14,9067,0x236b,8,4,4,6,4,False,False,False
atlas_control,atlas_1167,7,14,9335,0x2477,8,4,4,6,4,False,False,False
atlas_control,atlas_1167,7,14,9599,0x257f,10,4,4,6,4,False,False,False
atlas_control,atlas_1167,7,14,10880,0x2a80,4,5,5,8,4,False,False,False
atlas_control,atlas_1167,7,14,10920,0x2aa8,6,5,5,9,4,False,False,False
atlas_control,atlas_1167,7,14,10960,0x2ad0,6,5,5,8,3,True,False,False
atlas_control,atlas_1167,7,14,12139,0x2f6b,10,4,4,6,4,False,False,False
atlas_control,atlas_1167,7,14,12159,0x2f7f,12,4,4,6,4,False,False,False
atlas_control,atlas_1167,7,14,12591,0x312f,8,4,4,5,3,True,False,False
atlas_control,atlas_1167,7,14,13631,0x353f,10,4,4,6,4,False,False,False
atlas_control,atlas_1167,7,14,13755,0x35bb,10,4,4,6,4,False,False,False
atlas_control,atlas_1167,7,14,14767,0x39af,10,4,4,6,4,False,False,False
atlas_control,atlas_1167,7,14,14779,0x39bb,10,4,4,6,4,False,False,False
atlas_control,atlas_1167,7,14,15360,0x3c00,4,5,5,8,4,False,False,False
atlas_control,atlas_1167,7,14,15363,0x3c03,6,5,5,10,>4,False,False,False
atlas_control,atlas_1167,7,14,15440,0x3c50,6,5,5,9,4,False,False,False
atlas_control,atlas_1167,7,14,16000,0x3e80,6,5,5,9,4,False,False,False
atlas_control,atlas_1167,7,14,16080,0x3ed0,8,5,5,9,4,False,False,False
atlas_control,atlas_1167,7,14,16368,0x3ff0,10,5,5,9,4,False,False,False
atlas_control,atlas_1186,7,15,0,0x0,0,7,7,15,4,False,False,True
atlas_control,atlas_1186,7,15,615,0x267,6,6,6,12,4,False,False,False
atlas_control,atlas_1186,7,15,5225,0x1469,6,5,5,9,4,False,False,False
atlas_control,atlas_1186,7,15,5646,0x160e,6,6,6,12,4,False,False,False
atlas_control,atlas_1186,7,15,8405,0x20d5,6,6,6,12,4,False,False,False
atlas_control,atlas_1186,7,15,8882,0x22b2,6,5,5,9,4,False,False,False
atlas_control,atlas_1186,7,15,13500,0x34bc,8,4,4,6,4,False,False,False
atlas_control,atlas_1186,7,15,14043,0x36db,10,5,5,9,4,False,False,False
atlas_control,atlas_1186,7,15,18695,0x4907,6,5,5,9,4,False,False,False
atlas_control,atlas_1186,7,15,19296,0x4b60,6,6,6,12,4,False,False,False
atlas_control,atlas_1186,7,15,23918,0x5d6e,10,5,5,9,4,False,False,False
atlas_control,atlas_1186,7,15,24329,0x5f09,8,4,4,6,4,False,False,False
atlas_control,atlas_1186,7,15,27090,0x69d2,8,4,4,6,4,False,False,False
atlas_control,atlas_1186,7,15,27573,0x6bb5,10,5,5,9,4,False,False,False
atlas_control,atlas_1186,7,15,32187,0x7dbb,12,4,4,6,4,False,False,False
atlas_control,atlas_1186,7,15,32732,0x7fdc,12,3,3,3,3,True,True,False
atlas_control,atlas_1187,7,15,0,0x0,0,7,7,15,4,False,False,True
atlas_control,atlas_1187,7,15,435,0x1b3,6,5,5,9,4,False,False,False
atlas_control,atlas_1187,7,15,1085,0x43d,6,6,6,12,4,False,False,False
atlas_control,atlas_1187,7,15,1422,0x58e,6,6,6,12,4,False,False,False
atlas_control,atlas_1187,7,15,10317,0x284d,6,5,5,9,4,False,False,False
atlas_control,atlas_1187,7,15,10750,0x29fe,10,5,5,9,4,False,False,False
atlas_control,atlas_1187,7,15,11376,0x2c70,6,6,6,12,4,False,False,False
atlas_control,atlas_1187,7,15,11715,0x2dc3,8,4,4,6,4,False,False,False
atlas_control,atlas_1187,7,15,21006,0x520e,6,5,5,9,4,False,False,False
atlas_control,atlas_1187,7,15,21437,0x53bd,10,5,5,9,4,False,False,False
atlas_control,atlas_1187,7,15,22067,0x5633,8,4,4,6,4,False,False,False
atlas_control,atlas_1187,7,15,22400,0x5780,6,6,6,12,4,False,False,False
atlas_control,atlas_1187,7,15,31299,0x7a43,8,3,3,3,3,True,True,False
atlas_control,atlas_1187,7,15,31728,0x7bf0,10,5,5,9,4,False,False,False
atlas_control,atlas_1187,7,15,32382,0x7e7e,12,4,4,6,4,False,False,False
atlas_control,atlas_1187,7,15,32717,0x7fcd,12,4,4,6,4,False,False,False
atlas_control,atlas_1190,7,15,0,0x0,0,7,7,15,4,False,False,True
atlas_control,atlas_1190,7,15,2043,0x7fb,10,4,4,6,4,False,False,False
atlas_control,atlas_1190,7,15,2107,0x83b,6,6,6,12,4,False,False,False
atlas_control,atlas_1190,7,15,4032,0xfc0,6,5,5,9,4,False,False,False
atlas_control,atlas_1190,7,15,8757,0x2235,6,5,5,9,4,False,False,False
atlas_control,atlas_1190,7,15,9678,0x25ce,8,4,4,6,4,False,False,False
atlas_control,atlas_1190,7,15,10766,0x2a0e,6,6,6,12,4,False,False,False
atlas_control,atlas_1190,7,15,11765,0x2df5,10,3,3,3,3,True,True,False
atlas_control,atlas_1190,7,15,21493,0x53f5,10,4,4,6,4,False,False,False
atlas_control,atlas_1190,7,15,21518,0x540e,6,5,5,9,4,False,False,False
atlas_control,atlas_1190,7,15,23502,0x5bce,10,5,5,9,4,False,False,False
atlas_control,atlas_1190,7,15,23605,0x5c35,8,4,4,6,4,False,False,False
atlas_control,atlas_1190,7,15,29120,0x71c0,6,6,6,12,4,False,False,False
atlas_control,atlas_1190,7,15,30267,0x763b,10,5,5,9,4,False,False,False
atlas_control,atlas_1190,7,15,31227,0x79fb,12,5,5,9,4,False,False,False
atlas_control,atlas_1190,7,15,32256,0x7e00,6,6,6,12,4,False,False,False
atlas_control,atlas_1205,7,15,0,0x0,0,7,7,15,4,False,False,True
atlas_control,atlas_1205,7,15,1535,0x5ff,10,4,4,6,4,False,False,False
atlas_control,atlas_1205,7,15,3007,0xbbf,10,4,4,6,4,False,False,False
atlas_control,atlas_1205,7,15,3807,0xedf,10,4,4,6,4,False,False,False
atlas_control,atlas_1205,7,15,4095,0xfff,12,4,4,6,4,False,False,False
atlas_control,atlas_1205,7,15,4392,0x1128,4,5,5,8,4,False,False,False
atlas_control,atlas_1205,7,15,5432,0x1538,6,5,5,9,4,False,False,False
atlas_control,atlas_1205,7,15,6568,0x19a8,6,5,5,9,4,False,False,False
atlas_control,atlas_1205,7,15,7255,0x1c57,8,4,4,6,4,False,False,False
atlas_control,atlas_1205,7,15,7815,0x1e87,8,4,4,6,4,False,False,False
atlas_control,atlas_1205,7,15,7895,0x1ed7,10,4,4,6,4,False,False,False
atlas_control,atlas_1205,7,15,8183,0x1ff7,12,4,4,6,4,False,False,False
atlas_control,atlas_1205,7,15,9007,0x232f,8,4,4,6,4,False,False,False
atlas_control,atlas_1205,7,15,9296,0x2450,4,5,5,8,4,False,False,False
atlas_control,atlas_1205,7,15,9560,0x2558,6,5,5,9,4,False,False,False
atlas_control,atlas_1205,7,15,9936,0x26d0,6,5,5,9,4,False,False,False
atlas_control,atlas_1205,7,15,11143,0x2b87,8,4,4,6,4,False,False,False
atlas_control,atlas_1205,7,15,11183,0x2baf,10,4,4,6,4,False,False,False
atlas_control,atlas_1205,7,15,12271,0x2fef,12,4,4,6,4,False,False,False
atlas_control,atlas_1205,7,15,12648,0x3168,6,5,5,9,4,False,False,False
atlas_control,atlas_1205,7,15,13424,0x3470,6,5,5,9,4,False,False,False
atlas_control,atlas_1205,7,15,13688,0x3578,8,5,5,9,4,False,False,False
atlas_control,atlas_1205,7,15,14983,0x3a87,8,4,4,5,3,True,False,False
atlas_control,atlas_1205,7,15,15023,0x3aaf,10,4,4,6,4,False,False,False
atlas_control,atlas_1205,7,15,15063,0x3ad7,10,4,4,6,4,False,False,False
atlas_control,atlas_1205,7,15,16248,0x3f78,10,5,5,9,4,False,False,False
atlas_control,atlas_1205,7,15,16751,0x416f,8,4,4,6,4,False,False,False
atlas_control,atlas_1205,7,15,17527,0x4477,8,4,4,6,4,False,False,False
atlas_control,atlas_1205,7,15,17791,0x457f,10,4,4,6,4,False,False,False
atlas_control,atlas_1205,7,15,19072,0x4a80,4,5,5,8,4,False,False,False
atlas_control,atlas_1205,7,15,19112,0x4aa8,6,5,5,9,4,False,False,False
atlas_control,atlas_1205,7,15,19152,0x4ad0,6,5,5,9,4,False,False,False
atlas_control,atlas_1205,7,15,20351,0x4f7f,12,4,4,6,4,False,False,False
atlas_control,atlas_1205,7,15,21288,0x5328,6,5,5,9,4,False,False,False
atlas_control,atlas_1205,7,15,21591,0x5457,8,4,4,5,3,True,False,False
atlas_control,atlas_1205,7,15,21855,0x555f,10,4,4,6,4,False,False,False
atlas_control,atlas_1205,7,15,22231,0x56d7,10,4,4,6,4,False,False,False
atlas_control,atlas_1205,7,15,23424,0x5b80,6,5,5,9,4,False,False,False
atlas_control,atlas_1205,7,15,23464,0x5ba8,8,5,5,9,4,False,False,False
atlas_control,atlas_1205,7,15,24552,0x5fe8,10,5,5,9,4,False,False,False
atlas_control,atlas_1205,7,15,24879,0x612f,8,4,4,5,3,True,False,False
atlas_control,atlas_1205,7,15,25919,0x653f,10,4,4,6,4,False,False,False
atlas_control,atlas_1205,7,15,27055,0x69af,10,4,4,6,4,False,False,False
atlas_control,atlas_1205,7,15,27728,0x6c50,6,5,5,9,4,False,False,False
atlas_control,atlas_1205,7,15,28288,0x6e80,6,5,5,9,4,False,False,False
atlas_control,atlas_1205,7,15,28368,0x6ed0,8,5,5,9,4,False,False,False
atlas_control,atlas_1205,7,15,28656,0x6ff0,10,5,5,9,4,False,False,False
atlas_control,atlas_1205,7,15,28679,0x7007,6,6,6,12,3,True,False,False
atlas_control,atlas_1205,7,15,30200,0x75f8,10,5,5,9,4,False,False,False
atlas_control,atlas_1205,7,15,31672,0x7bb8,10,5,5,9,4,False,False,False
atlas_control,atlas_1205,7,15,32472,0x7ed8,10,5,5,9,4,False,False,False
atlas_control,atlas_1205,7,15,32760,0x7ff8,12,5,5,9,4,False,False,False
atlas_control,atlas_1212,7,15,0,0x0,0,7,7,15,4,False,False,True
atlas_control,atlas_1212,7,15,780,0x30c,4,5,5,8,4,False,False,False
atlas_control,atlas_1212,7,15,797,0x31d,6,5,5,10,>4,False,False,False
atlas_control,atlas_1212,7,15,876,0x36c,6,5,5,8,3,True,False,False
atlas_control,atlas_1212,7,15,1463,0x5b7,8,4,4,6,4,False,False,False
atlas_control,atlas_1212,7,15,1755,0x6db,8,4,4,6,4,False,False,False
atlas_control,atlas_1212,7,15,3507,0xdb3,8,4,4,6,4,False,False,False
atlas_control,atlas_1212,7,15,3807,0xedf,10,4,4,6,4,False,False,False
atlas_control,atlas_1212,7,15,5567,0x15bf,10,4,4,6,4,False,False,False
atlas_control,atlas_1212,7,15,5843,0x16d3,8,4,4,6,4,False,False,False
atlas_control,atlas_1212,7,15,6156,0x180c,4,5,5,8,4,False,False,False
atlas_control,atlas_1212,7,15,6240,0x1860,4,5,5,8,4,False,False,False
atlas_control,atlas_1212,7,15,6252,0x186c,6,5,5,9,4,False,False,False
atlas_control,atlas_1212,7,15,6384,0x18f0,6,5,5,10,>4,False,False,False
atlas_control,atlas_1212,7,15,6924,0x1b0c,6,5,5,9,4,False,False,False
atlas_control,atlas_1212,7,15,7008,0x1b60,6,5,5,8,3,True,False,False
atlas_control,atlas_1212,7,15,7020,0x1b6c,8,5,5,9,4,False,False,False
atlas_control,atlas_1212,7,15,7149,0x1bed,10,5,5,10,>4,False,False,False
atlas_control,atlas_1212,7,15,7182,0x1c0e,6,5,5,10,>4,False,False,False
atlas_control,atlas_1212,7,15,7611,0x1dbb,10,4,4,6,4,False,False,False
atlas_control,atlas_1212,7,15,7895,0x1ed7,10,4,4,6,4,False,False,False
atlas_control,atlas_1212,7,15,9399,0x24b7,8,4,4,6,4,False,False,False
atlas_control,atlas_1212,7,15,10203,0x27db,10,4,4,6,4,False,False,False
atlas_control,atlas_1212,7,15,11415,0x2c97,8,4,4,6,4,False,False,False
atlas_control,atlas_1212,7,15,11667,0x2d93,8,4,4,6,4,False,False,False
atlas_control,atlas_1212,7,15,11935,0x2e9f,10,4,4,6,4,False,False,False
atlas_control,atlas_1212,7,15,12187,0x2f9b,10,4,4,6,4,False,False,False
atlas_control,atlas_1212,7,15,13559,0x34f7,10,4,4,6,4,False,False,False
atlas_control,atlas_1212,7,15,13823,0x35ff,12,4,4,6,4,False,False,False
atlas_control,atlas_1212,7,15,14067,0x36f3,10,4,4,6,4,False,False,False
atlas_control,atlas_1212,7,15,14331,0x37fb,12,4,4,6,4,False,False,False
atlas_control,atlas_1212,7,15,15575,0x3cd7,10,4,4,6,4,False,False,False
atlas_control,atlas_1212,7,15,16315,0x3fbb,12,4,4,6,4,False,False,False
atlas_control,atlas_1212,7,15,17627,0x44db,8,4,4,6,4,False,False,False
atlas_control,atlas_1212,7,15,18359,0x47b7,10,4,4,6,4,False,False,False
atlas_control,atlas_1212,7,15,19707,0x4cfb,10,4,4,6,4,False,False,False
atlas_control,atlas_1212,7,15,19955,0x4df3,10,4,4,6,4,False,False,False
atlas_control,atlas_1212,7,15,20223,0x4eff,12,4,4,6,4,False,False,False
atlas_control,atlas_1212,7,15,20471,0x4ff7,12,4,4,6,4,False,False,False
atlas_control,atlas_1212,7,15,21659,0x549b,8,4,4,6,4,False,False,False
atlas_control,atlas_1212,7,15,21919,0x559f,10,4,4,6,4,False,False,False
atlas_control,atlas_1212,7,15,22163,0x5693,8,4,4,6,4,False,False,False
atlas_control,atlas_1212,7,15,22423,0x5797,10,4,4,6,4,False,False,False
atlas_control,atlas_1212,7,15,23739,0x5cbb,10,4,4,6,4,False,False,False
atlas_control,atlas_1212,7,15,24535,0x5fd7,12,4,4,6,4,False,False,False
atlas_control,atlas_1212,7,15,24672,0x6060,4,5,5,8,4,False,False,False
atlas_control,atlas_1212,7,15,24675,0x6063,6,5,5,10,>4,False,False,False
atlas_control,atlas_1212,7,15,24684,0x606c,6,5,5,8,3,True,False,False
atlas_control,atlas_1212,7,15,25344,0x6300,4,5,5,8,4,False,False,False
atlas_control,atlas_1212,7,15,25356,0x630c,6,5,5,9,4,False,False,False
atlas_control,atlas_1212,7,15,25440,0x6360,6,5,5,9,4,False,False,False
atlas_control,atlas_1212,7,15,25452,0x636c,8,5,5,9,4,False,False,False
atlas_control,atlas_1212,7,15,25470,0x637e,10,5,5,10,>4,False,False,False
atlas_control,atlas_1212,7,15,26075,0x65db,10,4,4,6,4,False,False,False
atlas_control,atlas_1212,7,15,26295,0x66b7,10,4,4,6,4,False,False,False
atlas_control,atlas_1212,7,15,26496,0x6780,6,5,5,10,>4,False,False,False
atlas_control,atlas_1212,7,15,28115,0x6dd3,10,4,4,6,4,False,False,False
atlas_control,atlas_1212,7,15,28351,0x6ebf,12,4,4,6,4,False,False,False
atlas_control,atlas_1212,7,15,30175,0x75df,12,4,4,6,4,False,False,False
atlas_control,atlas_1212,7,15,30387,0x76b3,10,4,4,6,4,False,False,False
atlas_control,atlas_1212,7,15,30732,0x780c,6,5,5,8,3,True,False,False
atlas_control,atlas_1212,7,15,30816,0x7860,6,5,5,9,4,False,False,False
atlas_control,atlas_1212,7,15,30828,0x786c,8,5,5,9,4,False,False,False
atlas_control,atlas_1212,7,15,31488,0x7b00,6,5,5,8,3,True,False,False
atlas_control,atlas_1212,7,15,31500,0x7b0c,8,5,5,9,4,False,False,False
atlas_control,atlas_1212,7,15,31584,0x7b60,8,5,5,9,4,False,False,False
atlas_control,atlas_1212,7,15,31596,0x7b6c,10,5,5,10,>4,False,False,False
atlas_control,atlas_1212,7,15,31630,0x7b8e,10,5,5,10,>4,False,False,False
atlas_control,atlas_1212,7,15,31853,0x7c6d,10,5,5,10,>4,False,False,False
atlas_control,atlas_1212,7,15,32215,0x7dd7,12,4,4,6,4,False,False,False
atlas_control,atlas_1212,7,15,32443,0x7ebb,12,4,4,6,4,False,False,False
atlas_control,atlas_1212,7,15,32624,0x7f70,10,5,5,10,>4,False,False,False
