r2,r3,first_grouped_ratio,first_condition_4r3_ge_r2,first_ratio_ge_1_16,second_grouped_ratio,second_condition_r2_ge_2r3,second_ratio_ge_1_16,at_least_one_case_applies,an_applicable_case_proves_1_16
0,1,1/12,True,True,1/18,False,False,True,True
0,2,1/12,True,True,1/18,False,False,True,True
0,3,1/12,True,True,1/18,False,False,True,True
0,4,1/12,True,True,1/18,False,False,True,True
0,5,1/12,True,True,1/18,False,False,True,True
0,6,1/12,True,True,1/18,False,False,True,True
0,7,1/12,True,True,1/18,False,False,True,True
0,8,1/12,True,True,1/18,False,False,True,True
0,9,1/12,True,True,1/18,False,False,True,True
0,10,1/12,True,True,1/18,False,False,True,True
0,11,1/12,True,True,1/18,False,False,True,True
0,12,1/12,True,True,1/18,False,False,True,True
0,13,1/12,True,True,1/18,False,False,True,True
0,14,1/12,True,True,1/18,False,False,True,True
0,15,1/12,True,True,1/18,False,False,True,True
0,16,1/12,True,True,1/18,False,False,True,True
0,17,1/12,True,True,1/18,False,False,True,True
0,18,1/12,True,True,1/18,False,False,True,True
0,19,1/12,True,True,1/18,False,False,True,True
0,20,1/12,True,True,1/18,False,False,True,True
0,21,1/12,True,True,1/18,False,False,True,True
0,22,1/12,True,True,1/18,False,False,True,True
0,23,1/12,True,True,1/18,False,False,True,True
0,24,1/12,True,True,1/18,False,False,True,True
0,25,1/12,True,True,1/18,False,False,True,True
0,26,1/12,True,True,1/18,False,False,True,True
0,27,1/12,True,True,1/18,False,False,True,True
0,28,1/12,True,True,1/18,False,False,True,True
0,29,1/12,True,True,1/18,False,False,True,True
0,30,1/12,True,True,1/18,False,False,True,True
0,31,1/12,True,True,1/18,False,False,True,True
0,32,1/12,True,True,1/18,False,False,True,True
0,33,1/12,True,True,1/18,False,False,True,True
0,34,1/12,True,True,1/18,False,False,True,True
0,35,1/12,True,True,1/18,False,False,True,True
0,36,1/12,True,True,1/18,False,False,True,True
0,37,1/12,True,True,1/18,False,False,True,True
0,38,1/12,True,True,1/18,False,False,True,True
0,39,1/12,True,True,1/18,False,False,True,True
0,40,1/12,True,True,1/18,False,False,True,True
0,41,1/12,True,True,1/18,False,False,True,True
0,42,1/12,True,True,1/18,False,False,True,True
0,43,1/12,True,True,1/18,False,False,True,True
0,44,1/12,True,True,1/18,False,False,True,True
0,45,1/12,True,True,1/18,False,False,True,True
0,46,1/12,True,True,1/18,False,False,True,True
0,47,1/12,True,True,1/18,False,False,True,True
0,48,1/12,True,True,1/18,False,False,True,True
0,49,1/12,True,True,1/18,False,False,True,True
0,50,1/12,True,True,1/18,False,False,True,True
0,51,1/12,True,True,1/18,False,False,True,True
0,52,1/12,True,True,1/18,False,False,True,True
0,53,1/12,True,True,1/18,False,False,True,True
0,54,1/12,True,True,1/18,False,False,True,True
0,55,1/12,True,True,1/18,False,False,True,True
0,56,1/12,True,True,1/18,False,False,True,True
0,57,1/12,True,True,1/18,False,False,True,True
0,58,1/12,True,True,1/18,False,False,True,True
0,59,1/12,True,True,1/18,False,False,True,True
0,60,1/12,True,True,1/18,False,False,True,True
0,61,1/12,True,True,1/18,False,False,True,True
0,62,1/12,True,True,1/18,False,False,True,True
0,63,1/12,True,True,1/18,False,False,True,True
0,64,1/12,True,True,1/18,False,False,True,True
1,0,1/17,False,False,1/15,True,True,True,True
1,1,2/29,True,True,2/33,False,False,True,True
1,2,3/41,True,True,1/17,False,False,True,True
1,3,4/53,True,True,4/69,False,False,True,True
1,4,1/13,True,True,5/87,False,False,True,True
1,5,6/77,True,True,2/35,False,False,True,True
1,6,7/89,True,True,7/123,False,False,True,True
1,7,8/101,True,True,8/141,False,False,True,True
1,8,9/113,True,True,3/53,False,False,True,True
1,9,2/25,True,True,10/177,False,False,True,True
1,10,11/137,True,True,11/195,False,False,True,True
1,11,12/149,True,True,4/71,False,False,True,True
1,12,13/161,True,True,13/231,False,False,True,True
1,13,14/173,True,True,14/249,False,False,True,True
1,14,3/37,True,True,5/89,False,False,True,True
1,15,16/197,True,True,16/285,False,False,True,True
1,16,17/209,True,True,17/303,False,False,True,True
1,17,18/221,True,True,6/107,False,False,True,True
1,18,19/233,True,True,19/339,False,False,True,True
1,19,4/49,True,True,20/357,False,False,True,True
1,20,21/257,True,True,7/125,False,False,True,True
1,21,22/269,True,True,22/393,False,False,True,True
1,22,23/281,True,True,23/411,False,False,True,True
1,23,24/293,True,True,8/143,False,False,True,True
1,24,5/61,True,True,25/447,False,False,True,True
1,25,26/317,True,True,26/465,False,False,True,True
1,26,27/329,True,True,9/161,False,False,True,True
1,27,28/341,True,True,28/501,False,False,True,True
1,28,29/353,True,True,29/519,False,False,True,True
1,29,6/73,True,True,10/179,False,False,True,True
1,30,31/377,True,True,31/555,False,False,True,True
1,31,32/389,True,True,32/573,False,False,True,True
1,32,33/401,True,True,11/197,False,False,True,True
1,33,34/413,True,True,34/609,False,False,True,True
1,34,7/85,True,True,35/627,False,False,True,True
1,35,36/437,True,True,12/215,False,False,True,True
1,36,37/449,True,True,37/663,False,False,True,True
1,37,38/461,True,True,38/681,False,False,True,True
1,38,39/473,True,True,13/233,False,False,True,True
1,39,8/97,True,True,40/717,False,False,True,True
1,40,41/497,True,True,41/735,False,False,True,True
1,41,42/509,True,True,14/251,False,False,True,True
1,42,43/521,True,True,43/771,False,False,True,True
1,43,44/533,True,True,44/789,False,False,True,True
1,44,9/109,True,True,15/269,False,False,True,True
1,45,46/557,True,True,46/825,False,False,True,True
1,46,47/569,True,True,47/843,False,False,True,True
1,47,48/581,True,True,16/287,False,False,True,True
1,48,49/593,True,True,49/879,False,False,True,True
1,49,10/121,True,True,50/897,False,False,True,True
1,50,51/617,True,True,17/305,False,False,True,True
1,51,52/629,True,True,52/933,False,False,True,True
1,52,53/641,True,True,53/951,False,False,True,True
1,53,54/653,True,True,18/323,False,False,True,True
1,54,11/133,True,True,55/987,False,False,True,True
1,55,56/677,True,True,56/1005,False,False,True,True
1,56,57/689,True,True,19/341,False,False,True,True
1,57,58/701,True,True,58/1041,False,False,True,True
1,58,59/713,True,True,59/1059,False,False,True,True
1,59,12/145,True,True,20/359,False,False,True,True
1,60,61/737,True,True,61/1095,False,False,True,True
1,61,62/749,True,True,62/1113,False,False,True,True
1,62,63/761,True,True,21/377,False,False,True,True
1,63,64/773,True,True,64/1149,False,False,True,True
1,64,13/157,True,True,65/1167,False,False,True,True
2,0,1/17,False,False,1/15,True,True,True,True
2,1,3/46,True,True,1/16,True,True,True,True
2,2,2/29,True,True,2/33,False,False,True,True
2,3,1/14,True,True,5/84,False,False,True,True
2,4,3/41,True,True,1/17,False,False,True,True
2,5,7/94,True,True,7/120,False,False,True,True
2,6,4/53,True,True,4/69,False,False,True,True
2,7,9/118,True,True,3/52,False,False,True,True
2,8,1/13,True,True,5/87,False,False,True,True
2,9,11/142,True,True,11/192,False,False,True,True
2,10,6/77,True,True,2/35,False,False,True,True
2,11,13/166,True,True,13/228,False,False,True,True
2,12,7/89,True,True,7/123,False,False,True,True
2,13,3/38,True,True,5/88,False,False,True,True
2,14,8/101,True,True,8/141,False,False,True,True
2,15,17/214,True,True,17/300,False,False,True,True
2,16,9/113,True,True,3/53,False,False,True,True
2,17,19/238,True,True,19/336,False,False,True,True
2,18,2/25,True,True,10/177,False,False,True,True
2,19,21/262,True,True,7/124,False,False,True,True
2,20,11/137,True,True,11/195,False,False,True,True
2,21,23/286,True,True,23/408,False,False,True,True
2,22,12/149,True,True,4/71,False,False,True,True
2,23,5/62,True,True,25/444,False,False,True,True
2,24,13/161,True,True,13/231,False,False,True,True
2,25,27/334,True,True,9/160,False,False,True,True
2,26,14/173,True,True,14/249,False,False,True,True
2,27,29/358,True,True,29/516,False,False,True,True
2,28,3/37,True,True,5/89,False,False,True,True
2,29,31/382,True,True,31/552,False,False,True,True
2,30,16/197,True,True,16/285,False,False,True,True
2,31,33/406,True,True,11/196,False,False,True,True
2,32,17/209,True,True,17/303,False,False,True,True
2,33,7/86,True,True,35/624,False,False,True,True
2,34,18/221,True,True,6/107,False,False,True,True
2,35,37/454,True,True,37/660,False,False,True,True
2,36,19/233,True,True,19/339,False,False,True,True
2,37,39/478,True,True,13/232,False,False,True,True
2,38,4/49,True,True,20/357,False,False,True,True
2,39,41/502,True,True,41/732,False,False,True,True
2,40,21/257,True,True,7/125,False,False,True,True
2,41,43/526,True,True,43/768,False,False,True,True
2,42,22/269,True,True,22/393,False,False,True,True
2,43,9/110,True,True,15/268,False,False,True,True
2,44,23/281,True,True,23/411,False,False,True,True
2,45,47/574,True,True,47/840,False,False,True,True
2,46,24/293,True,True,8/143,False,False,True,True
2,47,49/598,True,True,49/876,False,False,True,True
2,48,5/61,True,True,25/447,False,False,True,True
2,49,51/622,True,True,17/304,False,False,True,True
2,50,26/317,True,True,26/465,False,False,True,True
2,51,53/646,True,True,53/948,False,False,True,True
2,52,27/329,True,True,9/161,False,False,True,True
2,53,11/134,True,True,55/984,False,False,True,True
2,54,28/341,True,True,28/501,False,False,True,True
2,55,57/694,True,True,19/340,False,False,True,True
2,56,29/353,True,True,29/519,False,False,True,True
2,57,59/718,True,True,59/1056,False,False,True,True
2,58,6/73,True,True,10/179,False,False,True,True
2,59,61/742,True,True,61/1092,False,False,True,True
2,60,31/377,True,True,31/555,False,False,True,True
2,61,63/766,True,True,21/376,False,False,True,True
2,62,32/389,True,True,32/573,False,False,True,True
2,63,13/158,True,True,65/1164,False,False,True,True
2,64,33/401,True,True,11/197,False,False,True,True
3,0,1/17,False,False,1/15,True,True,True,True
3,1,4/63,True,True,4/63,True,True,True,True
3,2,1/15,True,True,5/81,False,False,True,True
3,3,2/29,True,True,2/33,False,False,True,True
3,4,7/99,True,True,7/117,False,False,True,True
3,5,8/111,True,True,8/135,False,False,True,True
3,6,3/41,True,True,1/17,False,False,True,True
3,7,2/27,True,True,10/171,False,False,True,True
3,8,11/147,True,True,11/189,False,False,True,True
3,9,4/53,True,True,4/69,False,False,True,True
3,10,13/171,True,True,13/225,False,False,True,True
3,11,14/183,True,True,14/243,False,False,True,True
3,12,1/13,True,True,5/87,False,False,True,True
3,13,16/207,True,True,16/279,False,False,True,True
3,14,17/219,True,True,17/297,False,False,True,True
3,15,6/77,True,True,2/35,False,False,True,True
3,16,19/243,True,True,19/333,False,False,True,True
3,17,4/51,True,True,20/351,False,False,True,True
3,18,7/89,True,True,7/123,False,False,True,True
3,19,22/279,True,True,22/387,False,False,True,True
3,20,23/291,True,True,23/405,False,False,True,True
3,21,8/101,True,True,8/141,False,False,True,True
3,22,5/63,True,True,25/441,False,False,True,True
3,23,26/327,True,True,26/459,False,False,True,True
3,24,9/113,True,True,3/53,False,False,True,True
3,25,28/351,True,True,28/495,False,False,True,True
3,26,29/363,True,True,29/513,False,False,True,True
3,27,2/25,True,True,10/177,False,False,True,True
3,28,31/387,True,True,31/549,False,False,True,True
3,29,32/399,True,True,32/567,False,False,True,True
3,30,11/137,True,True,11/195,False,False,True,True
3,31,34/423,True,True,34/603,False,False,True,True
3,32,7/87,True,True,35/621,False,False,True,True
3,33,12/149,True,True,4/71,False,False,True,True
3,34,37/459,True,True,37/657,False,False,True,True
3,35,38/471,True,True,38/675,False,False,True,True
3,36,13/161,True,True,13/231,False,False,True,True
3,37,8/99,True,True,40/711,False,False,True,True
3,38,41/507,True,True,41/729,False,False,True,True
3,39,14/173,True,True,14/249,False,False,True,True
3,40,43/531,True,True,43/765,False,False,True,True
3,41,44/543,True,True,44/783,False,False,True,True
3,42,3/37,True,True,5/89,False,False,True,True
3,43,46/567,True,True,46/819,False,False,True,True
3,44,47/579,True,True,47/837,False,False,True,True
3,45,16/197,True,True,16/285,False,False,True,True
3,46,49/603,True,True,49/873,False,False,True,True
3,47,10/123,True,True,50/891,False,False,True,True
3,48,17/209,True,True,17/303,False,False,True,True
3,49,52/639,True,True,52/927,False,False,True,True
3,50,53/651,True,True,53/945,False,False,True,True
3,51,18/221,True,True,6/107,False,False,True,True
3,52,11/135,True,True,55/981,False,False,True,True
3,53,56/687,True,True,56/999,False,False,True,True
3,54,19/233,True,True,19/339,False,False,True,True
3,55,58/711,True,True,58/1035,False,False,True,True
3,56,59/723,True,True,59/1053,False,False,True,True
3,57,4/49,True,True,20/357,False,False,True,True
3,58,61/747,True,True,61/1089,False,False,True,True
3,59,62/759,True,True,62/1107,False,False,True,True
3,60,21/257,True,True,7/125,False,False,True,True
3,61,64/783,True,True,64/1143,False,False,True,True
3,62,13/159,True,True,65/1161,False,False,True,True
3,63,22/269,True,True,22/393,False,False,True,True
3,64,67/819,True,True,67/1197,False,False,True,True
4,0,1/17,False,False,1/15,True,True,True,True
4,1,1/16,True,True,5/78,True,True,True,True
4,2,3/46,True,True,1/16,True,True,True,True
4,3,7/104,True,True,7/114,False,False,True,True
4,4,2/29,True,True,2/33,False,False,True,True
4,5,9/128,True,True,3/50,False,False,True,True
4,6,1/14,True,True,5/84,False,False,True,True
4,7,11/152,True,True,11/186,False,False,True,True
4,8,3/41,True,True,1/17,False,False,True,True
4,9,13/176,True,True,13/222,False,False,True,True
4,10,7/94,True,True,7/120,False,False,True,True
4,11,3/40,True,True,5/86,False,False,True,True
4,12,4/53,True,True,4/69,False,False,True,True
4,13,17/224,True,True,17/294,False,False,True,True
4,14,9/118,True,True,3/52,False,False,True,True
4,15,19/248,True,True,19/330,False,False,True,True
4,16,1/13,True,True,5/87,False,False,True,True
4,17,21/272,True,True,7/122,False,False,True,True
4,18,11/142,True,True,11/192,False,False,True,True
4,19,23/296,True,True,23/402,False,False,True,True
4,20,6/77,True,True,2/35,False,False,True,True
4,21,5/64,True,True,25/438,False,False,True,True
4,22,13/166,True,True,13/228,False,False,True,True
4,23,27/344,True,True,9/158,False,False,True,True
4,24,7/89,True,True,7/123,False,False,True,True
4,25,29/368,True,True,29/510,False,False,True,True
4,26,3/38,True,True,5/88,False,False,True,True
4,27,31/392,True,True,31/546,False,False,True,True
4,28,8/101,True,True,8/141,False,False,True,True
4,29,33/416,True,True,11/194,False,False,True,True
4,30,17/214,True,True,17/300,False,False,True,True
4,31,7/88,True,True,35/618,False,False,True,True
4,32,9/113,True,True,3/53,False,False,True,True
4,33,37/464,True,True,37/654,False,False,True,True
4,34,19/238,True,True,19/336,False,False,True,True
4,35,39/488,True,True,13/230,False,False,True,True
4,36,2/25,True,True,10/177,False,False,True,True
4,37,41/512,True,True,41/726,False,False,True,True
4,38,21/262,True,True,7/124,False,False,True,True
4,39,43/536,True,True,43/762,False,False,True,True
4,40,11/137,True,True,11/195,False,False,True,True
4,41,9/112,True,True,15/266,False,False,True,True
4,42,23/286,True,True,23/408,False,False,True,True
4,43,47/584,True,True,47/834,False,False,True,True
4,44,12/149,True,True,4/71,False,False,True,True
4,45,49/608,True,True,49/870,False,False,True,True
4,46,5/62,True,True,25/444,False,False,True,True
4,47,51/632,True,True,17/302,False,False,True,True
4,48,13/161,True,True,13/231,False,False,True,True
4,49,53/656,True,True,53/942,False,False,True,True
4,50,27/334,True,True,9/160,False,False,True,True
4,51,11/136,True,True,55/978,False,False,True,True
4,52,14/173,True,True,14/249,False,False,True,True
4,53,57/704,True,True,19/338,False,False,True,True
4,54,29/358,True,True,29/516,False,False,True,True
4,55,59/728,True,True,59/1050,False,False,True,True
4,56,3/37,True,True,5/89,False,False,True,True
4,57,61/752,True,True,61/1086,False,False,True,True
4,58,31/382,True,True,31/552,False,False,True,True
4,59,63/776,True,True,21/374,False,False,True,True
4,60,16/197,True,True,16/285,False,False,True,True
4,61,13/160,True,True,65/1158,False,False,True,True
4,62,33/406,True,True,11/196,False,False,True,True
4,63,67/824,True,True,67/1194,False,False,True,True
4,64,17/209,True,True,17/303,False,False,True,True
5,0,1/17,False,False,1/15,True,True,True,True
5,1,6/97,False,False,2/31,True,True,True,True
5,2,7/109,True,True,7/111,True,True,True,True
5,3,8/121,True,True,8/129,False,False,True,True
5,4,9/133,True,True,3/49,False,False,True,True
5,5,2/29,True,True,2/33,False,False,True,True
5,6,11/157,True,True,11/183,False,False,True,True
5,7,12/169,True,True,4/67,False,False,True,True
5,8,13/181,True,True,13/219,False,False,True,True
5,9,14/193,True,True,14/237,False,False,True,True
5,10,3/41,True,True,1/17,False,False,True,True
5,11,16/217,True,True,16/273,False,False,True,True
5,12,17/229,True,True,17/291,False,False,True,True
5,13,18/241,True,True,6/103,False,False,True,True
5,14,19/253,True,True,19/327,False,False,True,True
5,15,4/53,True,True,4/69,False,False,True,True
5,16,21/277,True,True,7/121,False,False,True,True
5,17,22/289,True,True,22/381,False,False,True,True
5,18,23/301,True,True,23/399,False,False,True,True
5,19,24/313,True,True,8/139,False,False,True,True
5,20,1/13,True,True,5/87,False,False,True,True
5,21,26/337,True,True,26/453,False,False,True,True
5,22,27/349,True,True,9/157,False,False,True,True
5,23,28/361,True,True,28/489,False,False,True,True
5,24,29/373,True,True,29/507,False,False,True,True
5,25,6/77,True,True,2/35,False,False,True,True
5,26,31/397,True,True,31/543,False,False,True,True
5,27,32/409,True,True,32/561,False,False,True,True
5,28,33/421,True,True,11/193,False,False,True,True
5,29,34/433,True,True,34/597,False,False,True,True
5,30,7/89,True,True,7/123,False,False,True,True
5,31,36/457,True,True,12/211,False,False,True,True
5,32,37/469,True,True,37/651,False,False,True,True
5,33,38/481,True,True,38/669,False,False,True,True
5,34,39/493,True,True,13/229,False,False,True,True
5,35,8/101,True,True,8/141,False,False,True,True
5,36,41/517,True,True,41/723,False,False,True,True
5,37,42/529,True,True,14/247,False,False,True,True
5,38,43/541,True,True,43/759,False,False,True,True
5,39,44/553,True,True,44/777,False,False,True,True
5,40,9/113,True,True,3/53,False,False,True,True
5,41,46/577,True,True,46/813,False,False,True,True
5,42,47/589,True,True,47/831,False,False,True,True
5,43,48/601,True,True,16/283,False,False,True,True
5,44,49/613,True,True,49/867,False,False,True,True
5,45,2/25,True,True,10/177,False,False,True,True
5,46,51/637,True,True,17/301,False,False,True,True
5,47,52/649,True,True,52/921,False,False,True,True
5,48,53/661,True,True,53/939,False,False,True,True
5,49,54/673,True,True,18/319,False,False,True,True
5,50,11/137,True,True,11/195,False,False,True,True
5,51,56/697,True,True,56/993,False,False,True,True
5,52,57/709,True,True,19/337,False,False,True,True
5,53,58/721,True,True,58/1029,False,False,True,True
5,54,59/733,True,True,59/1047,False,False,True,True
5,55,12/149,True,True,4/71,False,False,True,True
5,56,61/757,True,True,61/1083,False,False,True,True
5,57,62/769,True,True,62/1101,False,False,True,True
5,58,63/781,True,True,21/373,False,False,True,True
5,59,64/793,True,True,64/1137,False,False,True,True
5,60,13/161,True,True,13/231,False,False,True,True
5,61,66/817,True,True,22/391,False,False,True,True
5,62,67/829,True,True,67/1191,False,False,True,True
5,63,68/841,True,True,68/1209,False,False,True,True
5,64,69/853,True,True,23/409,False,False,True,True
6,0,1/17,False,False,1/15,True,True,True,True
6,1,7/114,False,False,7/108,True,True,True,True
6,2,4/63,True,True,4/63,True,True,True,True
6,3,3/46,True,True,1/16,True,True,True,True
6,4,1/15,True,True,5/81,False,False,True,True
6,5,11/162,True,True,11/180,False,False,True,True
6,6,2/29,True,True,2/33,False,False,True,True
6,7,13/186,True,True,13/216,False,False,True,True
6,8,7/99,True,True,7/117,False,False,True,True
6,9,1/14,True,True,5/84,False,False,True,True
6,10,8/111,True,True,8/135,False,False,True,True
6,11,17/234,True,True,17/288,False,False,True,True
6,12,3/41,True,True,1/17,False,False,True,True
6,13,19/258,True,True,19/324,False,False,True,True
6,14,2/27,True,True,10/171,False,False,True,True
6,15,7/94,True,True,7/120,False,False,True,True
6,16,11/147,True,True,11/189,False,False,True,True
6,17,23/306,True,True,23/396,False,False,True,True
6,18,4/53,True,True,4/69,False,False,True,True
6,19,5/66,True,True,25/432,False,False,True,True
6,20,13/171,True,True,13/225,False,False,True,True
6,21,9/118,True,True,3/52,False,False,True,True
6,22,14/183,True,True,14/243,False,False,True,True
6,23,29/378,True,True,29/504,False,False,True,True
6,24,1/13,True,True,5/87,False,False,True,True
6,25,31/402,True,True,31/540,False,False,True,True
6,26,16/207,True,True,16/279,False,False,True,True
6,27,11/142,True,True,11/192,False,False,True,True
6,28,17/219,True,True,17/297,False,False,True,True
6,29,7/90,True,True,35/612,False,False,True,True
6,30,6/77,True,True,2/35,False,False,True,True
6,31,37/474,True,True,37/648,False,False,True,True
6,32,19/243,True,True,19/333,False,False,True,True
6,33,13/166,True,True,13/228,False,False,True,True
6,34,4/51,True,True,20/351,False,False,True,True
6,35,41/522,True,True,41/720,False,False,True,True
6,36,7/89,True,True,7/123,False,False,True,True
6,37,43/546,True,True,43/756,False,False,True,True
6,38,22/279,True,True,22/387,False,False,True,True
6,39,3/38,True,True,5/88,False,False,True,True
6,40,23/291,True,True,23/405,False,False,True,True
6,41,47/594,True,True,47/828,False,False,True,True
6,42,8/101,True,True,8/141,False,False,True,True
6,43,49/618,True,True,49/864,False,False,True,True
6,44,5/63,True,True,25/441,False,False,True,True
6,45,17/214,True,True,17/300,False,False,True,True
6,46,26/327,True,True,26/459,False,False,True,True
6,47,53/666,True,True,53/936,False,False,True,True
6,48,9/113,True,True,3/53,False,False,True,True
6,49,11/138,True,True,55/972,False,False,True,True
6,50,28/351,True,True,28/495,False,False,True,True
6,51,19/238,True,True,19/336,False,False,True,True
6,52,29/363,True,True,29/513,False,False,True,True
6,53,59/738,True,True,59/1044,False,False,True,True
6,54,2/25,True,True,10/177,False,False,True,True
6,55,61/762,True,True,61/1080,False,False,True,True
6,56,31/387,True,True,31/549,False,False,True,True
6,57,21/262,True,True,7/124,False,False,True,True
6,58,32/399,True,True,32/567,False,False,True,True
6,59,13/162,True,True,65/1152,False,False,True,True
6,60,11/137,True,True,11/195,False,False,True,True
6,61,67/834,True,True,67/1188,False,False,True,True
6,62,34/423,True,True,34/603,False,False,True,True
6,63,23/286,True,True,23/408,False,False,True,True
6,64,7/87,True,True,35/621,False,False,True,True
7,0,1/17,False,False,1/15,True,True,True,True
7,1,8/131,False,False,8/123,True,True,True,True
7,2,9/143,True,True,3/47,True,True,True,True
7,3,2/31,True,True,10/159,True,True,True,True
7,4,11/167,True,True,11/177,False,False,True,True
7,5,12/179,True,True,4/65,False,False,True,True
7,6,13/191,True,True,13/213,False,False,True,True
7,7,2/29,True,True,2/33,False,False,True,True
7,8,3/43,True,True,5/83,False,False,True,True
7,9,16/227,True,True,16/267,False,False,True,True
7,10,17/239,True,True,17/285,False,False,True,True
7,11,18/251,True,True,6/101,False,False,True,True
7,12,19/263,True,True,19/321,False,False,True,True
7,13,4/55,True,True,20/339,False,False,True,True
7,14,3/41,True,True,1/17,False,False,True,True
7,15,22/299,True,True,22/375,False,False,True,True
7,16,23/311,True,True,23/393,False,False,True,True
7,17,24/323,True,True,8/137,False,False,True,True
7,18,5/67,True,True,25/429,False,False,True,True
7,19,26/347,True,True,26/447,False,False,True,True
7,20,27/359,True,True,9/155,False,False,True,True
7,21,4/53,True,True,4/69,False,False,True,True
7,22,29/383,True,True,29/501,False,False,True,True
7,23,6/79,True,True,10/173,False,False,True,True
7,24,31/407,True,True,31/537,False,False,True,True
7,25,32/419,True,True,32/555,False,False,True,True
7,26,33/431,True,True,11/191,False,False,True,True
7,27,34/443,True,True,34/591,False,False,True,True
7,28,1/13,True,True,5/87,False,False,True,True
7,29,36/467,True,True,12/209,False,False,True,True
7,30,37/479,True,True,37/645,False,False,True,True
7,31,38/491,True,True,38/663,False,False,True,True
7,32,39/503,True,True,13/227,False,False,True,True
7,33,8/103,True,True,40/699,False,False,True,True
7,34,41/527,True,True,41/717,False,False,True,True
7,35,6/77,True,True,2/35,False,False,True,True
7,36,43/551,True,True,43/753,False,False,True,True
7,37,44/563,True,True,44/771,False,False,True,True
7,38,9/115,True,True,15/263,False,False,True,True
7,39,46/587,True,True,46/807,False,False,True,True
7,40,47/599,True,True,47/825,False,False,True,True
7,41,48/611,True,True,16/281,False,False,True,True
7,42,7/89,True,True,7/123,False,False,True,True
7,43,10/127,True,True,50/879,False,False,True,True
7,44,51/647,True,True,17/299,False,False,True,True
7,45,52/659,True,True,52/915,False,False,True,True
7,46,53/671,True,True,53/933,False,False,True,True
7,47,54/683,True,True,18/317,False,False,True,True
7,48,11/139,True,True,55/969,False,False,True,True
7,49,8/101,True,True,8/141,False,False,True,True
7,50,57/719,True,True,19/335,False,False,True,True
7,51,58/731,True,True,58/1023,False,False,True,True
7,52,59/743,True,True,59/1041,False,False,True,True
7,53,12/151,True,True,20/353,False,False,True,True
7,54,61/767,True,True,61/1077,False,False,True,True
7,55,62/779,True,True,62/1095,False,False,True,True
7,56,9/113,True,True,3/53,False,False,True,True
7,57,64/803,True,True,64/1131,False,False,True,True
7,58,13/163,True,True,65/1149,False,False,True,True
7,59,66/827,True,True,22/389,False,False,True,True
7,60,67/839,True,True,67/1185,False,False,True,True
7,61,68/851,True,True,68/1203,False,False,True,True
7,62,69/863,True,True,23/407,False,False,True,True
7,63,2/25,True,True,10/177,False,False,True,True
7,64,71/887,True,True,71/1257,False,False,True,True
8,0,1/17,False,False,1/15,True,True,True,True
8,1,9/148,False,False,3/46,True,True,True,True
8,2,1/16,True,True,5/78,True,True,True,True
8,3,11/172,True,True,11/174,True,True,True,True
8,4,3/46,True,True,1/16,True,True,True,True
8,5,13/196,True,True,13/210,False,False,True,True
8,6,7/104,True,True,7/114,False,False,True,True
8,7,3/44,True,True,5/82,False,False,True,True
8,8,2/29,True,True,2/33,False,False,True,True
8,9,17/244,True,True,17/282,False,False,True,True
8,10,9/128,True,True,3/50,False,False,True,True
8,11,19/268,True,True,19/318,False,False,True,True
8,12,1/14,True,True,5/84,False,False,True,True
8,13,21/292,True,True,7/118,False,False,True,True
8,14,11/152,True,True,11/186,False,False,True,True
8,15,23/316,True,True,23/390,False,False,True,True
8,16,3/41,True,True,1/17,False,False,True,True
8,17,5/68,True,True,25/426,False,False,True,True
8,18,13/176,True,True,13/222,False,False,True,True
8,19,27/364,True,True,9/154,False,False,True,True
8,20,7/94,True,True,7/120,False,False,True,True
8,21,29/388,True,True,29/498,False,False,True,True
8,22,3/40,True,True,5/86,False,False,True,True
8,23,31/412,True,True,31/534,False,False,True,True
8,24,4/53,True,True,4/69,False,False,True,True
8,25,33/436,True,True,11/190,False,False,True,True
8,26,17/224,True,True,17/294,False,False,True,True
8,27,7/92,True,True,35/606,False,False,True,True
8,28,9/118,True,True,3/52,False,False,True,True
8,29,37/484,True,True,37/642,False,False,True,True
8,30,19/248,True,True,19/330,False,False,True,True
8,31,39/508,True,True,13/226,False,False,True,True
8,32,1/13,True,True,5/87,False,False,True,True
8,33,41/532,True,True,41/714,False,False,True,True
8,34,21/272,True,True,7/122,False,False,True,True
8,35,43/556,True,True,43/750,False,False,True,True
8,36,11/142,True,True,11/192,False,False,True,True
8,37,9/116,True,True,15/262,False,False,True,True
8,38,23/296,True,True,23/402,False,False,True,True
8,39,47/604,True,True,47/822,False,False,True,True
8,40,6/77,True,True,2/35,False,False,True,True
8,41,49/628,True,True,49/858,False,False,True,True
8,42,5/64,True,True,25/438,False,False,True,True
8,43,51/652,True,True,17/298,False,False,True,True
8,44,13/166,True,True,13/228,False,False,True,True
8,45,53/676,True,True,53/930,False,False,True,True
8,46,27/344,True,True,9/158,False,False,True,True
8,47,11/140,True,True,55/966,False,False,True,True
8,48,7/89,True,True,7/123,False,False,True,True
8,49,57/724,True,True,19/334,False,False,True,True
8,50,29/368,True,True,29/510,False,False,True,True
8,51,59/748,True,True,59/1038,False,False,True,True
8,52,3/38,True,True,5/88,False,False,True,True
8,53,61/772,True,True,61/1074,False,False,True,True
8,54,31/392,True,True,31/546,False,False,True,True
8,55,63/796,True,True,21/370,False,False,True,True
8,56,8/101,True,True,8/141,False,False,True,True
8,57,13/164,True,True,65/1146,False,False,True,True
8,58,33/416,True,True,11/194,False,False,True,True
8,59,67/844,True,True,67/1182,False,False,True,True
8,60,17/214,True,True,17/300,False,False,True,True
8,61,69/868,True,True,23/406,False,False,True,True
8,62,7/88,True,True,35/618,False,False,True,True
8,63,71/892,True,True,71/1254,False,False,True,True
8,64,9/113,True,True,3/53,False,False,True,True
9,0,1/17,False,False,1/15,True,True,True,True
9,1,2/33,False,False,10/153,True,True,True,True
9,2,11/177,False,False,11/171,True,True,True,True
9,3,4/63,True,True,4/63,True,True,True,True
9,4,13/201,True,True,13/207,True,True,True,True
9,5,14/213,True,True,14/225,False,False,True,True
9,6,1/15,True,True,5/81,False,False,True,True
9,7,16/237,True,True,16/261,False,False,True,True
9,8,17/249,True,True,17/279,False,False,True,True
9,9,2/29,True,True,2/33,False,False,True,True
9,10,19/273,True,True,19/315,False,False,True,True
9,11,4/57,True,True,20/333,False,False,True,True
9,12,7/99,True,True,7/117,False,False,True,True
9,13,22/309,True,True,22/369,False,False,True,True
9,14,23/321,True,True,23/387,False,False,True,True
9,15,8/111,True,True,8/135,False,False,True,True
9,16,5/69,True,True,25/423,False,False,True,True
9,17,26/357,True,True,26/441,False,False,True,True
9,18,3/41,True,True,1/17,False,False,True,True
9,19,28/381,True,True,28/477,False,False,True,True
9,20,29/393,True,True,29/495,False,False,True,True
9,21,2/27,True,True,10/171,False,False,True,True
9,22,31/417,True,True,31/531,False,False,True,True
9,23,32/429,True,True,32/549,False,False,True,True
9,24,11/147,True,True,11/189,False,False,True,True
9,25,34/453,True,True,34/585,False,False,True,True
9,26,7/93,True,True,35/603,False,False,True,True
9,27,4/53,True,True,4/69,False,False,True,True
9,28,37/489,True,True,37/639,False,False,True,True
9,29,38/501,True,True,38/657,False,False,True,True
9,30,13/171,True,True,13/225,False,False,True,True
9,31,8/105,True,True,40/693,False,False,True,True
9,32,41/537,True,True,41/711,False,False,True,True
9,33,14/183,True,True,14/243,False,False,True,True
9,34,43/561,True,True,43/747,False,False,True,True
9,35,44/573,True,True,44/765,False,False,True,True
9,36,1/13,True,True,5/87,False,False,True,True
9,37,46/597,True,True,46/801,False,False,True,True
9,38,47/609,True,True,47/819,False,False,True,True
9,39,16/207,True,True,16/279,False,False,True,True
9,40,49/633,True,True,49/855,False,False,True,True
9,41,10/129,True,True,50/873,False,False,True,True
9,42,17/219,True,True,17/297,False,False,True,True
9,43,52/669,True,True,52/909,False,False,True,True
9,44,53/681,True,True,53/927,False,False,True,True
9,45,6/77,True,True,2/35,False,False,True,True
9,46,11/141,True,True,55/963,False,False,True,True
9,47,56/717,True,True,56/981,False,False,True,True
9,48,19/243,True,True,19/333,False,False,True,True
9,49,58/741,True,True,58/1017,False,False,True,True
9,50,59/753,True,True,59/1035,False,False,True,True
9,51,4/51,True,True,20/351,False,False,True,True
9,52,61/777,True,True,61/1071,False,False,True,True
9,53,62/789,True,True,62/1089,False,False,True,True
9,54,7/89,True,True,7/123,False,False,True,True
9,55,64/813,True,True,64/1125,False,False,True,True
9,56,13/165,True,True,65/1143,False,False,True,True
9,57,22/279,True,True,22/387,False,False,True,True
9,58,67/849,True,True,67/1179,False,False,True,True
9,59,68/861,True,True,68/1197,False,False,True,True
9,60,23/291,True,True,23/405,False,False,True,True
9,61,14/177,True,True,70/1233,False,False,True,True
9,62,71/897,True,True,71/1251,False,False,True,True
9,63,8/101,True,True,8/141,False,False,True,True
9,64,73/921,True,True,73/1287,False,False,True,True
10,0,1/17,False,False,1/15,True,True,True,True
10,1,11/182,False,False,11/168,True,True,True,True
10,2,6/97,False,False,2/31,True,True,True,True
10,3,13/206,True,True,13/204,True,True,True,True
10,4,7/109,True,True,7/111,True,True,True,True
10,5,3/46,True,True,1/16,True,True,True,True
10,6,8/121,True,True,8/129,False,False,True,True
10,7,17/254,True,True,17/276,False,False,True,True
10,8,9/133,True,True,3/49,False,False,True,True
10,9,19/278,True,True,19/312,False,False,True,True
10,10,2/29,True,True,2/33,False,False,True,True
10,11,21/302,True,True,7/116,False,False,True,True
10,12,11/157,True,True,11/183,False,False,True,True
10,13,23/326,True,True,23/384,False,False,True,True
10,14,12/169,True,True,4/67,False,False,True,True
10,15,1/14,True,True,5/84,False,False,True,True
10,16,13/181,True,True,13/219,False,False,True,True
10,17,27/374,True,True,9/152,False,False,True,True
10,18,14/193,True,True,14/237,False,False,True,True
10,19,29/398,True,True,29/492,False,False,True,True
10,20,3/41,True,True,1/17,False,False,True,True
10,21,31/422,True,True,31/528,False,False,True,True
10,22,16/217,True,True,16/273,False,False,True,True
10,23,33/446,True,True,11/188,False,False,True,True
10,24,17/229,True,True,17/291,False,False,True,True
10,25,7/94,True,True,7/120,False,False,True,True
10,26,18/241,True,True,6/103,False,False,True,True
10,27,37/494,True,True,37/636,False,False,True,True
10,28,19/253,True,True,19/327,False,False,True,True
10,29,39/518,True,True,13/224,False,False,True,True
10,30,4/53,True,True,4/69,False,False,True,True
10,31,41/542,True,True,41/708,False,False,True,True
10,32,21/277,True,True,7/121,False,False,True,True
10,33,43/566,True,True,43/744,False,False,True,True
10,34,22/289,True,True,22/381,False,False,True,True
10,35,9/118,True,True,3/52,False,False,True,True
10,36,23/301,True,True,23/399,False,False,True,True
10,37,47/614,True,True,47/816,False,False,True,True
10,38,24/313,True,True,8/139,False,False,True,True
10,39,49/638,True,True,49/852,False,False,True,True
10,40,1/13,True,True,5/87,False,False,True,True
10,41,51/662,True,True,17/296,False,False,True,True
10,42,26/337,True,True,26/453,False,False,True,True
10,43,53/686,True,True,53/924,False,False,True,True
10,44,27/349,True,True,9/157,False,False,True,True
10,45,11/142,True,True,11/192,False,False,True,True
10,46,28/361,True,True,28/489,False,False,True,True
10,47,57/734,True,True,19/332,False,False,True,True
10,48,29/373,True,True,29/507,False,False,True,True
10,49,59/758,True,True,59/1032,False,False,True,True
10,50,6/77,True,True,2/35,False,False,True,True
10,51,61/782,True,True,61/1068,False,False,True,True
10,52,31/397,True,True,31/543,False,False,True,True
10,53,63/806,True,True,21/368,False,False,True,True
10,54,32/409,True,True,32/561,False,False,True,True
10,55,13/166,True,True,13/228,False,False,True,True
10,56,33/421,True,True,11/193,False,False,True,True
10,57,67/854,True,True,67/1176,False,False,True,True
10,58,34/433,True,True,34/597,False,False,True,True
10,59,69/878,True,True,23/404,False,False,True,True
10,60,7/89,True,True,7/123,False,False,True,True
10,61,71/902,True,True,71/1248,False,False,True,True
10,62,36/457,True,True,12/211,False,False,True,True
10,63,73/926,True,True,73/1284,False,False,True,True
10,64,37/469,True,True,37/651,False,False,True,True
11,0,1/17,False,False,1/15,True,True,True,True
11,1,12/199,False,False,4/61,True,True,True,True
11,2,13/211,False,False,13/201,True,True,True,True
11,3,14/223,True,True,14/219,True,True,True,True
11,4,3/47,True,True,5/79,True,True,True,True
11,5,16/247,True,True,16/255,True,True,True,True
11,6,17/259,True,True,17/273,False,False,True,True
11,7,18/271,True,True,6/97,False,False,True,True
11,8,19/283,True,True,19/309,False,False,True,True
11,9,4/59,True,True,20/327,False,False,True,True
11,10,21/307,True,True,7/115,False,False,True,True
11,11,2/29,True,True,2/33,False,False,True,True
11,12,23/331,True,True,23/381,False,False,True,True
11,13,24/343,True,True,8/133,False,False,True,True
11,14,5/71,True,True,25/417,False,False,True,True
11,15,26/367,True,True,26/435,False,False,True,True
11,16,27/379,True,True,9/151,False,False,True,True
11,17,28/391,True,True,28/471,False,False,True,True
11,18,29/403,True,True,29/489,False,False,True,True
11,19,6/83,True,True,10/169,False,False,True,True
11,20,31/427,True,True,31/525,False,False,True,True
11,21,32/439,True,True,32/543,False,False,True,True
11,22,3/41,True,True,1/17,False,False,True,True
11,23,34/463,True,True,34/579,False,False,True,True
11,24,7/95,True,True,35/597,False,False,True,True
11,25,36/487,True,True,12/205,False,False,True,True
11,26,37/499,True,True,37/633,False,False,True,True
11,27,38/511,True,True,38/651,False,False,True,True
11,28,39/523,True,True,13/223,False,False,True,True
11,29,8/107,True,True,40/687,False,False,True,True
11,30,41/547,True,True,41/705,False,False,True,True
11,31,42/559,True,True,14/241,False,False,True,True
11,32,43/571,True,True,43/741,False,False,True,True
11,33,4/53,True,True,4/69,False,False,True,True
11,34,9/119,True,True,15/259,False,False,True,True
11,35,46/607,True,True,46/795,False,False,True,True
11,36,47/619,True,True,47/813,False,False,True,True
11,37,48/631,True,True,16/277,False,False,True,True
11,38,49/643,True,True,49/849,False,False,True,True
11,39,10/131,True,True,50/867,False,False,True,True
11,40,51/667,True,True,17/295,False,False,True,True
11,41,52/679,True,True,52/903,False,False,True,True
11,42,53/691,True,True,53/921,False,False,True,True
11,43,54/703,True,True,18/313,False,False,True,True
11,44,1/13,True,True,5/87,False,False,True,True
11,45,56/727,True,True,56/975,False,False,True,True
11,46,57/739,True,True,19/331,False,False,True,True
11,47,58/751,True,True,58/1011,False,False,True,True
11,48,59/763,True,True,59/1029,False,False,True,True
11,49,12/155,True,True,20/349,False,False,True,True
11,50,61/787,True,True,61/1065,False,False,True,True
11,51,62/799,True,True,62/1083,False,False,True,True
11,52,63/811,True,True,21/367,False,False,True,True
11,53,64/823,True,True,64/1119,False,False,True,True
11,54,13/167,True,True,65/1137,False,False,True,True
11,55,6/77,True,True,2/35,False,False,True,True
11,56,67/859,True,True,67/1173,False,False,True,True
11,57,68/871,True,True,68/1191,False,False,True,True
11,58,69/883,True,True,23/403,False,False,True,True
11,59,14/179,True,True,70/1227,False,False,True,True
11,60,71/907,True,True,71/1245,False,False,True,True
11,61,72/919,True,True,24/421,False,False,True,True
11,62,73/931,True,True,73/1281,False,False,True,True
11,63,74/943,True,True,74/1299,False,False,True,True
11,64,15/191,True,True,25/439,False,False,True,True
12,0,1/17,False,False,1/15,True,True,True,True
12,1,13/216,False,False,13/198,True,True,True,True
12,2,7/114,False,False,7/108,True,True,True,True
12,3,1/16,True,True,5/78,True,True,True,True
12,4,4/63,True,True,4/63,True,True,True,True
12,5,17/264,True,True,17/270,True,True,True,True
12,6,3/46,True,True,1/16,True,True,True,True
12,7,19/288,True,True,19/306,False,False,True,True
12,8,1/15,True,True,5/81,False,False,True,True
12,9,7/104,True,True,7/114,False,False,True,True
12,10,11/162,True,True,11/180,False,False,True,True
12,11,23/336,True,True,23/378,False,False,True,True
12,12,2/29,True,True,2/33,False,False,True,True
12,13,5/72,True,True,25/414,False,False,True,True
12,14,13/186,True,True,13/216,False,False,True,True
12,15,9/128,True,True,3/50,False,False,True,True
12,16,7/99,True,True,7/117,False,False,True,True
12,17,29/408,True,True,29/486,False,False,True,True
12,18,1/14,True,True,5/84,False,False,True,True
12,19,31/432,True,True,31/522,False,False,True,True
12,20,8/111,True,True,8/135,False,False,True,True
12,21,11/152,True,True,11/186,False,False,True,True
12,22,17/234,True,True,17/288,False,False,True,True
12,23,7/96,True,True,35/594,False,False,True,True
12,24,3/41,True,True,1/17,False,False,True,True
12,25,37/504,True,True,37/630,False,False,True,True
12,26,19/258,True,True,19/324,False,False,True,True
12,27,13/176,True,True,13/222,False,False,True,True
12,28,2/27,True,True,10/171,False,False,True,True
12,29,41/552,True,True,41/702,False,False,True,True
12,30,7/94,True,True,7/120,False,False,True,True
12,31,43/576,True,True,43/738,False,False,True,True
12,32,11/147,True,True,11/189,False,False,True,True
12,33,3/40,True,True,5/86,False,False,True,True
12,34,23/306,True,True,23/396,False,False,True,True
12,35,47/624,True,True,47/810,False,False,True,True
12,36,4/53,True,True,4/69,False,False,True,True
12,37,49/648,True,True,49/846,False,False,True,True
12,38,5/66,True,True,25/432,False,False,True,True
12,39,17/224,True,True,17/294,False,False,True,True
12,40,13/171,True,True,13/225,False,False,True,True
12,41,53/696,True,True,53/918,False,False,True,True
12,42,9/118,True,True,3/52,False,False,True,True
12,43,11/144,True,True,55/954,False,False,True,True
12,44,14/183,True,True,14/243,False,False,True,True
12,45,19/248,True,True,19/330,False,False,True,True
12,46,29/378,True,True,29/504,False,False,True,True
12,47,59/768,True,True,59/1026,False,False,True,True
12,48,1/13,True,True,5/87,False,False,True,True
12,49,61/792,True,True,61/1062,False,False,True,True
12,50,31/402,True,True,31/540,False,False,True,True
12,51,21/272,True,True,7/122,False,False,True,True
12,52,16/207,True,True,16/279,False,False,True,True
12,53,13/168,True,True,65/1134,False,False,True,True
12,54,11/142,True,True,11/192,False,False,True,True
12,55,67/864,True,True,67/1170,False,False,True,True
12,56,17/219,True,True,17/297,False,False,True,True
12,57,23/296,True,True,23/402,False,False,True,True
12,58,7/90,True,True,35/612,False,False,True,True
12,59,71/912,True,True,71/1242,False,False,True,True
12,60,6/77,True,True,2/35,False,False,True,True
12,61,73/936,True,True,73/1278,False,False,True,True
12,62,37/474,True,True,37/648,False,False,True,True
12,63,5/64,True,True,25/438,False,False,True,True
12,64,19/243,True,True,19/333,False,False,True,True
13,0,1/17,False,False,1/15,True,True,True,True
13,1,14/233,False,False,14/213,True,True,True,True
13,2,3/49,False,False,5/77,True,True,True,True
13,3,16/257,False,False,16/249,True,True,True,True
13,4,17/269,True,True,17/267,True,True,True,True
13,5,18/281,True,True,6/95,True,True,True,True
13,6,19/293,True,True,19/303,True,True,True,True
13,7,4/61,True,True,20/321,False,False,True,True
13,8,21/317,True,True,7/113,False,False,True,True
13,9,22/329,True,True,22/357,False,False,True,True
13,10,23/341,True,True,23/375,False,False,True,True
13,11,24/353,True,True,8/131,False,False,True,True
13,12,5/73,True,True,25/411,False,False,True,True
13,13,2/29,True,True,2/33,False,False,True,True
13,14,27/389,True,True,9/149,False,False,True,True
13,15,28/401,True,True,28/465,False,False,True,True
13,16,29/413,True,True,29/483,False,False,True,True
13,17,6/85,True,True,10/167,False,False,True,True
13,18,31/437,True,True,31/519,False,False,True,True
13,19,32/449,True,True,32/537,False,False,True,True
13,20,33/461,True,True,11/185,False,False,True,True
13,21,34/473,True,True,34/573,False,False,True,True
13,22,7/97,True,True,35/591,False,False,True,True
13,23,36/497,True,True,12/203,False,False,True,True
13,24,37/509,True,True,37/627,False,False,True,True
13,25,38/521,True,True,38/645,False,False,True,True
13,26,3/41,True,True,1/17,False,False,True,True
13,27,8/109,True,True,40/681,False,False,True,True
13,28,41/557,True,True,41/699,False,False,True,True
13,29,42/569,True,True,14/239,False,False,True,True
13,30,43/581,True,True,43/735,False,False,True,True
13,31,44/593,True,True,44/753,False,False,True,True
13,32,9/121,True,True,15/257,False,False,True,True
13,33,46/617,True,True,46/789,False,False,True,True
13,34,47/629,True,True,47/807,False,False,True,True
13,35,48/641,True,True,16/275,False,False,True,True
13,36,49/653,True,True,49/843,False,False,True,True
13,37,10/133,True,True,50/861,False,False,True,True
13,38,51/677,True,True,17/293,False,False,True,True
13,39,4/53,True,True,4/69,False,False,True,True
13,40,53/701,True,True,53/915,False,False,True,True
13,41,54/713,True,True,18/311,False,False,True,True
13,42,11/145,True,True,55/951,False,False,True,True
13,43,56/737,True,True,56/969,False,False,True,True
13,44,57/749,True,True,19/329,False,False,True,True
13,45,58/761,True,True,58/1005,False,False,True,True
13,46,59/773,True,True,59/1023,False,False,True,True
13,47,12/157,True,True,20/347,False,False,True,True
13,48,61/797,True,True,61/1059,False,False,True,True
13,49,62/809,True,True,62/1077,False,False,True,True
13,50,63/821,True,True,21/365,False,False,True,True
13,51,64/833,True,True,64/1113,False,False,True,True
13,52,1/13,True,True,5/87,False,False,True,True
13,53,66/857,True,True,22/383,False,False,True,True
13,54,67/869,True,True,67/1167,False,False,True,True
13,55,68/881,True,True,68/1185,False,False,True,True
13,56,69/893,True,True,23/401,False,False,True,True
13,57,14/181,True,True,70/1221,False,False,True,True
13,58,71/917,True,True,71/1239,False,False,True,True
13,59,72/929,True,True,24/419,False,False,True,True
13,60,73/941,True,True,73/1275,False,False,True,True
13,61,74/953,True,True,74/1293,False,False,True,True
13,62,15/193,True,True,25/437,False,False,True,True
13,63,76/977,True,True,76/1329,False,False,True,True
13,64,77/989,True,True,77/1347,False,False,True,True
14,0,1/17,False,False,1/15,True,True,True,True
14,1,3/50,False,False,5/76,True,True,True,True
14,2,8/131,False,False,8/123,True,True,True,True
14,3,17/274,False,False,17/264,True,True,True,True
14,4,9/143,True,True,3/47,True,True,True,True
14,5,19/298,True,True,19/300,True,True,True,True
14,6,2/31,True,True,10/159,True,True,True,True
14,7,3/46,True,True,1/16,True,True,True,True
14,8,11/167,True,True,11/177,False,False,True,True
14,9,23/346,True,True,23/372,False,False,True,True
14,10,12/179,True,True,4/65,False,False,True,True
14,11,5/74,True,True,25/408,False,False,True,True
14,12,13/191,True,True,13/213,False,False,True,True
14,13,27/394,True,True,9/148,False,False,True,True
14,14,2/29,True,True,2/33,False,False,True,True
14,15,29/418,True,True,29/480,False,False,True,True
14,16,3/43,True,True,5/83,False,False,True,True
14,17,31/442,True,True,31/516,False,False,True,True
14,18,16/227,True,True,16/267,False,False,True,True
14,19,33/466,True,True,11/184,False,False,True,True
14,20,17/239,True,True,17/285,False,False,True,True
14,21,1/14,True,True,5/84,False,False,True,True
14,22,18/251,True,True,6/101,False,False,True,True
14,23,37/514,True,True,37/624,False,False,True,True
14,24,19/263,True,True,19/321,False,False,True,True
14,25,39/538,True,True,13/220,False,False,True,True
14,26,4/55,True,True,20/339,False,False,True,True
14,27,41/562,True,True,41/696,False,False,True,True
14,28,3/41,True,True,1/17,False,False,True,True
14,29,43/586,True,True,43/732,False,False,True,True
14,30,22/299,True,True,22/375,False,False,True,True
14,31,9/122,True,True,15/256,False,False,True,True
14,32,23/311,True,True,23/393,False,False,True,True
14,33,47/634,True,True,47/804,False,False,True,True
14,34,24/323,True,True,8/137,False,False,True,True
14,35,7/94,True,True,7/120,False,False,True,True
14,36,5/67,True,True,25/429,False,False,True,True
14,37,51/682,True,True,17/292,False,False,True,True
14,38,26/347,True,True,26/447,False,False,True,True
14,39,53/706,True,True,53/912,False,False,True,True
14,40,27/359,True,True,9/155,False,False,True,True
14,41,11/146,True,True,55/948,False,False,True,True
14,42,4/53,True,True,4/69,False,False,True,True
14,43,57/754,True,True,19/328,False,False,True,True
14,44,29/383,True,True,29/501,False,False,True,True
14,45,59/778,True,True,59/1020,False,False,True,True
14,46,6/79,True,True,10/173,False,False,True,True
14,47,61/802,True,True,61/1056,False,False,True,True
14,48,31/407,True,True,31/537,False,False,True,True
14,49,9/118,True,True,3/52,False,False,True,True
14,50,32/419,True,True,32/555,False,False,True,True
14,51,13/170,True,True,65/1128,False,False,True,True
14,52,33/431,True,True,11/191,False,False,True,True
14,53,67/874,True,True,67/1164,False,False,True,True
14,54,34/443,True,True,34/591,False,False,True,True
14,55,69/898,True,True,23/400,False,False,True,True
14,56,1/13,True,True,5/87,False,False,True,True
14,57,71/922,True,True,71/1236,False,False,True,True
14,58,36/467,True,True,12/209,False,False,True,True
14,59,73/946,True,True,73/1272,False,False,True,True
14,60,37/479,True,True,37/645,False,False,True,True
14,61,15/194,True,True,25/436,False,False,True,True
14,62,38/491,True,True,38/663,False,False,True,True
14,63,11/142,True,True,11/192,False,False,True,True
14,64,39/503,True,True,13/227,False,False,True,True
15,0,1/17,False,False,1/15,True,True,True,True
15,1,16/267,False,False,16/243,True,True,True,True
15,2,17/279,False,False,17/261,True,True,True,True
15,3,6/97,False,False,2/31,True,True,True,True
15,4,19/303,True,True,19/297,True,True,True,True
15,5,4/63,True,True,4/63,True,True,True,True
15,6,7/109,True,True,7/111,True,True,True,True
15,7,22/339,True,True,22/351,True,True,True,True
15,8,23/351,True,True,23/369,False,False,True,True
15,9,8/121,True,True,8/129,False,False,True,True
15,10,1/15,True,True,5/81,False,False,True,True
15,11,26/387,True,True,26/423,False,False,True,True
15,12,9/133,True,True,3/49,False,False,True,True
15,13,28/411,True,True,28/459,False,False,True,True
15,14,29/423,True,True,29/477,False,False,True,True
15,15,2/29,True,True,2/33,False,False,True,True
15,16,31/447,True,True,31/513,False,False,True,True
15,17,32/459,True,True,32/531,False,False,True,True
15,18,11/157,True,True,11/183,False,False,True,True
15,19,34/483,True,True,34/567,False,False,True,True
15,20,7/99,True,True,7/117,False,False,True,True
15,21,12/169,True,True,4/67,False,False,True,True
15,22,37/519,True,True,37/621,False,False,True,True
15,23,38/531,True,True,38/639,False,False,True,True
15,24,13/181,True,True,13/219,False,False,True,True
15,25,8/111,True,True,8/135,False,False,True,True
15,26,41/567,True,True,41/693,False,False,True,True
15,27,14/193,True,True,14/237,False,False,True,True
15,28,43/591,True,True,43/729,False,False,True,True
15,29,44/603,True,True,44/747,False,False,True,True
15,30,3/41,True,True,1/17,False,False,True,True
15,31,46/627,True,True,46/783,False,False,True,True
15,32,47/639,True,True,47/801,False,False,True,True
15,33,16/217,True,True,16/273,False,False,True,True
15,34,49/663,True,True,49/837,False,False,True,True
15,35,2/27,True,True,10/171,False,False,True,True
15,36,17/229,True,True,17/291,False,False,True,True
15,37,52/699,True,True,52/891,False,False,True,True
15,38,53/711,True,True,53/909,False,False,True,True
15,39,18/241,True,True,6/103,False,False,True,True
15,40,11/147,True,True,11/189,False,False,True,True
15,41,56/747,True,True,56/963,False,False,True,True
15,42,19/253,True,True,19/327,False,False,True,True
15,43,58/771,True,True,58/999,False,False,True,True
15,44,59/783,True,True,59/1017,False,False,True,True
15,45,4/53,True,True,4/69,False,False,True,True
15,46,61/807,True,True,61/1053,False,False,True,True
15,47,62/819,True,True,62/1071,False,False,True,True
15,48,21/277,True,True,7/121,False,False,True,True
15,49,64/843,True,True,64/1107,False,False,True,True
15,50,13/171,True,True,13/225,False,False,True,True
15,51,22/289,True,True,22/381,False,False,True,True
15,52,67/879,True,True,67/1161,False,False,True,True
15,53,68/891,True,True,68/1179,False,False,True,True
15,54,23/301,True,True,23/399,False,False,True,True
15,55,14/183,True,True,14/243,False,False,True,True
15,56,71/927,True,True,71/1233,False,False,True,True
15,57,24/313,True,True,8/139,False,False,True,True
15,58,73/951,True,True,73/1269,False,False,True,True
15,59,74/963,True,True,74/1287,False,False,True,True
15,60,1/13,True,True,5/87,False,False,True,True
15,61,76/987,True,True,76/1323,False,False,True,True
15,62,77/999,True,True,77/1341,False,False,True,True
15,63,26/337,True,True,26/453,False,False,True,True
15,64,79/1023,True,True,79/1377,False,False,True,True
16,0,1/17,False,False,1/15,True,True,True,True
16,1,17/284,False,False,17/258,True,True,True,True
16,2,9/148,False,False,3/46,True,True,True,True
16,3,19/308,False,False,19/294,True,True,True,True
16,4,1/16,True,True,5/78,True,True,True,True
16,5,21/332,True,True,7/110,True,True,True,True
16,6,11/172,True,True,11/174,True,True,True,True
16,7,23/356,True,True,23/366,True,True,True,True
16,8,3/46,True,True,1/16,True,True,True,True
16,9,5/76,True,True,25/402,False,False,True,True
16,10,13/196,True,True,13/210,False,False,True,True
16,11,27/404,True,True,9/146,False,False,True,True
16,12,7/104,True,True,7/114,False,False,True,True
16,13,29/428,True,True,29/474,False,False,True,True
16,14,3/44,True,True,5/82,False,False,True,True
16,15,31/452,True,True,31/510,False,False,True,True
16,16,2/29,True,True,2/33,False,False,True,True
16,17,33/476,True,True,11/182,False,False,True,True
16,18,17/244,True,True,17/282,False,False,True,True
16,19,7/100,True,True,35/582,False,False,True,True
16,20,9/128,True,True,3/50,False,False,True,True
16,21,37/524,True,True,37/618,False,False,True,True
16,22,19/268,True,True,19/318,False,False,True,True
16,23,39/548,True,True,13/218,False,False,True,True
16,24,1/14,True,True,5/84,False,False,True,True
16,25,41/572,True,True,41/690,False,False,True,True
16,26,21/292,True,True,7/118,False,False,True,True
16,27,43/596,True,True,43/726,False,False,True,True
16,28,11/152,True,True,11/186,False,False,True,True
16,29,9/124,True,True,15/254,False,False,True,True
16,30,23/316,True,True,23/390,False,False,True,True
16,31,47/644,True,True,47/798,False,False,True,True
16,32,3/41,True,True,1/17,False,False,True,True
16,33,49/668,True,True,49/834,False,False,True,True
16,34,5/68,True,True,25/426,False,False,True,True
16,35,51/692,True,True,17/290,False,False,True,True
16,36,13/176,True,True,13/222,False,False,True,True
16,37,53/716,True,True,53/906,False,False,True,True
16,38,27/364,True,True,9/154,False,False,True,True
16,39,11/148,True,True,55/942,False,False,True,True
16,40,7/94,True,True,7/120,False,False,True,True
16,41,57/764,True,True,19/326,False,False,True,True
16,42,29/388,True,True,29/498,False,False,True,True
16,43,59/788,True,True,59/1014,False,False,True,True
16,44,3/40,True,True,5/86,False,False,True,True
16,45,61/812,True,True,61/1050,False,False,True,True
16,46,31/412,True,True,31/534,False,False,True,True
16,47,63/836,True,True,21/362,False,False,True,True
16,48,4/53,True,True,4/69,False,False,True,True
16,49,13/172,True,True,65/1122,False,False,True,True
16,50,33/436,True,True,11/190,False,False,True,True
16,51,67/884,True,True,67/1158,False,False,True,True
16,52,17/224,True,True,17/294,False,False,True,True
16,53,69/908,True,True,23/398,False,False,True,True
16,54,7/92,True,True,35/606,False,False,True,True
16,55,71/932,True,True,71/1230,False,False,True,True
16,56,9/118,True,True,3/52,False,False,True,True
16,57,73/956,True,True,73/1266,False,False,True,True
16,58,37/484,True,True,37/642,False,False,True,True
16,59,15/196,True,True,25/434,False,False,True,True
16,60,19/248,True,True,19/330,False,False,True,True
16,61,77/1004,True,True,77/1338,False,False,True,True
16,62,39/508,True,True,13/226,False,False,True,True
16,63,79/1028,True,True,79/1374,False,False,True,True
16,64,1/13,True,True,5/87,False,False,True,True
17,0,1/17,False,False,1/15,True,True,True,True
17,1,18/301,False,False,6/91,True,True,True,True
17,2,19/313,False,False,19/291,True,True,True,True
17,3,4/65,False,False,20/309,True,True,True,True
17,4,21/337,False,False,7/109,True,True,True,True
17,5,22/349,True,True,22/345,True,True,True,True
17,6,23/361,True,True,23/363,True,True,True,True
17,7,24/373,True,True,8/127,True,True,True,True
17,8,5/77,True,True,25/399,True,True,True,True
17,9,26/397,True,True,26/417,False,False,True,True
17,10,27/409,True,True,9/145,False,False,True,True
17,11,28/421,True,True,28/453,False,False,True,True
17,12,29/433,True,True,29/471,False,False,True,True
17,13,6/89,True,True,10/163,False,False,True,True
17,14,31/457,True,True,31/507,False,False,True,True
17,15,32/469,True,True,32/525,False,False,True,True
17,16,33/481,True,True,11/181,False,False,True,True
17,17,2/29,True,True,2/33,False,False,True,True
17,18,7/101,True,True,35/579,False,False,True,True
17,19,36/517,True,True,12/199,False,False,True,True
17,20,37/529,True,True,37/615,False,False,True,True
17,21,38/541,True,True,38/633,False,False,True,True
17,22,39/553,True,True,13/217,False,False,True,True
17,23,8/113,True,True,40/669,False,False,True,True
17,24,41/577,True,True,41/687,False,False,True,True
17,25,42/589,True,True,14/235,False,False,True,True
17,26,43/601,True,True,43/723,False,False,True,True
17,27,44/613,True,True,44/741,False,False,True,True
17,28,9/125,True,True,15/253,False,False,True,True
17,29,46/637,True,True,46/777,False,False,True,True
17,30,47/649,True,True,47/795,False,False,True,True
17,31,48/661,True,True,16/271,False,False,True,True
17,32,49/673,True,True,49/831,False,False,True,True
17,33,10/137,True,True,50/849,False,False,True,True
17,34,3/41,True,True,1/17,False,False,True,True
17,35,52/709,True,True,52/885,False,False,True,True
17,36,53/721,True,True,53/903,False,False,True,True
17,37,54/733,True,True,18/307,False,False,True,True
17,38,11/149,True,True,55/939,False,False,True,True
17,39,56/757,True,True,56/957,False,False,True,True
17,40,57/769,True,True,19/325,False,False,True,True
17,41,58/781,True,True,58/993,False,False,True,True
17,42,59/793,True,True,59/1011,False,False,True,True
17,43,12/161,True,True,20/343,False,False,True,True
17,44,61/817,True,True,61/1047,False,False,True,True
17,45,62/829,True,True,62/1065,False,False,True,True
17,46,63/841,True,True,21/361,False,False,True,True
17,47,64/853,True,True,64/1101,False,False,True,True
17,48,13/173,True,True,65/1119,False,False,True,True
17,49,66/877,True,True,22/379,False,False,True,True
17,50,67/889,True,True,67/1155,False,False,True,True
17,51,4/53,True,True,4/69,False,False,True,True
17,52,69/913,True,True,23/397,False,False,True,True
17,53,14/185,True,True,70/1209,False,False,True,True
17,54,71/937,True,True,71/1227,False,False,True,True
17,55,72/949,True,True,24/415,False,False,True,True
17,56,73/961,True,True,73/1263,False,False,True,True
17,57,74/973,True,True,74/1281,False,False,True,True
17,58,15/197,True,True,25/433,False,False,True,True
17,59,76/997,True,True,76/1317,False,False,True,True
17,60,77/1009,True,True,77/1335,False,False,True,True
17,61,78/1021,True,True,26/451,False,False,True,True
17,62,79/1033,True,True,79/1371,False,False,True,True
17,63,16/209,True,True,80/1389,False,False,True,True
17,64,81/1057,True,True,27/469,False,False,True,True
18,0,1/17,False,False,1/15,True,True,True,True
18,1,19/318,False,False,19/288,True,True,True,True
18,2,2/33,False,False,10/153,True,True,True,True
18,3,7/114,False,False,7/108,True,True,True,True
18,4,11/177,False,False,11/171,True,True,True,True
18,5,23/366,True,True,23/360,True,True,True,True
18,6,4/63,True,True,4/63,True,True,True,True
18,7,5/78,True,True,25/396,True,True,True,True
18,8,13/201,True,True,13/207,True,True,True,True
18,9,3/46,True,True,1/16,True,True,True,True
18,10,14/213,True,True,14/225,False,False,True,True
18,11,29/438,True,True,29/468,False,False,True,True
18,12,1/15,True,True,5/81,False,False,True,True
18,13,31/462,True,True,31/504,False,False,True,True
18,14,16/237,True,True,16/261,False,False,True,True
18,15,11/162,True,True,11/180,False,False,True,True
18,16,17/249,True,True,17/279,False,False,True,True
18,17,7/102,True,True,35/576,False,False,True,True
18,18,2/29,True,True,2/33,False,False,True,True
18,19,37/534,True,True,37/612,False,False,True,True
18,20,19/273,True,True,19/315,False,False,True,True
18,21,13/186,True,True,13/216,False,False,True,True
18,22,4/57,True,True,20/333,False,False,True,True
18,23,41/582,True,True,41/684,False,False,True,True
18,24,7/99,True,True,7/117,False,False,True,True
18,25,43/606,True,True,43/720,False,False,True,True
18,26,22/309,True,True,22/369,False,False,True,True
18,27,1/14,True,True,5/84,False,False,True,True
18,28,23/321,True,True,23/387,False,False,True,True
18,29,47/654,True,True,47/792,False,False,True,True
18,30,8/111,True,True,8/135,False,False,True,True
18,31,49/678,True,True,49/828,False,False,True,True
18,32,5/69,True,True,25/423,False,False,True,True
18,33,17/234,True,True,17/288,False,False,True,True
18,34,26/357,True,True,26/441,False,False,True,True
18,35,53/726,True,True,53/900,False,False,True,True
18,36,3/41,True,True,1/17,False,False,True,True
18,37,11/150,True,True,55/936,False,False,True,True
18,38,28/381,True,True,28/477,False,False,True,True
18,39,19/258,True,True,19/324,False,False,True,True
18,40,29/393,True,True,29/495,False,False,True,True
18,41,59/798,True,True,59/1008,False,False,True,True
18,42,2/27,True,True,10/171,False,False,True,True
18,43,61/822,True,True,61/1044,False,False,True,True
18,44,31/417,True,True,31/531,False,False,True,True
18,45,7/94,True,True,7/120,False,False,True,True
18,46,32/429,True,True,32/549,False,False,True,True
18,47,13/174,True,True,65/1116,False,False,True,True
18,48,11/147,True,True,11/189,False,False,True,True
18,49,67/894,True,True,67/1152,False,False,True,True
18,50,34/453,True,True,34/585,False,False,True,True
18,51,23/306,True,True,23/396,False,False,True,True
18,52,7/93,True,True,35/603,False,False,True,True
18,53,71/942,True,True,71/1224,False,False,True,True
18,54,4/53,True,True,4/69,False,False,True,True
18,55,73/966,True,True,73/1260,False,False,True,True
18,56,37/489,True,True,37/639,False,False,True,True
18,57,5/66,True,True,25/432,False,False,True,True
18,58,38/501,True,True,38/657,False,False,True,True
18,59,77/1014,True,True,77/1332,False,False,True,True
18,60,13/171,True,True,13/225,False,False,True,True
18,61,79/1038,True,True,79/1368,False,False,True,True
18,62,8/105,True,True,40/693,False,False,True,True
18,63,9/118,True,True,3/52,False,False,True,True
18,64,41/537,True,True,41/711,False,False,True,True
19,0,1/17,False,False,1/15,True,True,True,True
19,1,4/67,False,False,20/303,True,True,True,True
19,2,21/347,False,False,7/107,True,True,True,True
19,3,22/359,False,False,22/339,True,True,True,True
19,4,23/371,False,False,23/357,True,True,True,True
19,5,24/383,True,True,8/125,True,True,True,True
19,6,5/79,True,True,25/393,True,True,True,True
19,7,26/407,True,True,26/411,True,True,True,True
19,8,27/419,True,True,9/143,True,True,True,True
19,9,28/431,True,True,28/447,True,True,True,True
19,10,29/443,True,True,29/465,False,False,True,True
19,11,6/91,True,True,10/161,False,False,True,True
19,12,31/467,True,True,31/501,False,False,True,True
19,13,32/479,True,True,32/519,False,False,True,True
19,14,33/491,True,True,11/179,False,False,True,True
19,15,34/503,True,True,34/555,False,False,True,True
19,16,7/103,True,True,35/573,False,False,True,True
19,17,36/527,True,True,12/197,False,False,True,True
19,18,37/539,True,True,37/609,False,False,True,True
19,19,2/29,True,True,2/33,False,False,True,True
19,20,39/563,True,True,13/215,False,False,True,True
19,21,8/115,True,True,40/663,False,False,True,True
19,22,41/587,True,True,41/681,False,False,True,True
19,23,42/599,True,True,14/233,False,False,True,True
19,24,43/611,True,True,43/717,False,False,True,True
19,25,44/623,True,True,44/735,False,False,True,True
19,26,9/127,True,True,15/251,False,False,True,True
19,27,46/647,True,True,46/771,False,False,True,True
19,28,47/659,True,True,47/789,False,False,True,True
19,29,48/671,True,True,16/269,False,False,True,True
19,30,49/683,True,True,49/825,False,False,True,True
19,31,10/139,True,True,50/843,False,False,True,True
19,32,51/707,True,True,17/287,False,False,True,True
19,33,52/719,True,True,52/879,False,False,True,True
19,34,53/731,True,True,53/897,False,False,True,True
19,35,54/743,True,True,18/305,False,False,True,True
19,36,11/151,True,True,55/933,False,False,True,True
19,37,56/767,True,True,56/951,False,False,True,True
19,38,3/41,True,True,1/17,False,False,True,True
19,39,58/791,True,True,58/987,False,False,True,True
19,40,59/803,True,True,59/1005,False,False,True,True
19,41,12/163,True,True,20/341,False,False,True,True
19,42,61/827,True,True,61/1041,False,False,True,True
19,43,62/839,True,True,62/1059,False,False,True,True
19,44,63/851,True,True,21/359,False,False,True,True
19,45,64/863,True,True,64/1095,False,False,True,True
19,46,13/175,True,True,65/1113,False,False,True,True
19,47,66/887,True,True,22/377,False,False,True,True
19,48,67/899,True,True,67/1149,False,False,True,True
19,49,68/911,True,True,68/1167,False,False,True,True
19,50,69/923,True,True,23/395,False,False,True,True
19,51,14/187,True,True,70/1203,False,False,True,True
19,52,71/947,True,True,71/1221,False,False,True,True
19,53,72/959,True,True,24/413,False,False,True,True
19,54,73/971,True,True,73/1257,False,False,True,True
19,55,74/983,True,True,74/1275,False,False,True,True
19,56,15/199,True,True,25/431,False,False,True,True
19,57,4/53,True,True,4/69,False,False,True,True
19,58,77/1019,True,True,77/1329,False,False,True,True
19,59,78/1031,True,True,26/449,False,False,True,True
19,60,79/1043,True,True,79/1365,False,False,True,True
19,61,16/211,True,True,80/1383,False,False,True,True
19,62,81/1067,True,True,27/467,False,False,True,True
19,63,82/1079,True,True,82/1419,False,False,True,True
19,64,83/1091,True,True,83/1437,False,False,True,True
20,0,1/17,False,False,1/15,True,True,True,True
20,1,21/352,False,False,7/106,True,True,True,True
20,2,11/182,False,False,11/168,True,True,True,True
20,3,23/376,False,False,23/354,True,True,True,True
20,4,6/97,False,False,2/31,True,True,True,True
20,5,1/16,True,True,5/78,True,True,True,True
20,6,13/206,True,True,13/204,True,True,True,True
20,7,27/424,True,True,9/142,True,True,True,True
20,8,7/109,True,True,7/111,True,True,True,True
20,9,29/448,True,True,29/462,True,True,True,True
20,10,3/46,True,True,1/16,True,True,True,True
20,11,31/472,True,True,31/498,False,False,True,True
20,12,8/121,True,True,8/129,False,False,True,True
20,13,33/496,True,True,11/178,False,False,True,True
20,14,17/254,True,True,17/276,False,False,True,True
20,15,7/104,True,True,7/114,False,False,True,True
20,16,9/133,True,True,3/49,False,False,True,True
20,17,37/544,True,True,37/606,False,False,True,True
20,18,19/278,True,True,19/312,False,False,True,True
20,19,39/568,True,True,13/214,False,False,True,True
20,20,2/29,True,True,2/33,False,False,True,True
20,21,41/592,True,True,41/678,False,False,True,True
20,22,21/302,True,True,7/116,False,False,True,True
20,23,43/616,True,True,43/714,False,False,True,True
20,24,11/157,True,True,11/183,False,False,True,True
20,25,9/128,True,True,3/50,False,False,True,True
20,26,23/326,True,True,23/384,False,False,True,True
20,27,47/664,True,True,47/786,False,False,True,True
20,28,12/169,True,True,4/67,False,False,True,True
20,29,49/688,True,True,49/822,False,False,True,True
20,30,1/14,True,True,5/84,False,False,True,True
20,31,51/712,True,True,17/286,False,False,True,True
20,32,13/181,True,True,13/219,False,False,True,True
20,33,53/736,True,True,53/894,False,False,True,True
20,34,27/374,True,True,9/152,False,False,True,True
20,35,11/152,True,True,11/186,False,False,True,True
20,36,14/193,True,True,14/237,False,False,True,True
20,37,57/784,True,True,19/322,False,False,True,True
20,38,29/398,True,True,29/492,False,False,True,True
20,39,59/808,True,True,59/1002,False,False,True,True
20,40,3/41,True,True,1/17,False,False,True,True
20,41,61/832,True,True,61/1038,False,False,True,True
20,42,31/422,True,True,31/528,False,False,True,True
20,43,63/856,True,True,21/358,False,False,True,True
20,44,16/217,True,True,16/273,False,False,True,True
20,45,13/176,True,True,13/222,False,False,True,True
20,46,33/446,True,True,11/188,False,False,True,True
20,47,67/904,True,True,67/1146,False,False,True,True
20,48,17/229,True,True,17/291,False,False,True,True
20,49,69/928,True,True,23/394,False,False,True,True
20,50,7/94,True,True,7/120,False,False,True,True
20,51,71/952,True,True,71/1218,False,False,True,True
20,52,18/241,True,True,6/103,False,False,True,True
20,53,73/976,True,True,73/1254,False,False,True,True
20,54,37/494,True,True,37/636,False,False,True,True
20,55,3/40,True,True,5/86,False,False,True,True
20,56,19/253,True,True,19/327,False,False,True,True
20,57,77/1024,True,True,77/1326,False,False,True,True
20,58,39/518,True,True,13/224,False,False,True,True
20,59,79/1048,True,True,79/1362,False,False,True,True
20,60,4/53,True,True,4/69,False,False,True,True
20,61,81/1072,True,True,27/466,False,False,True,True
20,62,41/542,True,True,41/708,False,False,True,True
20,63,83/1096,True,True,83/1434,False,False,True,True
20,64,21/277,True,True,7/121,False,False,True,True
21,0,1/17,False,False,1/15,True,True,True,True
21,1,22/369,False,False,22/333,True,True,True,True
21,2,23/381,False,False,23/351,True,True,True,True
21,3,8/131,False,False,8/123,True,True,True,True
21,4,5/81,False,False,25/387,True,True,True,True
21,5,26/417,False,False,26/405,True,True,True,True
21,6,9/143,True,True,3/47,True,True,True,True
21,7,4/63,True,True,4/63,True,True,True,True
21,8,29/453,True,True,29/459,True,True,True,True
21,9,2/31,True,True,10/159,True,True,True,True
21,10,31/477,True,True,31/495,True,True,True,True
21,11,32/489,True,True,32/513,False,False,True,True
21,12,11/167,True,True,11/177,False,False,True,True
21,13,34/513,True,True,34/549,False,False,True,True
21,14,1/15,True,True,5/81,False,False,True,True
21,15,12/179,True,True,4/65,False,False,True,True
21,16,37/549,True,True,37/603,False,False,True,True
21,17,38/561,True,True,38/621,False,False,True,True
21,18,13/191,True,True,13/213,False,False,True,True
21,19,8/117,True,True,40/657,False,False,True,True
21,20,41/597,True,True,41/675,False,False,True,True
21,21,2/29,True,True,2/33,False,False,True,True
21,22,43/621,True,True,43/711,False,False,True,True
21,23,44/633,True,True,44/729,False,False,True,True
21,24,3/43,True,True,5/83,False,False,True,True
21,25,46/657,True,True,46/765,False,False,True,True
21,26,47/669,True,True,47/783,False,False,True,True
21,27,16/227,True,True,16/267,False,False,True,True
21,28,7/99,True,True,7/117,False,False,True,True
21,29,10/141,True,True,50/837,False,False,True,True
21,30,17/239,True,True,17/285,False,False,True,True
21,31,52/729,True,True,52/873,False,False,True,True
21,32,53/741,True,True,53/891,False,False,True,True
21,33,18/251,True,True,6/101,False,False,True,True
21,34,11/153,True,True,55/927,False,False,True,True
21,35,8/111,True,True,8/135,False,False,True,True
21,36,19/263,True,True,19/321,False,False,True,True
21,37,58/801,True,True,58/981,False,False,True,True
21,38,59/813,True,True,59/999,False,False,True,True
21,39,4/55,True,True,20/339,False,False,True,True
21,40,61/837,True,True,61/1035,False,False,True,True
21,41,62/849,True,True,62/1053,False,False,True,True
21,42,3/41,True,True,1/17,False,False,True,True
21,43,64/873,True,True,64/1089,False,False,True,True
21,44,13/177,True,True,65/1107,False,False,True,True
21,45,22/299,True,True,22/375,False,False,True,True
21,46,67/909,True,True,67/1143,False,False,True,True
21,47,68/921,True,True,68/1161,False,False,True,True
21,48,23/311,True,True,23/393,False,False,True,True
21,49,2/27,True,True,10/171,False,False,True,True
21,50,71/957,True,True,71/1215,False,False,True,True
21,51,24/323,True,True,8/137,False,False,True,True
21,52,73/981,True,True,73/1251,False,False,True,True
21,53,74/993,True,True,74/1269,False,False,True,True
21,54,5/67,True,True,25/429,False,False,True,True
21,55,76/1017,True,True,76/1305,False,False,True,True
21,56,11/147,True,True,11/189,False,False,True,True
21,57,26/347,True,True,26/447,False,False,True,True
21,58,79/1053,True,True,79/1359,False,False,True,True
21,59,16/213,True,True,80/1377,False,False,True,True
21,60,27/359,True,True,9/155,False,False,True,True
21,61,82/1089,True,True,82/1413,False,False,True,True
21,62,83/1101,True,True,83/1431,False,False,True,True
21,63,4/53,True,True,4/69,False,False,True,True
21,64,17/225,True,True,85/1467,False,False,True,True
22,0,1/17,False,False,1/15,True,True,True,True
22,1,23/386,False,False,23/348,True,True,True,True
22,2,12/199,False,False,4/61,True,True,True,True
22,3,5/82,False,False,25/384,True,True,True,True
22,4,13/211,False,False,13/201,True,True,True,True
22,5,27/434,False,False,9/140,True,True,True,True
22,6,14/223,True,True,14/219,True,True,True,True
22,7,29/458,True,True,29/456,True,True,True,True
22,8,3/47,True,True,5/79,True,True,True,True
22,9,31/482,True,True,31/492,True,True,True,True
22,10,16/247,True,True,16/255,True,True,True,True
22,11,3/46,True,True,1/16,True,True,True,True
22,12,17/259,True,True,17/273,False,False,True,True
22,13,7/106,True,True,35/564,False,False,True,True
22,14,18/271,True,True,6/97,False,False,True,True
22,15,37/554,True,True,37/600,False,False,True,True
22,16,19/283,True,True,19/309,False,False,True,True
22,17,39/578,True,True,13/212,False,False,True,True
22,18,4/59,True,True,20/327,False,False,True,True
22,19,41/602,True,True,41/672,False,False,True,True
22,20,21/307,True,True,7/115,False,False,True,True
22,21,43/626,True,True,43/708,False,False,True,True
22,22,2/29,True,True,2/33,False,False,True,True
22,23,9/130,True,True,15/248,False,False,True,True
22,24,23/331,True,True,23/381,False,False,True,True
22,25,47/674,True,True,47/780,False,False,True,True
22,26,24/343,True,True,8/133,False,False,True,True
22,27,49/698,True,True,49/816,False,False,True,True
22,28,5/71,True,True,25/417,False,False,True,True
22,29,51/722,True,True,17/284,False,False,True,True
22,30,26/367,True,True,26/435,False,False,True,True
22,31,53/746,True,True,53/888,False,False,True,True
22,32,27/379,True,True,9/151,False,False,True,True
22,33,1/14,True,True,5/84,False,False,True,True
22,34,28/391,True,True,28/471,False,False,True,True
22,35,57/794,True,True,19/320,False,False,True,True
22,36,29/403,True,True,29/489,False,False,True,True
22,37,59/818,True,True,59/996,False,False,True,True
22,38,6/83,True,True,10/169,False,False,True,True
22,39,61/842,True,True,61/1032,False,False,True,True
22,40,31/427,True,True,31/525,False,False,True,True
22,41,63/866,True,True,21/356,False,False,True,True
22,42,32/439,True,True,32/543,False,False,True,True
22,43,13/178,True,True,65/1104,False,False,True,True
22,44,3/41,True,True,1/17,False,False,True,True
22,45,67/914,True,True,67/1140,False,False,True,True
22,46,34/463,True,True,34/579,False,False,True,True
22,47,69/938,True,True,23/392,False,False,True,True
22,48,7/95,True,True,35/597,False,False,True,True
22,49,71/962,True,True,71/1212,False,False,True,True
22,50,36/487,True,True,12/205,False,False,True,True
22,51,73/986,True,True,73/1248,False,False,True,True
22,52,37/499,True,True,37/633,False,False,True,True
22,53,15/202,True,True,25/428,False,False,True,True
22,54,38/511,True,True,38/651,False,False,True,True
22,55,7/94,True,True,7/120,False,False,True,True
22,56,39/523,True,True,13/223,False,False,True,True
22,57,79/1058,True,True,79/1356,False,False,True,True
22,58,8/107,True,True,40/687,False,False,True,True
22,59,81/1082,True,True,27/464,False,False,True,True
22,60,41/547,True,True,41/705,False,False,True,True
22,61,83/1106,True,True,83/1428,False,False,True,True
22,62,42/559,True,True,14/241,False,False,True,True
22,63,17/226,True,True,85/1464,False,False,True,True
22,64,43/571,True,True,43/741,False,False,True,True
23,0,1/17,False,False,1/15,True,True,True,True
23,1,24/403,False,False,8/121,True,True,True,True
23,2,5/83,False,False,25/381,True,True,True,True
23,3,26/427,False,False,26/399,True,True,True,True
23,4,27/439,False,False,9/139,True,True,True,True
23,5,28/451,False,False,28/435,True,True,True,True
23,6,29/463,True,True,29/453,True,True,True,True
23,7,6/95,True,True,10/157,True,True,True,True
23,8,31/487,True,True,31/489,True,True,True,True
23,9,32/499,True,True,32/507,True,True,True,True
23,10,33/511,True,True,11/175,True,True,True,True
23,11,34/523,True,True,34/543,True,True,True,True
23,12,7/107,True,True,35/561,False,False,True,True
23,13,36/547,True,True,12/193,False,False,True,True
23,14,37/559,True,True,37/597,False,False,True,True
23,15,38/571,True,True,38/615,False,False,True,True
23,16,39/583,True,True,13/211,False,False,True,True
23,17,8/119,True,True,40/651,False,False,True,True
23,18,41/607,True,True,41/669,False,False,True,True
23,19,42/619,True,True,14/229,False,False,True,True
23,20,43/631,True,True,43/705,False,False,True,True
23,21,44/643,True,True,44/723,False,False,True,True
23,22,9/131,True,True,15/247,False,False,True,True
23,23,2/29,True,True,2/33,False,False,True,True
23,24,47/679,True,True,47/777,False,False,True,True
23,25,48/691,True,True,16/265,False,False,True,True
23,26,49/703,True,True,49/813,False,False,True,True
23,27,10/143,True,True,50/831,False,False,True,True
23,28,51/727,True,True,17/283,False,False,True,True
23,29,52/739,True,True,52/867,False,False,True,True
23,30,53/751,True,True,53/885,False,False,True,True
23,31,54/763,True,True,18/301,False,False,True,True
23,32,11/155,True,True,55/921,False,False,True,True
23,33,56/787,True,True,56/939,False,False,True,True
23,34,57/799,True,True,19/319,False,False,True,True
23,35,58/811,True,True,58/975,False,False,True,True
23,36,59/823,True,True,59/993,False,False,True,True
23,37,12/167,True,True,20/337,False,False,True,True
23,38,61/847,True,True,61/1029,False,False,True,True
23,39,62/859,True,True,62/1047,False,False,True,True
23,40,63/871,True,True,21/355,False,False,True,True
23,41,64/883,True,True,64/1083,False,False,True,True
23,42,13/179,True,True,65/1101,False,False,True,True
23,43,66/907,True,True,22/373,False,False,True,True
23,44,67/919,True,True,67/1137,False,False,True,True
23,45,68/931,True,True,68/1155,False,False,True,True
23,46,3/41,True,True,1/17,False,False,True,True
23,47,14/191,True,True,70/1191,False,False,True,True
23,48,71/967,True,True,71/1209,False,False,True,True
23,49,72/979,True,True,24/409,False,False,True,True
23,50,73/991,True,True,73/1245,False,False,True,True
23,51,74/1003,True,True,74/1263,False,False,True,True
23,52,15/203,True,True,25/427,False,False,True,True
23,53,76/1027,True,True,76/1299,False,False,True,True
23,54,77/1039,True,True,77/1317,False,False,True,True
23,55,78/1051,True,True,26/445,False,False,True,True
23,56,79/1063,True,True,79/1353,False,False,True,True
23,57,16/215,True,True,80/1371,False,False,True,True
23,58,81/1087,True,True,27/463,False,False,True,True
23,59,82/1099,True,True,82/1407,False,False,True,True
23,60,83/1111,True,True,83/1425,False,False,True,True
23,61,84/1123,True,True,28/481,False,False,True,True
23,62,17/227,True,True,85/1461,False,False,True,True
23,63,86/1147,True,True,86/1479,False,False,True,True
23,64,87/1159,True,True,29/499,False,False,True,True
24,0,1/17,False,False,1/15,True,True,True,True
24,1,5/84,False,False,25/378,True,True,True,True
24,2,13/216,False,False,13/198,True,True,True,True
24,3,9/148,False,False,3/46,True,True,True,True
24,4,7/114,False,False,7/108,True,True,True,True
24,5,29/468,False,False,29/450,True,True,True,True
24,6,1/16,True,True,5/78,True,True,True,True
24,7,31/492,True,True,31/486,True,True,True,True
24,8,4/63,True,True,4/63,True,True,True,True
24,9,11/172,True,True,11/174,True,True,True,True
24,10,17/264,True,True,17/270,True,True,True,True
24,11,7/108,True,True,35/558,True,True,True,True
24,12,3/46,True,True,1/16,True,True,True,True
24,13,37/564,True,True,37/594,False,False,True,True
24,14,19/288,True,True,19/306,False,False,True,True
24,15,13/196,True,True,13/210,False,False,True,True
24,16,1/15,True,True,5/81,False,False,True,True
24,17,41/612,True,True,41/666,False,False,True,True
24,18,7/104,True,True,7/114,False,False,True,True
24,19,43/636,True,True,43/702,False,False,True,True
24,20,11/162,True,True,11/180,False,False,True,True
24,21,3/44,True,True,5/82,False,False,True,True
24,22,23/336,True,True,23/378,False,False,True,True
24,23,47/684,True,True,47/774,False,False,True,True
24,24,2/29,True,True,2/33,False,False,True,True
24,25,49/708,True,True,49/810,False,False,True,True
24,26,5/72,True,True,25/414,False,False,True,True
24,27,17/244,True,True,17/282,False,False,True,True
24,28,13/186,True,True,13/216,False,False,True,True
24,29,53/756,True,True,53/882,False,False,True,True
24,30,9/128,True,True,3/50,False,False,True,True
24,31,11/156,True,True,55/918,False,False,True,True
24,32,7/99,True,True,7/117,False,False,True,True
24,33,19/268,True,True,19/318,False,False,True,True
24,34,29/408,True,True,29/486,False,False,True,True
24,35,59/828,True,True,59/990,False,False,True,True
24,36,1/14,True,True,5/84,False,False,True,True
24,37,61/852,True,True,61/1026,False,False,True,True
24,38,31/432,True,True,31/522,False,False,True,True
24,39,21/292,True,True,7/118,False,False,True,True
24,40,8/111,True,True,8/135,False,False,True,True
24,41,13/180,True,True,65/1098,False,False,True,True
24,42,11/152,True,True,11/186,False,False,True,True
24,43,67/924,True,True,67/1134,False,False,True,True
24,44,17/234,True,True,17/288,False,False,True,True
24,45,23/316,True,True,23/390,False,False,True,True
24,46,7/96,True,True,35/594,False,False,True,True
24,47,71/972,True,True,71/1206,False,False,True,True
24,48,3/41,True,True,1/17,False,False,True,True
24,49,73/996,True,True,73/1242,False,False,True,True
24,50,37/504,True,True,37/630,False,False,True,True
24,51,5/68,True,True,25/426,False,False,True,True
24,52,19/258,True,True,19/324,False,False,True,True
24,53,77/1044,True,True,77/1314,False,False,True,True
24,54,13/176,True,True,13/222,False,False,True,True
24,55,79/1068,True,True,79/1350,False,False,True,True
24,56,2/27,True,True,10/171,False,False,True,True
24,57,27/364,True,True,9/154,False,False,True,True
24,58,41/552,True,True,41/702,False,False,True,True
24,59,83/1116,True,True,83/1422,False,False,True,True
24,60,7/94,True,True,7/120,False,False,True,True
24,61,17/228,True,True,85/1458,False,False,True,True
24,62,43/576,True,True,43/738,False,False,True,True
24,63,29/388,True,True,29/498,False,False,True,True
24,64,11/147,True,True,11/189,False,False,True,True
25,0,1/17,False,False,1/15,True,True,True,True
25,1,26/437,False,False,26/393,True,True,True,True
25,2,27/449,False,False,9/137,True,True,True,True
25,3,28/461,False,False,28/429,True,True,True,True
25,4,29/473,False,False,29/447,True,True,True,True
25,5,6/97,False,False,2/31,True,True,True,True
25,6,31/497,False,False,31/483,True,True,True,True
25,7,32/509,True,True,32/501,True,True,True,True
25,8,33/521,True,True,11/173,True,True,True,True
25,9,34/533,True,True,34/537,True,True,True,True
25,10,7/109,True,True,7/111,True,True,True,True
25,11,36/557,True,True,12/191,True,True,True,True
25,12,37/569,True,True,37/591,True,True,True,True
25,13,38/581,True,True,38/609,False,False,True,True
25,14,39/593,True,True,13/209,False,False,True,True
25,15,8/121,True,True,8/129,False,False,True,True
25,16,41/617,True,True,41/663,False,False,True,True
25,17,42/629,True,True,14/227,False,False,True,True
25,18,43/641,True,True,43/699,False,False,True,True
25,19,44/653,True,True,44/717,False,False,True,True
25,20,9/133,True,True,3/49,False,False,True,True
25,21,46/677,True,True,46/753,False,False,True,True
25,22,47/689,True,True,47/771,False,False,True,True
25,23,48/701,True,True,16/263,False,False,True,True
25,24,49/713,True,True,49/807,False,False,True,True
25,25,2/29,True,True,2/33,False,False,True,True
25,26,51/737,True,True,17/281,False,False,True,True
25,27,52/749,True,True,52/861,False,False,True,True
25,28,53/761,True,True,53/879,False,False,True,True
25,29,54/773,True,True,18/299,False,False,True,True
25,30,11/157,True,True,11/183,False,False,True,True
25,31,56/797,True,True,56/933,False,False,True,True
25,32,57/809,True,True,19/317,False,False,True,True
25,33,58/821,True,True,58/969,False,False,True,True
25,34,59/833,True,True,59/987,False,False,True,True
25,35,12/169,True,True,4/67,False,False,True,True
25,36,61/857,True,True,61/1023,False,False,True,True
25,37,62/869,True,True,62/1041,False,False,True,True
25,38,63/881,True,True,21/353,False,False,True,True
25,39,64/893,True,True,64/1077,False,False,True,True
25,40,13/181,True,True,13/219,False,False,True,True
25,41,66/917,True,True,22/371,False,False,True,True
25,42,67/929,True,True,67/1131,False,False,True,True
25,43,68/941,True,True,68/1149,False,False,True,True
25,44,69/953,True,True,23/389,False,False,True,True
25,45,14/193,True,True,14/237,False,False,True,True
25,46,71/977,True,True,71/1203,False,False,True,True
25,47,72/989,True,True,24/407,False,False,True,True
25,48,73/1001,True,True,73/1239,False,False,True,True
25,49,74/1013,True,True,74/1257,False,False,True,True
25,50,3/41,True,True,1/17,False,False,True,True
25,51,76/1037,True,True,76/1293,False,False,True,True
25,52,77/1049,True,True,77/1311,False,False,True,True
25,53,78/1061,True,True,26/443,False,False,True,True
25,54,79/1073,True,True,79/1347,False,False,True,True
25,55,16/217,True,True,16/273,False,False,True,True
25,56,81/1097,True,True,27/461,False,False,True,True
25,57,82/1109,True,True,82/1401,False,False,True,True
25,58,83/1121,True,True,83/1419,False,False,True,True
25,59,84/1133,True,True,28/479,False,False,True,True
25,60,17/229,True,True,17/291,False,False,True,True
25,61,86/1157,True,True,86/1473,False,False,True,True
25,62,87/1169,True,True,29/497,False,False,True,True
25,63,88/1181,True,True,88/1509,False,False,True,True
25,64,89/1193,True,True,89/1527,False,False,True,True
26,0,1/17,False,False,1/15,True,True,True,True
26,1,27/454,False,False,9/136,True,True,True,True
26,2,14/233,False,False,14/213,True,True,True,True
26,3,29/478,False,False,29/444,True,True,True,True
26,4,3/49,False,False,5/77,True,True,True,True
26,5,31/502,False,False,31/480,True,True,True,True
26,6,16/257,False,False,16/249,True,True,True,True
26,7,33/526,True,True,11/172,True,True,True,True
26,8,17/269,True,True,17/267,True,True,True,True
26,9,7/110,True,True,35/552,True,True,True,True
26,10,18/281,True,True,6/95,True,True,True,True
26,11,37/574,True,True,37/588,True,True,True,True
26,12,19/293,True,True,19/303,True,True,True,True
26,13,3/46,True,True,1/16,True,True,True,True
26,14,4/61,True,True,20/321,False,False,True,True
26,15,41/622,True,True,41/660,False,False,True,True
26,16,21/317,True,True,7/113,False,False,True,True
26,17,43/646,True,True,43/696,False,False,True,True
26,18,22/329,True,True,22/357,False,False,True,True
26,19,9/134,True,True,15/244,False,False,True,True
26,20,23/341,True,True,23/375,False,False,True,True
26,21,47/694,True,True,47/768,False,False,True,True
26,22,24/353,True,True,8/131,False,False,True,True
26,23,49/718,True,True,49/804,False,False,True,True
26,24,5/73,True,True,25/411,False,False,True,True
26,25,51/742,True,True,17/280,False,False,True,True
26,26,2/29,True,True,2/33,False,False,True,True
26,27,53/766,True,True,53/876,False,False,True,True
26,28,27/389,True,True,9/149,False,False,True,True
26,29,11/158,True,True,55/912,False,False,True,True
26,30,28/401,True,True,28/465,False,False,True,True
26,31,57/814,True,True,19/316,False,False,True,True
26,32,29/413,True,True,29/483,False,False,True,True
26,33,59/838,True,True,59/984,False,False,True,True
26,34,6/85,True,True,10/167,False,False,True,True
26,35,61/862,True,True,61/1020,False,False,True,True
26,36,31/437,True,True,31/519,False,False,True,True
26,37,63/886,True,True,21/352,False,False,True,True
26,38,32/449,True,True,32/537,False,False,True,True
26,39,1/14,True,True,5/84,False,False,True,True
26,40,33/461,True,True,11/185,False,False,True,True
26,41,67/934,True,True,67/1128,False,False,True,True
26,42,34/473,True,True,34/573,False,False,True,True
26,43,69/958,True,True,23/388,False,False,True,True
26,44,7/97,True,True,35/591,False,False,True,True
26,45,71/982,True,True,71/1200,False,False,True,True
26,46,36/497,True,True,12/203,False,False,True,True
26,47,73/1006,True,True,73/1236,False,False,True,True
26,48,37/509,True,True,37/627,False,False,True,True
26,49,15/206,True,True,25/424,False,False,True,True
26,50,38/521,True,True,38/645,False,False,True,True
26,51,77/1054,True,True,77/1308,False,False,True,True
26,52,3/41,True,True,1/17,False,False,True,True
26,53,79/1078,True,True,79/1344,False,False,True,True
26,54,8/109,True,True,40/681,False,False,True,True
26,55,81/1102,True,True,27/460,False,False,True,True
26,56,41/557,True,True,41/699,False,False,True,True
26,57,83/1126,True,True,83/1416,False,False,True,True
26,58,42/569,True,True,14/239,False,False,True,True
26,59,17/230,True,True,85/1452,False,False,True,True
26,60,43/581,True,True,43/735,False,False,True,True
26,61,87/1174,True,True,29/496,False,False,True,True
26,62,44/593,True,True,44/753,False,False,True,True
26,63,89/1198,True,True,89/1524,False,False,True,True
26,64,9/121,True,True,15/257,False,False,True,True
27,0,1/17,False,False,1/15,True,True,True,True
27,1,28/471,False,False,28/423,True,True,True,True
27,2,29/483,False,False,29/441,True,True,True,True
27,3,2/33,False,False,10/153,True,True,True,True
27,4,31/507,False,False,31/477,True,True,True,True
27,5,32/519,False,False,32/495,True,True,True,True
27,6,11/177,False,False,11/171,True,True,True,True
27,7,34/543,True,True,34/531,True,True,True,True
27,8,7/111,True,True,35/549,True,True,True,True
27,9,4/63,True,True,4/63,True,True,True,True
27,10,37/579,True,True,37/585,True,True,True,True
27,11,38/591,True,True,38/603,True,True,True,True
27,12,13/201,True,True,13/207,True,True,True,True
27,13,8/123,True,True,40/639,True,True,True,True
27,14,41/627,True,True,41/657,False,False,True,True
27,15,14/213,True,True,14/225,False,False,True,True
27,16,43/651,True,True,43/693,False,False,True,True
27,17,44/663,True,True,44/711,False,False,True,True
27,18,1/15,True,True,5/81,False,False,True,True
27,19,46/687,True,True,46/747,False,False,True,True
27,20,47/699,True,True,47/765,False,False,True,True
27,21,16/237,True,True,16/261,False,False,True,True
27,22,49/723,True,True,49/801,False,False,True,True
27,23,10/147,True,True,50/819,False,False,True,True
27,24,17/249,True,True,17/279,False,False,True,True
27,25,52/759,True,True,52/855,False,False,True,True
27,26,53/771,True,True,53/873,False,False,True,True
27,27,2/29,True,True,2/33,False,False,True,True
27,28,11/159,True,True,55/909,False,False,True,True
27,29,56/807,True,True,56/927,False,False,True,True
27,30,19/273,True,True,19/315,False,False,True,True
27,31,58/831,True,True,58/963,False,False,True,True
27,32,59/843,True,True,59/981,False,False,True,True
27,33,4/57,True,True,20/333,False,False,True,True
27,34,61/867,True,True,61/1017,False,False,True,True
27,35,62/879,True,True,62/1035,False,False,True,True
27,36,7/99,True,True,7/117,False,False,True,True
27,37,64/903,True,True,64/1071,False,False,True,True
27,38,13/183,True,True,65/1089,False,False,True,True
27,39,22/309,True,True,22/369,False,False,True,True
27,40,67/939,True,True,67/1125,False,False,True,True
27,41,68/951,True,True,68/1143,False,False,True,True
27,42,23/321,True,True,23/387,False,False,True,True
27,43,14/195,True,True,70/1179,False,False,True,True
27,44,71/987,True,True,71/1197,False,False,True,True
27,45,8/111,True,True,8/135,False,False,True,True
27,46,73/1011,True,True,73/1233,False,False,True,True
27,47,74/1023,True,True,74/1251,False,False,True,True
27,48,5/69,True,True,25/423,False,False,True,True
27,49,76/1047,True,True,76/1287,False,False,True,True
27,50,77/1059,True,True,77/1305,False,False,True,True
27,51,26/357,True,True,26/441,False,False,True,True
27,52,79/1083,True,True,79/1341,False,False,True,True
27,53,16/219,True,True,80/1359,False,False,True,True
27,54,3/41,True,True,1/17,False,False,True,True
27,55,82/1119,True,True,82/1395,False,False,True,True
27,56,83/1131,True,True,83/1413,False,False,True,True
27,57,28/381,True,True,28/477,False,False,True,True
27,58,17/231,True,True,85/1449,False,False,True,True
27,59,86/1167,True,True,86/1467,False,False,True,True
27,60,29/393,True,True,29/495,False,False,True,True
27,61,88/1191,True,True,88/1503,False,False,True,True
27,62,89/1203,True,True,89/1521,False,False,True,True
27,63,2/27,True,True,10/171,False,False,True,True
27,64,91/1227,True,True,91/1557,False,False,True,True
28,0,1/17,False,False,1/15,True,True,True,True
28,1,29/488,False,False,29/438,True,True,True,True
28,2,3/50,False,False,5/76,True,True,True,True
28,3,31/512,False,False,31/474,True,True,True,True
28,4,8/131,False,False,8/123,True,True,True,True
28,5,33/536,False,False,11/170,True,True,True,True
28,6,17/274,False,False,17/264,True,True,True,True
28,7,1/16,True,True,5/78,True,True,True,True
28,8,9/143,True,True,3/47,True,True,True,True
28,9,37/584,True,True,37/582,True,True,True,True
28,10,19/298,True,True,19/300,True,True,True,True
28,11,39/608,True,True,13/206,True,True,True,True
28,12,2/31,True,True,10/159,True,True,True,True
28,13,41/632,True,True,41/654,True,True,True,True
28,14,3/46,True,True,1/16,True,True,True,True
28,15,43/656,True,True,43/690,False,False,True,True
28,16,11/167,True,True,11/177,False,False,True,True
28,17,9/136,True,True,15/242,False,False,True,True
28,18,23/346,True,True,23/372,False,False,True,True
28,19,47/704,True,True,47/762,False,False,True,True
28,20,12/179,True,True,4/65,False,False,True,True
28,21,7/104,True,True,7/114,False,False,True,True
28,22,5/74,True,True,25/408,False,False,True,True
28,23,51/752,True,True,17/278,False,False,True,True
28,24,13/191,True,True,13/213,False,False,True,True
28,25,53/776,True,True,53/870,False,False,True,True
28,26,27/394,True,True,9/148,False,False,True,True
28,27,11/160,True,True,55/906,False,False,True,True
28,28,2/29,True,True,2/33,False,False,True,True
28,29,57/824,True,True,19/314,False,False,True,True
28,30,29/418,True,True,29/480,False,False,True,True
28,31,59/848,True,True,59/978,False,False,True,True
28,32,3/43,True,True,5/83,False,False,True,True
28,33,61/872,True,True,61/1014,False,False,True,True
28,34,31/442,True,True,31/516,False,False,True,True
28,35,9/128,True,True,3/50,False,False,True,True
28,36,16/227,True,True,16/267,False,False,True,True
28,37,13/184,True,True,65/1086,False,False,True,True
28,38,33/466,True,True,11/184,False,False,True,True
28,39,67/944,True,True,67/1122,False,False,True,True
28,40,17/239,True,True,17/285,False,False,True,True
28,41,69/968,True,True,23/386,False,False,True,True
28,42,1/14,True,True,5/84,False,False,True,True
28,43,71/992,True,True,71/1194,False,False,True,True
28,44,18/251,True,True,6/101,False,False,True,True
28,45,73/1016,True,True,73/1230,False,False,True,True
28,46,37/514,True,True,37/624,False,False,True,True
28,47,15/208,True,True,25/422,False,False,True,True
28,48,19/263,True,True,19/321,False,False,True,True
28,49,11/152,True,True,11/186,False,False,True,True
28,50,39/538,True,True,13/220,False,False,True,True
28,51,79/1088,True,True,79/1338,False,False,True,True
28,52,4/55,True,True,20/339,False,False,True,True
28,53,81/1112,True,True,27/458,False,False,True,True
28,54,41/562,True,True,41/696,False,False,True,True
28,55,83/1136,True,True,83/1410,False,False,True,True
28,56,3/41,True,True,1/17,False,False,True,True
28,57,17/232,True,True,85/1446,False,False,True,True
28,58,43/586,True,True,43/732,False,False,True,True
28,59,87/1184,True,True,29/494,False,False,True,True
28,60,22/299,True,True,22/375,False,False,True,True
28,61,89/1208,True,True,89/1518,False,False,True,True
28,62,9/122,True,True,15/256,False,False,True,True
28,63,13/176,True,True,13/222,False,False,True,True
28,64,23/311,True,True,23/393,False,False,True,True
29,0,1/17,False,False,1/15,True,True,True,True
29,1,6/101,False,False,10/151,True,True,True,True
29,2,31/517,False,False,31/471,True,True,True,True
29,3,32/529,False,False,32/489,True,True,True,True
29,4,33/541,False,False,11/169,True,True,True,True
29,5,34/553,False,False,34/525,True,True,True,True
29,6,7/113,False,False,35/543,True,True,True,True
29,7,36/577,False,False,12/187,True,True,True,True
29,8,37/589,True,True,37/579,True,True,True,True
29,9,38/601,True,True,38/597,True,True,True,True
29,10,39/613,True,True,13/205,True,True,True,True
29,11,8/125,True,True,40/633,True,True,True,True
29,12,41/637,True,True,41/651,True,True,True,True
29,13,42/649,True,True,14/223,True,True,True,True
29,14,43/661,True,True,43/687,True,True,True,True
29,15,44/673,True,True,44/705,False,False,True,True
29,16,9/137,True,True,15/241,False,False,True,True
29,17,46/697,True,True,46/741,False,False,True,True
29,18,47/709,True,True,47/759,False,False,True,True
29,19,48/721,True,True,16/259,False,False,True,True
29,20,49/733,True,True,49/795,False,False,True,True
29,21,10/149,True,True,50/813,False,False,True,True
29,22,51/757,True,True,17/277,False,False,True,True
29,23,52/769,True,True,52/849,False,False,True,True
29,24,53/781,True,True,53/867,False,False,True,True
29,25,54/793,True,True,18/295,False,False,True,True
29,26,11/161,True,True,55/903,False,False,True,True
29,27,56/817,True,True,56/921,False,False,True,True
29,28,57/829,True,True,19/313,False,False,True,True
29,29,2/29,True,True,2/33,False,False,True,True
29,30,59/853,True,True,59/975,False,False,True,True
29,31,12/173,True,True,20/331,False,False,True,True
29,32,61/877,True,True,61/1011,False,False,True,True
29,33,62/889,True,True,62/1029,False,False,True,True
29,34,63/901,True,True,21/349,False,False,True,True
29,35,64/913,True,True,64/1065,False,False,True,True
29,36,13/185,True,True,65/1083,False,False,True,True
29,37,66/937,True,True,22/367,False,False,True,True
29,38,67/949,True,True,67/1119,False,False,True,True
29,39,68/961,True,True,68/1137,False,False,True,True
29,40,69/973,True,True,23/385,False,False,True,True
29,41,14/197,True,True,70/1173,False,False,True,True
29,42,71/997,True,True,71/1191,False,False,True,True
29,43,72/1009,True,True,24/403,False,False,True,True
29,44,73/1021,True,True,73/1227,False,False,True,True
29,45,74/1033,True,True,74/1245,False,False,True,True
29,46,15/209,True,True,25/421,False,False,True,True
29,47,76/1057,True,True,76/1281,False,False,True,True
29,48,77/1069,True,True,77/1299,False,False,True,True
29,49,78/1081,True,True,26/439,False,False,True,True
29,50,79/1093,True,True,79/1335,False,False,True,True
29,51,16/221,True,True,80/1353,False,False,True,True
29,52,81/1117,True,True,27/457,False,False,True,True
29,53,82/1129,True,True,82/1389,False,False,True,True
29,54,83/1141,True,True,83/1407,False,False,True,True
29,55,84/1153,True,True,28/475,False,False,True,True
29,56,17/233,True,True,85/1443,False,False,True,True
29,57,86/1177,True,True,86/1461,False,False,True,True
29,58,3/41,True,True,1/17,False,False,True,True
29,59,88/1201,True,True,88/1497,False,False,True,True
29,60,89/1213,True,True,89/1515,False,False,True,True
29,61,18/245,True,True,30/511,False,False,True,True
29,62,91/1237,True,True,91/1551,False,False,True,True
29,63,92/1249,True,True,92/1569,False,False,True,True
29,64,93/1261,True,True,31/529,False,False,True,True
30,0,1/17,False,False,1/15,True,True,True,True
30,1,31/522,False,False,31/468,True,True,True,True
30,2,16/267,False,False,16/243,True,True,True,True
30,3,11/182,False,False,11/168,True,True,True,True
30,4,17/279,False,False,17/261,True,True,True,True
30,5,7/114,False,False,7/108,True,True,True,True
30,6,6/97,False,False,2/31,True,True,True,True
30,7,37/594,False,False,37/576,True,True,True,True
30,8,19/303,True,True,19/297,True,True,True,True
30,9,13/206,True,True,13/204,True,True,True,True
30,10,4/63,True,True,4/63,True,True,True,True
30,11,41/642,True,True,41/648,True,True,True,True
30,12,7/109,True,True,7/111,True,True,True,True
30,13,43/666,True,True,43/684,True,True,True,True
30,14,22/339,True,True,22/351,True,True,True,True
30,15,3/46,True,True,1/16,True,True,True,True
30,16,23/351,True,True,23/369,False,False,True,True
30,17,47/714,True,True,47/756,False,False,True,True
30,18,8/121,True,True,8/129,False,False,True,True
30,19,49/738,True,True,49/792,False,False,True,True
30,20,1/15,True,True,5/81,False,False,True,True
30,21,17/254,True,True,17/276,False,False,True,True
30,22,26/387,True,True,26/423,False,False,True,True
30,23,53/786,True,True,53/864,False,False,True,True
30,24,9/133,True,True,3/49,False,False,True,True
30,25,11/162,True,True,11/180,False,False,True,True
30,26,28/411,True,True,28/459,False,False,True,True
30,27,19/278,True,True,19/312,False,False,True,True
30,28,29/423,True,True,29/477,False,False,True,True
30,29,59/858,True,True,59/972,False,False,True,True
30,30,2/29,True,True,2/33,False,False,True,True
30,31,61/882,True,True,61/1008,False,False,True,True
30,32,31/447,True,True,31/513,False,False,True,True
30,33,21/302,True,True,7/116,False,False,True,True
30,34,32/459,True,True,32/531,False,False,True,True
30,35,13/186,True,True,13/216,False,False,True,True
30,36,11/157,True,True,11/183,False,False,True,True
30,37,67/954,True,True,67/1116,False,False,True,True
30,38,34/483,True,True,34/567,False,False,True,True
30,39,23/326,True,True,23/384,False,False,True,True
30,40,7/99,True,True,7/117,False,False,True,True
30,41,71/1002,True,True,71/1188,False,False,True,True
30,42,12/169,True,True,4/67,False,False,True,True
30,43,73/1026,True,True,73/1224,False,False,True,True
30,44,37/519,True,True,37/621,False,False,True,True
30,45,1/14,True,True,5/84,False,False,True,True
30,46,38/531,True,True,38/639,False,False,True,True
30,47,77/1074,True,True,77/1296,False,False,True,True
30,48,13/181,True,True,13/219,False,False,True,True
30,49,79/1098,True,True,79/1332,False,False,True,True
30,50,8/111,True,True,8/135,False,False,True,True
30,51,27/374,True,True,9/152,False,False,True,True
30,52,41/567,True,True,41/693,False,False,True,True
30,53,83/1146,True,True,83/1404,False,False,True,True
30,54,14/193,True,True,14/237,False,False,True,True
30,55,17/234,True,True,17/288,False,False,True,True
30,56,43/591,True,True,43/729,False,False,True,True
30,57,29/398,True,True,29/492,False,False,True,True
30,58,44/603,True,True,44/747,False,False,True,True
30,59,89/1218,True,True,89/1512,False,False,True,True
30,60,3/41,True,True,1/17,False,False,True,True
30,61,91/1242,True,True,91/1548,False,False,True,True
30,62,46/627,True,True,46/783,False,False,True,True
30,63,31/422,True,True,31/528,False,False,True,True
30,64,47/639,True,True,47/801,False,False,True,True
31,0,1/17,False,False,1/15,True,True,True,True
31,1,32/539,False,False,32/483,True,True,True,True
31,2,33/551,False,False,11/167,True,True,True,True
31,3,34/563,False,False,34/519,True,True,True,True
31,4,7/115,False,False,35/537,True,True,True,True
31,5,36/587,False,False,12/185,True,True,True,True
31,6,37/599,False,False,37/573,True,True,True,True
31,7,38/611,False,False,38/591,True,True,True,True
31,8,39/623,True,True,13/203,True,True,True,True
31,9,8/127,True,True,40/627,True,True,True,True
31,10,41/647,True,True,41/645,True,True,True,True
31,11,42/659,True,True,14/221,True,True,True,True
31,12,43/671,True,True,43/681,True,True,True,True
31,13,44/683,True,True,44/699,True,True,True,True
31,14,9/139,True,True,15/239,True,True,True,True
31,15,46/707,True,True,46/735,True,True,True,True
31,16,47/719,True,True,47/753,False,False,True,True
31,17,48/731,True,True,16/257,False,False,True,True
31,18,49/743,True,True,49/789,False,False,True,True
31,19,10/151,True,True,50/807,False,False,True,True
31,20,51/767,True,True,17/275,False,False,True,True
31,21,52/779,True,True,52/843,False,False,True,True
31,22,53/791,True,True,53/861,False,False,True,True
31,23,54/803,True,True,18/293,False,False,True,True
31,24,11/163,True,True,55/897,False,False,True,True
31,25,56/827,True,True,56/915,False,False,True,True
31,26,57/839,True,True,19/311,False,False,True,True
31,27,58/851,True,True,58/951,False,False,True,True
31,28,59/863,True,True,59/969,False,False,True,True
31,29,12/175,True,True,20/329,False,False,True,True
31,30,61/887,True,True,61/1005,False,False,True,True
31,31,2/29,True,True,2/33,False,False,True,True
31,32,63/911,True,True,21/347,False,False,True,True
31,33,64/923,True,True,64/1059,False,False,True,True
31,34,13/187,True,True,65/1077,False,False,True,True
31,35,66/947,True,True,22/365,False,False,True,True
31,36,67/959,True,True,67/1113,False,False,True,True
31,37,68/971,True,True,68/1131,False,False,True,True
31,38,69/983,True,True,23/383,False,False,True,True
31,39,14/199,True,True,70/1167,False,False,True,True
31,40,71/1007,True,True,71/1185,False,False,True,True
31,41,72/1019,True,True,24/401,False,False,True,True
31,42,73/1031,True,True,73/1221,False,False,True,True
31,43,74/1043,True,True,74/1239,False,False,True,True
31,44,15/211,True,True,25/419,False,False,True,True
31,45,76/1067,True,True,76/1275,False,False,True,True
31,46,77/1079,True,True,77/1293,False,False,True,True
31,47,78/1091,True,True,26/437,False,False,True,True
31,48,79/1103,True,True,79/1329,False,False,True,True
31,49,16/223,True,True,80/1347,False,False,True,True
31,50,81/1127,True,True,27/455,False,False,True,True
31,51,82/1139,True,True,82/1383,False,False,True,True
31,52,83/1151,True,True,83/1401,False,False,True,True
31,53,84/1163,True,True,28/473,False,False,True,True
31,54,17/235,True,True,85/1437,False,False,True,True
31,55,86/1187,True,True,86/1455,False,False,True,True
31,56,87/1199,True,True,29/491,False,False,True,True
31,57,88/1211,True,True,88/1491,False,False,True,True
31,58,89/1223,True,True,89/1509,False,False,True,True
31,59,18/247,True,True,30/509,False,False,True,True
31,60,91/1247,True,True,91/1545,False,False,True,True
31,61,92/1259,True,True,92/1563,False,False,True,True
31,62,3/41,True,True,1/17,False,False,True,True
31,63,94/1283,True,True,94/1599,False,False,True,True
31,64,19/259,True,True,95/1617,False,False,True,True
32,0,1/17,False,False,1/15,True,True,True,True
32,1,33/556,False,False,11/166,True,True,True,True
32,2,17/284,False,False,17/258,True,True,True,True
32,3,7/116,False,False,35/534,True,True,True,True
32,4,9/148,False,False,3/46,True,True,True,True
32,5,37/604,False,False,37/570,True,True,True,True
32,6,19/308,False,False,19/294,True,True,True,True
32,7,39/628,False,False,13/202,True,True,True,True
32,8,1/16,True,True,5/78,True,True,True,True
32,9,41/652,True,True,41/642,True,True,True,True
32,10,21/332,True,True,7/110,True,True,True,True
32,11,43/676,True,True,43/678,True,True,True,True
32,12,11/172,True,True,11/174,True,True,True,True
32,13,9/140,True,True,15/238,True,True,True,True
32,14,23/356,True,True,23/366,True,True,True,True
32,15,47/724,True,True,47/750,True,True,True,True
32,16,3/46,True,True,1/16,True,True,True,True
32,17,49/748,True,True,49/786,False,False,True,True
32,18,5/76,True,True,25/402,False,False,True,True
32,19,51/772,True,True,17/274,False,False,True,True
32,20,13/196,True,True,13/210,False,False,True,True
32,21,53/796,True,True,53/858,False,False,True,True
32,22,27/404,True,True,9/146,False,False,True,True
32,23,11/164,True,True,55/894,False,False,True,True
32,24,7/104,True,True,7/114,False,False,True,True
32,25,57/844,True,True,19/310,False,False,True,True
32,26,29/428,True,True,29/474,False,False,True,True
32,27,59/868,True,True,59/966,False,False,True,True
32,28,3/44,True,True,5/82,False,False,True,True
32,29,61/892,True,True,61/1002,False,False,True,True
32,30,31/452,True,True,31/510,False,False,True,True
32,31,63/916,True,True,21/346,False,False,True,True
32,32,2/29,True,True,2/33,False,False,True,True
32,33,13/188,True,True,65/1074,False,False,True,True
32,34,33/476,True,True,11/182,False,False,True,True
32,35,67/964,True,True,67/1110,False,False,True,True
32,36,17/244,True,True,17/282,False,False,True,True
32,37,69/988,True,True,23/382,False,False,True,True
32,38,7/100,True,True,35/582,False,False,True,True
32,39,71/1012,True,True,71/1182,False,False,True,True
32,40,9/128,True,True,3/50,False,False,True,True
32,41,73/1036,True,True,73/1218,False,False,True,True
32,42,37/524,True,True,37/618,False,False,True,True
32,43,15/212,True,True,25/418,False,False,True,True
32,44,19/268,True,True,19/318,False,False,True,True
32,45,77/1084,True,True,77/1290,False,False,True,True
32,46,39/548,True,True,13/218,False,False,True,True
32,47,79/1108,True,True,79/1326,False,False,True,True
32,48,1/14,True,True,5/84,False,False,True,True
32,49,81/1132,True,True,27/454,False,False,True,True
32,50,41/572,True,True,41/690,False,False,True,True
32,51,83/1156,True,True,83/1398,False,False,True,True
32,52,21/292,True,True,7/118,False,False,True,True
32,53,17/236,True,True,85/1434,False,False,True,True
32,54,43/596,True,True,43/726,False,False,True,True
32,55,87/1204,True,True,29/490,False,False,True,True
32,56,11/152,True,True,11/186,False,False,True,True
32,57,89/1228,True,True,89/1506,False,False,True,True
32,58,9/124,True,True,15/254,False,False,True,True
32,59,91/1252,True,True,91/1542,False,False,True,True
32,60,23/316,True,True,23/390,False,False,True,True
32,61,93/1276,True,True,31/526,False,False,True,True
32,62,47/644,True,True,47/798,False,False,True,True
32,63,19/260,True,True,95/1614,False,False,True,True
32,64,3/41,True,True,1/17,False,False,True,True
33,0,1/17,False,False,1/15,True,True,True,True
33,1,34/573,False,False,34/513,True,True,True,True
33,2,7/117,False,False,35/531,True,True,True,True
33,3,12/199,False,False,4/61,True,True,True,True
33,4,37/609,False,False,37/567,True,True,True,True
33,5,38/621,False,False,38/585,True,True,True,True
33,6,13/211,False,False,13/201,True,True,True,True
33,7,8/129,False,False,40/621,True,True,True,True
33,8,41/657,False,False,41/639,True,True,True,True
33,9,14/223,True,True,14/219,True,True,True,True
33,10,43/681,True,True,43/675,True,True,True,True
33,11,4/63,True,True,4/63,True,True,True,True
33,12,3/47,True,True,5/79,True,True,True,True
33,13,46/717,True,True,46/729,True,True,True,True
33,14,47/729,True,True,47/747,True,True,True,True
33,15,16/247,True,True,16/255,True,True,True,True
33,16,49/753,True,True,49/783,True,True,True,True
33,17,10/153,True,True,50/801,False,False,True,True
33,18,17/259,True,True,17/273,False,False,True,True
33,19,52/789,True,True,52/837,False,False,True,True
33,20,53/801,True,True,53/855,False,False,True,True
33,21,18/271,True,True,6/97,False,False,True,True
33,22,1/15,True,True,5/81,False,False,True,True
33,23,56/837,True,True,56/909,False,False,True,True
33,24,19/283,True,True,19/309,False,False,True,True
33,25,58/861,True,True,58/945,False,False,True,True
33,26,59/873,True,True,59/963,False,False,True,True
33,27,4/59,True,True,20/327,False,False,True,True
33,28,61/897,True,True,61/999,False,False,True,True
33,29,62/909,True,True,62/1017,False,False,True,True
33,30,21/307,True,True,7/115,False,False,True,True
33,31,64/933,True,True,64/1053,False,False,True,True
33,32,13/189,True,True,65/1071,False,False,True,True
33,33,2/29,True,True,2/33,False,False,True,True
33,34,67/969,True,True,67/1107,False,False,True,True
33,35,68/981,True,True,68/1125,False,False,True,True
33,36,23/331,True,True,23/381,False,False,True,True
33,37,14/201,True,True,70/1161,False,False,True,True
33,38,71/1017,True,True,71/1179,False,False,True,True
33,39,24/343,True,True,8/133,False,False,True,True
33,40,73/1041,True,True,73/1215,False,False,True,True
33,41,74/1053,True,True,74/1233,False,False,True,True
33,42,5/71,True,True,25/417,False,False,True,True
33,43,76/1077,True,True,76/1269,False,False,True,True
33,44,7/99,True,True,7/117,False,False,True,True
33,45,26/367,True,True,26/435,False,False,True,True
33,46,79/1113,True,True,79/1323,False,False,True,True
33,47,16/225,True,True,80/1341,False,False,True,True
33,48,27/379,True,True,9/151,False,False,True,True
33,49,82/1149,True,True,82/1377,False,False,True,True
33,50,83/1161,True,True,83/1395,False,False,True,True
33,51,28/391,True,True,28/471,False,False,True,True
33,52,17/237,True,True,85/1431,False,False,True,True
33,53,86/1197,True,True,86/1449,False,False,True,True
33,54,29/403,True,True,29/489,False,False,True,True
33,55,8/111,True,True,8/135,False,False,True,True
33,56,89/1233,True,True,89/1503,False,False,True,True
33,57,6/83,True,True,10/169,False,False,True,True
33,58,91/1257,True,True,91/1539,False,False,True,True
33,59,92/1269,True,True,92/1557,False,False,True,True
33,60,31/427,True,True,31/525,False,False,True,True
33,61,94/1293,True,True,94/1593,False,False,True,True
33,62,19/261,True,True,95/1611,False,False,True,True
33,63,32/439,True,True,32/543,False,False,True,True
33,64,97/1329,True,True,97/1647,False,False,True,True
34,0,1/17,False,False,1/15,True,True,True,True
34,1,7/118,False,False,35/528,True,True,True,True
34,2,18/301,False,False,6/91,True,True,True,True
34,3,37/614,False,False,37/564,True,True,True,True
34,4,19/313,False,False,19/291,True,True,True,True
34,5,39/638,False,False,13/200,True,True,True,True
34,6,4/65,False,False,20/309,True,True,True,True
34,7,41/662,False,False,41/636,True,True,True,True
34,8,21/337,False,False,7/109,True,True,True,True
34,9,43/686,True,True,43/672,True,True,True,True
34,10,22/349,True,True,22/345,True,True,True,True
34,11,9/142,True,True,15/236,True,True,True,True
34,12,23/361,True,True,23/363,True,True,True,True
34,13,47/734,True,True,47/744,True,True,True,True
34,14,24/373,True,True,8/127,True,True,True,True
34,15,49/758,True,True,49/780,True,True,True,True
34,16,5/77,True,True,25/399,True,True,True,True
34,17,3/46,True,True,1/16,True,True,True,True
34,18,26/397,True,True,26/417,False,False,True,True
34,19,53/806,True,True,53/852,False,False,True,True
34,20,27/409,True,True,9/145,False,False,True,True
34,21,11/166,True,True,55/888,False,False,True,True
34,22,28/421,True,True,28/453,False,False,True,True
34,23,57/854,True,True,19/308,False,False,True,True
34,24,29/433,True,True,29/471,False,False,True,True
34,25,59/878,True,True,59/960,False,False,True,True
34,26,6/89,True,True,10/163,False,False,True,True
34,27,61/902,True,True,61/996,False,False,True,True
34,28,31/457,True,True,31/507,False,False,True,True
34,29,63/926,True,True,21/344,False,False,True,True
34,30,32/469,True,True,32/525,False,False,True,True
34,31,13/190,True,True,65/1068,False,False,True,True
34,32,33/481,True,True,11/181,False,False,True,True
34,33,67/974,True,True,67/1104,False,False,True,True
34,34,2/29,True,True,2/33,False,False,True,True
34,35,69/998,True,True,23/380,False,False,True,True
34,36,7/101,True,True,35/579,False,False,True,True
34,37,71/1022,True,True,71/1176,False,False,True,True
34,38,36/517,True,True,12/199,False,False,True,True
34,39,73/1046,True,True,73/1212,False,False,True,True
34,40,37/529,True,True,37/615,False,False,True,True
34,41,15/214,True,True,25/416,False,False,True,True
34,42,38/541,True,True,38/633,False,False,True,True
34,43,77/1094,True,True,77/1284,False,False,True,True
34,44,39/553,True,True,13/217,False,False,True,True
34,45,79/1118,True,True,79/1320,False,False,True,True
34,46,8/113,True,True,40/669,False,False,True,True
34,47,81/1142,True,True,27/452,False,False,True,True
34,48,41/577,True,True,41/687,False,False,True,True
34,49,83/1166,True,True,83/1392,False,False,True,True
34,50,42/589,True,True,14/235,False,False,True,True
34,51,1/14,True,True,5/84,False,False,True,True
34,52,43/601,True,True,43/723,False,False,True,True
34,53,87/1214,True,True,29/488,False,False,True,True
34,54,44/613,True,True,44/741,False,False,True,True
34,55,89/1238,True,True,89/1500,False,False,True,True
34,56,9/125,True,True,15/253,False,False,True,True
34,57,91/1262,True,True,91/1536,False,False,True,True
34,58,46/637,True,True,46/777,False,False,True,True
34,59,93/1286,True,True,31/524,False,False,True,True
34,60,47/649,True,True,47/795,False,False,True,True
34,61,19/262,True,True,95/1608,False,False,True,True
34,62,48/661,True,True,16/271,False,False,True,True
34,63,97/1334,True,True,97/1644,False,False,True,True
34,64,49/673,True,True,49/831,False,False,True,True
35,0,1/17,False,False,1/15,True,True,True,True
35,1,36/607,False,False,12/181,True,True,True,True
35,2,37/619,False,False,37/561,True,True,True,True
35,3,38/631,False,False,38/579,True,True,True,True
35,4,39/643,False,False,13/199,True,True,True,True
35,5,8/131,False,False,8/123,True,True,True,True
35,6,41/667,False,False,41/633,True,True,True,True
35,7,6/97,False,False,2/31,True,True,True,True
35,8,43/691,False,False,43/669,True,True,True,True
35,9,44/703,True,True,44/687,True,True,True,True
35,10,9/143,True,True,3/47,True,True,True,True
35,11,46/727,True,True,46/723,True,True,True,True
35,12,47/739,True,True,47/741,True,True,True,True
35,13,48/751,True,True,16/253,True,True,True,True
35,14,7/109,True,True,7/111,True,True,True,True
35,15,2/31,True,True,10/159,True,True,True,True
35,16,51/787,True,True,17/271,True,True,True,True
35,17,52/799,True,True,52/831,True,True,True,True
35,18,53/811,True,True,53/849,False,False,True,True
35,19,54/823,True,True,18/289,False,False,True,True
35,20,11/167,True,True,11/177,False,False,True,True
35,21,8/121,True,True,8/129,False,False,True,True
35,22,57/859,True,True,19/307,False,False,True,True
35,23,58/871,True,True,58/939,False,False,True,True
35,24,59/883,True,True,59/957,False,False,True,True
35,25,12/179,True,True,4/65,False,False,True,True
35,26,61/907,True,True,61/993,False,False,True,True
35,27,62/919,True,True,62/1011,False,False,True,True
35,28,9/133,True,True,3/49,False,False,True,True
35,29,64/943,True,True,64/1047,False,False,True,True
35,30,13/191,True,True,13/213,False,False,True,True
35,31,66/967,True,True,22/361,False,False,True,True
35,32,67/979,True,True,67/1101,False,False,True,True
35,33,68/991,True,True,68/1119,False,False,True,True
35,34,69/1003,True,True,23/379,False,False,True,True
35,35,2/29,True,True,2/33,False,False,True,True
35,36,71/1027,True,True,71/1173,False,False,True,True
35,37,72/1039,True,True,24/397,False,False,True,True
35,38,73/1051,True,True,73/1209,False,False,True,True
35,39,74/1063,True,True,74/1227,False,False,True,True
35,40,3/43,True,True,5/83,False,False,True,True
35,41,76/1087,True,True,76/1263,False,False,True,True
35,42,11/157,True,True,11/183,False,False,True,True
35,43,78/1111,True,True,26/433,False,False,True,True
35,44,79/1123,True,True,79/1317,False,False,True,True
35,45,16/227,True,True,16/267,False,False,True,True
35,46,81/1147,True,True,27/451,False,False,True,True
35,47,82/1159,True,True,82/1371,False,False,True,True
35,48,83/1171,True,True,83/1389,False,False,True,True
35,49,12/169,True,True,4/67,False,False,True,True
35,50,17/239,True,True,17/285,False,False,True,True
35,51,86/1207,True,True,86/1443,False,False,True,True
35,52,87/1219,True,True,29/487,False,False,True,True
35,53,88/1231,True,True,88/1479,False,False,True,True
35,54,89/1243,True,True,89/1497,False,False,True,True
35,55,18/251,True,True,6/101,False,False,True,True
35,56,13/181,True,True,13/219,False,False,True,True
35,57,92/1279,True,True,92/1551,False,False,True,True
35,58,93/1291,True,True,31/523,False,False,True,True
35,59,94/1303,True,True,94/1587,False,False,True,True
35,60,19/263,True,True,19/321,False,False,True,True
35,61,96/1327,True,True,32/541,False,False,True,True
35,62,97/1339,True,True,97/1641,False,False,True,True
35,63,14/193,True,True,14/237,False,False,True,True
35,64,99/1363,True,True,33/559,False,False,True,True
36,0,1/17,False,False,1/15,True,True,True,True
36,1,37/624,False,False,37/558,True,True,True,True
36,2,19/318,False,False,19/288,True,True,True,True
36,3,13/216,False,False,13/198,True,True,True,True
36,4,2/33,False,False,10/153,True,True,True,True
36,5,41/672,False,False,41/630,True,True,True,True
36,6,7/114,False,False,7/108,True,True,True,True
36,7,43/696,False,False,43/666,True,True,True,True
36,8,11/177,False,False,11/171,True,True,True,True
36,9,1/16,True,True,5/78,True,True,True,True
36,10,23/366,True,True,23/360,True,True,True,True
36,11,47/744,True,True,47/738,True,True,True,True
36,12,4/63,True,True,4/63,True,True,True,True
36,13,49/768,True,True,49/774,True,True,True,True
36,14,5/78,True,True,25/396,True,True,True,True
36,15,17/264,True,True,17/270,True,True,True,True
36,16,13/201,True,True,13/207,True,True,True,True
36,17,53/816,True,True,53/846,True,True,True,True
36,18,3/46,True,True,1/16,True,True,True,True
36,19,11/168,True,True,55/882,False,False,True,True
36,20,14/213,True,True,14/225,False,False,True,True
36,21,19/288,True,True,19/306,False,False,True,True
36,22,29/438,True,True,29/468,False,False,True,True
36,23,59/888,True,True,59/954,False,False,True,True
36,24,1/15,True,True,5/81,False,False,True,True
36,25,61/912,True,True,61/990,False,False,True,True
36,26,31/462,True,True,31/504,False,False,True,True
36,27,7/104,True,True,7/114,False,False,True,True
36,28,16/237,True,True,16/261,False,False,True,True
36,29,13/192,True,True,65/1062,False,False,True,True
36,30,11/162,True,True,11/180,False,False,True,True
36,31,67/984,True,True,67/1098,False,False,True,True
36,32,17/249,True,True,17/279,False,False,True,True
36,33,23/336,True,True,23/378,False,False,True,True
36,34,7/102,True,True,35/576,False,False,True,True
36,35,71/1032,True,True,71/1170,False,False,True,True
36,36,2/29,True,True,2/33,False,False,True,True
36,37,73/1056,True,True,73/1206,False,False,True,True
36,38,37/534,True,True,37/612,False,False,True,True
36,39,5/72,True,True,25/414,False,False,True,True
36,40,19/273,True,True,19/315,False,False,True,True
36,41,77/1104,True,True,77/1278,False,False,True,True
36,42,13/186,True,True,13/216,False,False,True,True
36,43,79/1128,True,True,79/1314,False,False,True,True
36,44,4/57,True,True,20/333,False,False,True,True
36,45,9/128,True,True,3/50,False,False,True,True
36,46,41/582,True,True,41/684,False,False,True,True
36,47,83/1176,True,True,83/1386,False,False,True,True
36,48,7/99,True,True,7/117,False,False,True,True
36,49,17/240,True,True,85/1422,False,False,True,True
36,50,43/606,True,True,43/720,False,False,True,True
36,51,29/408,True,True,29/486,False,False,True,True
36,52,22/309,True,True,22/369,False,False,True,True
36,53,89/1248,True,True,89/1494,False,False,True,True
36,54,1/14,True,True,5/84,False,False,True,True
36,55,91/1272,True,True,91/1530,False,False,True,True
36,56,23/321,True,True,23/387,False,False,True,True
36,57,31/432,True,True,31/522,False,False,True,True
36,58,47/654,True,True,47/792,False,False,True,True
36,59,19/264,True,True,95/1602,False,False,True,True
36,60,8/111,True,True,8/135,False,False,True,True
36,61,97/1344,True,True,97/1638,False,False,True,True
36,62,49/678,True,True,49/828,False,False,True,True
36,63,11/152,True,True,11/186,False,False,True,True
36,64,5/69,True,True,25/423,False,False,True,True
37,0,1/17,False,False,1/15,True,True,True,True
37,1,38/641,False,False,38/573,True,True,True,True
37,2,39/653,False,False,13/197,True,True,True,True
37,3,8/133,False,False,40/609,True,True,True,True
37,4,41/677,False,False,41/627,True,True,True,True
37,5,42/689,False,False,14/215,True,True,True,True
37,6,43/701,False,False,43/663,True,True,True,True
37,7,44/713,False,False,44/681,True,True,True,True
37,8,9/145,False,False,15/233,True,True,True,True
37,9,46/737,False,False,46/717,True,True,True,True
37,10,47/749,True,True,47/735,True,True,True,True
37,11,48/761,True,True,16/251,True,True,True,True
37,12,49/773,True,True,49/771,True,True,True,True
37,13,10/157,True,True,50/789,True,True,True,True
37,14,51/797,True,True,17/269,True,True,True,True
37,15,52/809,True,True,52/825,True,True,True,True
37,16,53/821,True,True,53/843,True,True,True,True
37,17,54/833,True,True,18/287,True,True,True,True
37,18,11/169,True,True,55/879,True,True,True,True
37,19,56/857,True,True,56/897,False,False,True,True
37,20,57/869,True,True,19/305,False,False,True,True
37,21,58/881,True,True,58/933,False,False,True,True
37,22,59/893,True,True,59/951,False,False,True,True
37,23,12/181,True,True,20/323,False,False,True,True
37,24,61/917,True,True,61/987,False,False,True,True
37,25,62/929,True,True,62/1005,False,False,True,True
37,26,63/941,True,True,21/341,False,False,True,True
37,27,64/953,True,True,64/1041,False,False,True,True
37,28,13/193,True,True,65/1059,False,False,True,True
37,29,66/977,True,True,22/359,False,False,True,True
37,30,67/989,True,True,67/1095,False,False,True,True
37,31,68/1001,True,True,68/1113,False,False,True,True
37,32,69/1013,True,True,23/377,False,False,True,True
37,33,14/205,True,True,70/1149,False,False,True,True
37,34,71/1037,True,True,71/1167,False,False,True,True
37,35,72/1049,True,True,24/395,False,False,True,True
37,36,73/1061,True,True,73/1203,False,False,True,True
37,37,2/29,True,True,2/33,False,False,True,True
37,38,15/217,True,True,25/413,False,False,True,True
37,39,76/1097,True,True,76/1257,False,False,True,True
37,40,77/1109,True,True,77/1275,False,False,True,True
37,41,78/1121,True,True,26/431,False,False,True,True
37,42,79/1133,True,True,79/1311,False,False,True,True
37,43,16/229,True,True,80/1329,False,False,True,True
37,44,81/1157,True,True,27/449,False,False,True,True
37,45,82/1169,True,True,82/1365,False,False,True,True
37,46,83/1181,True,True,83/1383,False,False,True,True
37,47,84/1193,True,True,28/467,False,False,True,True
37,48,17/241,True,True,85/1419,False,False,True,True
37,49,86/1217,True,True,86/1437,False,False,True,True
37,50,87/1229,True,True,29/485,False,False,True,True
37,51,88/1241,True,True,88/1473,False,False,True,True
37,52,89/1253,True,True,89/1491,False,False,True,True
37,53,18/253,True,True,30/503,False,False,True,True
37,54,91/1277,True,True,91/1527,False,False,True,True
37,55,92/1289,True,True,92/1545,False,False,True,True
37,56,93/1301,True,True,31/521,False,False,True,True
37,57,94/1313,True,True,94/1581,False,False,True,True
37,58,19/265,True,True,95/1599,False,False,True,True
37,59,96/1337,True,True,32/539,False,False,True,True
37,60,97/1349,True,True,97/1635,False,False,True,True
37,61,98/1361,True,True,98/1653,False,False,True,True
37,62,99/1373,True,True,33/557,False,False,True,True
37,63,20/277,True,True,100/1689,False,False,True,True
37,64,101/1397,True,True,101/1707,False,False,True,True
38,0,1/17,False,False,1/15,True,True,True,True
38,1,39/658,False,False,13/196,True,True,True,True
38,2,4/67,False,False,20/303,True,True,True,True
38,3,41/682,False,False,41/624,True,True,True,True
38,4,21/347,False,False,7/107,True,True,True,True
38,5,43/706,False,False,43/660,True,True,True,True
38,6,22/359,False,False,22/339,True,True,True,True
38,7,9/146,False,False,15/232,True,True,True,True
38,8,23/371,False,False,23/357,True,True,True,True
38,9,47/754,False,False,47/732,True,True,True,True
38,10,24/383,True,True,8/125,True,True,True,True
38,11,49/778,True,True,49/768,True,True,True,True
38,12,5/79,True,True,25/393,True,True,True,True
38,13,51/802,True,True,17/268,True,True,True,True
38,14,26/407,True,True,26/411,True,True,True,True
38,15,53/826,True,True,53/840,True,True,True,True
38,16,27/419,True,True,9/143,True,True,True,True
38,17,11/170,True,True,55/876,True,True,True,True
38,18,28/431,True,True,28/447,True,True,True,True
38,19,3/46,True,True,1/16,True,True,True,True
38,20,29/443,True,True,29/465,False,False,True,True
38,21,59/898,True,True,59/948,False,False,True,True
38,22,6/91,True,True,10/161,False,False,True,True
38,23,61/922,True,True,61/984,False,False,True,True
38,24,31/467,True,True,31/501,False,False,True,True
38,25,63/946,True,True,21/340,False,False,True,True
38,26,32/479,True,True,32/519,False,False,True,True
38,27,13/194,True,True,65/1056,False,False,True,True
38,28,33/491,True,True,11/179,False,False,True,True
38,29,67/994,True,True,67/1092,False,False,True,True
38,30,34/503,True,True,34/555,False,False,True,True
38,31,69/1018,True,True,23/376,False,False,True,True
38,32,7/103,True,True,35/573,False,False,True,True
38,33,71/1042,True,True,71/1164,False,False,True,True
38,34,36/527,True,True,12/197,False,False,True,True
38,35,73/1066,True,True,73/1200,False,False,True,True
38,36,37/539,True,True,37/609,False,False,True,True
38,37,15/218,True,True,25/412,False,False,True,True
38,38,2/29,True,True,2/33,False,False,True,True
38,39,77/1114,True,True,77/1272,False,False,True,True
38,40,39/563,True,True,13/215,False,False,True,True
38,41,79/1138,True,True,79/1308,False,False,True,True
38,42,8/115,True,True,40/663,False,False,True,True
38,43,81/1162,True,True,27/448,False,False,True,True
38,44,41/587,True,True,41/681,False,False,True,True
38,45,83/1186,True,True,83/1380,False,False,True,True
38,46,42/599,True,True,14/233,False,False,True,True
38,47,17/242,True,True,85/1416,False,False,True,True
38,48,43/611,True,True,43/717,False,False,True,True
38,49,87/1234,True,True,29/484,False,False,True,True
38,50,44/623,True,True,44/735,False,False,True,True
38,51,89/1258,True,True,89/1488,False,False,True,True
38,52,9/127,True,True,15/251,False,False,True,True
38,53,91/1282,True,True,91/1524,False,False,True,True
38,54,46/647,True,True,46/771,False,False,True,True
38,55,93/1306,True,True,31/520,False,False,True,True
38,56,47/659,True,True,47/789,False,False,True,True
38,57,1/14,True,True,5/84,False,False,True,True
38,58,48/671,True,True,16/269,False,False,True,True
38,59,97/1354,True,True,97/1632,False,False,True,True
38,60,49/683,True,True,49/825,False,False,True,True
38,61,99/1378,True,True,33/556,False,False,True,True
38,62,10/139,True,True,50/843,False,False,True,True
38,63,101/1402,True,True,101/1704,False,False,True,True
38,64,51/707,True,True,17/287,False,False,True,True
39,0,1/17,False,False,1/15,True,True,True,True
39,1,8/135,False,False,40/603,True,True,True,True
39,2,41/687,False,False,41/621,True,True,True,True
39,3,14/233,False,False,14/213,True,True,True,True
39,4,43/711,False,False,43/657,True,True,True,True
39,5,44/723,False,False,44/675,True,True,True,True
39,6,3/49,False,False,5/77,True,True,True,True
39,7,46/747,False,False,46/711,True,True,True,True
39,8,47/759,False,False,47/729,True,True,True,True
39,9,16/257,False,False,16/249,True,True,True,True
39,10,49/783,True,True,49/765,True,True,True,True
39,11,10/159,True,True,50/783,True,True,True,True
39,12,17/269,True,True,17/267,True,True,True,True
39,13,4/63,True,True,4/63,True,True,True,True
39,14,53/831,True,True,53/837,True,True,True,True
39,15,18/281,True,True,6/95,True,True,True,True
39,16,11/171,True,True,55/873,True,True,True,True
39,17,56/867,True,True,56/891,True,True,True,True
39,18,19/293,True,True,19/303,True,True,True,True
39,19,58/891,True,True,58/927,True,True,True,True
39,20,59/903,True,True,59/945,False,False,True,True
39,21,4/61,True,True,20/321,False,False,True,True
39,22,61/927,True,True,61/981,False,False,True,True
39,23,62/939,True,True,62/999,False,False,True,True
39,24,21/317,True,True,7/113,False,False,True,True
39,25,64/963,True,True,64/1035,False,False,True,True
39,26,1/15,True,True,5/81,False,False,True,True
39,27,22/329,True,True,22/357,False,False,True,True
39,28,67/999,True,True,67/1089,False,False,True,True
39,29,68/1011,True,True,68/1107,False,False,True,True
39,30,23/341,True,True,23/375,False,False,True,True
39,31,14/207,True,True,70/1143,False,False,True,True
39,32,71/1047,True,True,71/1161,False,False,True,True
39,33,24/353,True,True,8/131,False,False,True,True
39,34,73/1071,True,True,73/1197,False,False,True,True
39,35,74/1083,True,True,74/1215,False,False,True,True
39,36,5/73,True,True,25/411,False,False,True,True
39,37,76/1107,True,True,76/1251,False,False,True,True
39,38,77/1119,True,True,77/1269,False,False,True,True
39,39,2/29,True,True,2/33,False,False,True,True
39,40,79/1143,True,True,79/1305,False,False,True,True
39,41,16/231,True,True,80/1323,False,False,True,True
39,42,27/389,True,True,9/149,False,False,True,True
39,43,82/1179,True,True,82/1359,False,False,True,True
39,44,83/1191,True,True,83/1377,False,False,True,True
39,45,28/401,True,True,28/465,False,False,True,True
39,46,17/243,True,True,85/1413,False,False,True,True
39,47,86/1227,True,True,86/1431,False,False,True,True
39,48,29/413,True,True,29/483,False,False,True,True
39,49,88/1251,True,True,88/1467,False,False,True,True
39,50,89/1263,True,True,89/1485,False,False,True,True
39,51,6/85,True,True,10/167,False,False,True,True
39,52,7/99,True,True,7/117,False,False,True,True
39,53,92/1299,True,True,92/1539,False,False,True,True
39,54,31/437,True,True,31/519,False,False,True,True
39,55,94/1323,True,True,94/1575,False,False,True,True
39,56,19/267,True,True,95/1593,False,False,True,True
39,57,32/449,True,True,32/537,False,False,True,True
39,58,97/1359,True,True,97/1629,False,False,True,True
39,59,98/1371,True,True,98/1647,False,False,True,True
39,60,33/461,True,True,11/185,False,False,True,True
39,61,20/279,True,True,100/1683,False,False,True,True
39,62,101/1407,True,True,101/1701,False,False,True,True
39,63,34/473,True,True,34/573,False,False,True,True
39,64,103/1431,True,True,103/1737,False,False,True,True
40,0,1/17,False,False,1/15,True,True,True,True
40,1,41/692,False,False,41/618,True,True,True,True
40,2,21/352,False,False,7/106,True,True,True,True
40,3,43/716,False,False,43/654,True,True,True,True
40,4,11/182,False,False,11/168,True,True,True,True
40,5,9/148,False,False,3/46,True,True,True,True
40,6,23/376,False,False,23/354,True,True,True,True
40,7,47/764,False,False,47/726,True,True,True,True
40,8,6/97,False,False,2/31,True,True,True,True
40,9,49/788,False,False,49/762,True,True,True,True
40,10,1/16,True,True,5/78,True,True,True,True
40,11,51/812,True,True,17/266,True,True,True,True
40,12,13/206,True,True,13/204,True,True,True,True
40,13,53/836,True,True,53/834,True,True,True,True
40,14,27/424,True,True,9/142,True,True,True,True
40,15,11/172,True,True,11/174,True,True,True,True
40,16,7/109,True,True,7/111,True,True,True,True
40,17,57/884,True,True,19/302,True,True,True,True
40,18,29/448,True,True,29/462,True,True,True,True
40,19,59/908,True,True,59/942,True,True,True,True
40,20,3/46,True,True,1/16,True,True,True,True
40,21,61/932,True,True,61/978,False,False,True,True
40,22,31/472,True,True,31/498,False,False,True,True
40,23,63/956,True,True,21/338,False,False,True,True
40,24,8/121,True,True,8/129,False,False,True,True
40,25,13/196,True,True,13/210,False,False,True,True
40,26,33/496,True,True,11/178,False,False,True,True
40,27,67/1004,True,True,67/1086,False,False,True,True
40,28,17/254,True,True,17/276,False,False,True,True
40,29,69/1028,True,True,23/374,False,False,True,True
40,30,7/104,True,True,7/114,False,False,True,True
40,31,71/1052,True,True,71/1158,False,False,True,True
40,32,9/133,True,True,3/49,False,False,True,True
40,33,73/1076,True,True,73/1194,False,False,True,True
40,34,37/544,True,True,37/606,False,False,True,True
40,35,3/44,True,True,5/82,False,False,True,True
40,36,19/278,True,True,19/312,False,False,True,True
40,37,77/1124,True,True,77/1266,False,False,True,True
40,38,39/568,True,True,13/214,False,False,True,True
40,39,79/1148,True,True,79/1302,False,False,True,True
40,40,2/29,True,True,2/33,False,False,True,True
40,41,81/1172,True,True,27/446,False,False,True,True
40,42,41/592,True,True,41/678,False,False,True,True
40,43,83/1196,True,True,83/1374,False,False,True,True
40,44,21/302,True,True,7/116,False,False,True,True
40,45,17/244,True,True,17/282,False,False,True,True
40,46,43/616,True,True,43/714,False,False,True,True
40,47,87/1244,True,True,29/482,False,False,True,True
40,48,11/157,True,True,11/183,False,False,True,True
40,49,89/1268,True,True,89/1482,False,False,True,True
40,50,9/128,True,True,3/50,False,False,True,True
40,51,91/1292,True,True,91/1518,False,False,True,True
40,52,23/326,True,True,23/384,False,False,True,True
40,53,93/1316,True,True,31/518,False,False,True,True
40,54,47/664,True,True,47/786,False,False,True,True
40,55,19/268,True,True,19/318,False,False,True,True
40,56,12/169,True,True,4/67,False,False,True,True
40,57,97/1364,True,True,97/1626,False,False,True,True
40,58,49/688,True,True,49/822,False,False,True,True
40,59,99/1388,True,True,33/554,False,False,True,True
40,60,1/14,True,True,5/84,False,False,True,True
40,61,101/1412,True,True,101/1698,False,False,True,True
40,62,51/712,True,True,17/286,False,False,True,True
40,63,103/1436,True,True,103/1734,False,False,True,True
40,64,13/181,True,True,13/219,False,False,True,True
41,0,1/17,False,False,1/15,True,True,True,True
41,1,42/709,False,False,14/211,True,True,True,True
41,2,43/721,False,False,43/651,True,True,True,True
41,3,44/733,False,False,44/669,True,True,True,True
41,4,9/149,False,False,15/229,True,True,True,True
41,5,46/757,False,False,46/705,True,True,True,True
41,6,47/769,False,False,47/723,True,True,True,True
41,7,48/781,False,False,16/247,True,True,True,True
41,8,49/793,False,False,49/759,True,True,True,True
41,9,10/161,False,False,50/777,True,True,True,True
41,10,51/817,False,False,17/265,True,True,True,True
41,11,52/829,True,True,52/813,True,True,True,True
41,12,53/841,True,True,53/831,True,True,True,True
41,13,54/853,True,True,18/283,True,True,True,True
41,14,11/173,True,True,55/867,True,True,True,True
41,15,56/877,True,True,56/885,True,True,True,True
41,16,57/889,True,True,19/301,True,True,True,True
41,17,58/901,True,True,58/921,True,True,True,True
41,18,59/913,True,True,59/939,True,True,True,True
41,19,12/185,True,True,20/319,True,True,True,True
41,20,61/937,True,True,61/975,True,True,True,True
41,21,62/949,True,True,62/993,False,False,True,True
41,22,63/961,True,True,21/337,False,False,True,True
41,23,64/973,True,True,64/1029,False,False,True,True
41,24,13/197,True,True,65/1047,False,False,True,True
41,25,66/997,True,True,22/355,False,False,True,True
41,26,67/1009,True,True,67/1083,False,False,True,True
41,27,68/1021,True,True,68/1101,False,False,True,True
41,28,69/1033,True,True,23/373,False,False,True,True
41,29,14/209,True,True,70/1137,False,False,True,True
41,30,71/1057,True,True,71/1155,False,False,True,True
41,31,72/1069,True,True,24/391,False,False,True,True
41,32,73/1081,True,True,73/1191,False,False,True,True
41,33,74/1093,True,True,74/1209,False,False,True,True
41,34,15/221,True,True,25/409,False,False,True,True
41,35,76/1117,True,True,76/1245,False,False,True,True
41,36,77/1129,True,True,77/1263,False,False,True,True
41,37,78/1141,True,True,26/427,False,False,True,True
41,38,79/1153,True,True,79/1299,False,False,True,True
41,39,16/233,True,True,80/1317,False,False,True,True
41,40,81/1177,True,True,27/445,False,False,True,True
41,41,2/29,True,True,2/33,False,False,True,True
41,42,83/1201,True,True,83/1371,False,False,True,True
41,43,84/1213,True,True,28/463,False,False,True,True
41,44,17/245,True,True,85/1407,False,False,True,True
41,45,86/1237,True,True,86/1425,False,False,True,True
41,46,87/1249,True,True,29/481,False,False,True,True
41,47,88/1261,True,True,88/1461,False,False,True,True
41,48,89/1273,True,True,89/1479,False,False,True,True
41,49,18/257,True,True,30/499,False,False,True,True
41,50,91/1297,True,True,91/1515,False,False,True,True
41,51,92/1309,True,True,92/1533,False,False,True,True
41,52,93/1321,True,True,31/517,False,False,True,True
41,53,94/1333,True,True,94/1569,False,False,True,True
41,54,19/269,True,True,95/1587,False,False,True,True
41,55,96/1357,True,True,32/535,False,False,True,True
41,56,97/1369,True,True,97/1623,False,False,True,True
41,57,98/1381,True,True,98/1641,False,False,True,True
41,58,99/1393,True,True,33/553,False,False,True,True
41,59,20/281,True,True,100/1677,False,False,True,True
41,60,101/1417,True,True,101/1695,False,False,True,True
41,61,102/1429,True,True,34/571,False,False,True,True
41,62,103/1441,True,True,103/1731,False,False,True,True
41,63,104/1453,True,True,104/1749,False,False,True,True
41,64,21/293,True,True,35/589,False,False,True,True
42,0,1/17,False,False,1/15,True,True,True,True
42,1,43/726,False,False,43/648,True,True,True,True
42,2,22/369,False,False,22/333,True,True,True,True
42,3,3/50,False,False,5/76,True,True,True,True
42,4,23/381,False,False,23/351,True,True,True,True
42,5,47/774,False,False,47/720,True,True,True,True
42,6,8/131,False,False,8/123,True,True,True,True
42,7,7/114,False,False,7/108,True,True,True,True
42,8,5/81,False,False,25/387,True,True,True,True
42,9,17/274,False,False,17/264,True,True,True,True
42,10,26/417,False,False,26/405,True,True,True,True
42,11,53/846,True,True,53/828,True,True,True,True
42,12,9/143,True,True,3/47,True,True,True,True
42,13,11/174,True,True,55/864,True,True,True,True
42,14,4/63,True,True,4/63,True,True,True,True
42,15,19/298,True,True,19/300,True,True,True,True
42,16,29/453,True,True,29/459,True,True,True,True
42,17,59/918,True,True,59/936,True,True,True,True
42,18,2/31,True,True,10/159,True,True,True,True
42,19,61/942,True,True,61/972,True,True,True,True
42,20,31/477,True,True,31/495,True,True,True,True
42,21,3/46,True,True,1/16,True,True,True,True
42,22,32/489,True,True,32/513,False,False,True,True
42,23,13/198,True,True,65/1044,False,False,True,True
42,24,11/167,True,True,11/177,False,False,True,True
42,25,67/1014,True,True,67/1080,False,False,True,True
42,26,34/513,True,True,34/549,False,False,True,True
42,27,23/346,True,True,23/372,False,False,True,True
42,28,1/15,True,True,5/81,False,False,True,True
42,29,71/1062,True,True,71/1152,False,False,True,True
42,30,12/179,True,True,4/65,False,False,True,True
42,31,73/1086,True,True,73/1188,False,False,True,True
42,32,37/549,True,True,37/603,False,False,True,True
42,33,5/74,True,True,25/408,False,False,True,True
42,34,38/561,True,True,38/621,False,False,True,True
42,35,11/162,True,True,11/180,False,False,True,True
42,36,13/191,True,True,13/213,False,False,True,True
42,37,79/1158,True,True,79/1296,False,False,True,True
42,38,8/117,True,True,40/657,False,False,True,True
42,39,27/394,True,True,9/148,False,False,True,True
42,40,41/597,True,True,41/675,False,False,True,True
42,41,83/1206,True,True,83/1368,False,False,True,True
42,42,2/29,True,True,2/33,False,False,True,True
42,43,17/246,True,True,85/1404,False,False,True,True
42,44,43/621,True,True,43/711,False,False,True,True
42,45,29/418,True,True,29/480,False,False,True,True
42,46,44/633,True,True,44/729,False,False,True,True
42,47,89/1278,True,True,89/1476,False,False,True,True
42,48,3/43,True,True,5/83,False,False,True,True
42,49,13/186,True,True,13/216,False,False,True,True
42,50,46/657,True,True,46/765,False,False,True,True
42,51,31/442,True,True,31/516,False,False,True,True
42,52,47/669,True,True,47/783,False,False,True,True
42,53,19/270,True,True,95/1584,False,False,True,True
42,54,16/227,True,True,16/267,False,False,True,True
42,55,97/1374,True,True,97/1620,False,False,True,True
42,56,7/99,True,True,7/117,False,False,True,True
42,57,33/466,True,True,11/184,False,False,True,True
42,58,10/141,True,True,50/837,False,False,True,True
42,59,101/1422,True,True,101/1692,False,False,True,True
42,60,17/239,True,True,17/285,False,False,True,True
42,61,103/1446,True,True,103/1728,False,False,True,True
42,62,52/729,True,True,52/873,False,False,True,True
42,63,1/14,True,True,5/84,False,False,True,True
42,64,53/741,True,True,53/891,False,False,True,True
43,0,1/17,False,False,1/15,True,True,True,True
43,1,44/743,False,False,44/663,True,True,True,True
43,2,9/151,False,False,15/227,True,True,True,True
43,3,46/767,False,False,46/699,True,True,True,True
43,4,47/779,False,False,47/717,True,True,True,True
43,5,48/791,False,False,16/245,True,True,True,True
43,6,49/803,False,False,49/753,True,True,True,True
43,7,10/163,False,False,50/771,True,True,True,True
43,8,51/827,False,False,17/263,True,True,True,True
43,9,52/839,False,False,52/807,True,True,True,True
43,10,53/851,False,False,53/825,True,True,True,True
43,11,54/863,True,True,18/281,True,True,True,True
43,12,11/175,True,True,55/861,True,True,True,True
43,13,56/887,True,True,56/879,True,True,True,True
43,14,57/899,True,True,19/299,True,True,True,True
43,15,58/911,True,True,58/915,True,True,True,True
43,16,59/923,True,True,59/933,True,True,True,True
43,17,12/187,True,True,20/317,True,True,True,True
43,18,61/947,True,True,61/969,True,True,True,True
43,19,62/959,True,True,62/987,True,True,True,True
43,20,63/971,True,True,21/335,True,True,True,True
43,21,64/983,True,True,64/1023,True,True,True,True
43,22,13/199,True,True,65/1041,False,False,True,True
43,23,66/1007,True,True,22/353,False,False,True,True
43,24,67/1019,True,True,67/1077,False,False,True,True
43,25,68/1031,True,True,68/1095,False,False,True,True
43,26,69/1043,True,True,23/371,False,False,True,True
43,27,14/211,True,True,70/1131,False,False,True,True
43,28,71/1067,True,True,71/1149,False,False,True,True
43,29,72/1079,True,True,24/389,False,False,True,True
43,30,73/1091,True,True,73/1185,False,False,True,True
43,31,74/1103,True,True,74/1203,False,False,True,True
43,32,15/223,True,True,25/407,False,False,True,True
43,33,76/1127,True,True,76/1239,False,False,True,True
43,34,77/1139,True,True,77/1257,False,False,True,True
43,35,78/1151,True,True,26/425,False,False,True,True
43,36,79/1163,True,True,79/1293,False,False,True,True
43,37,16/235,True,True,80/1311,False,False,True,True
43,38,81/1187,True,True,27/443,False,False,True,True
43,39,82/1199,True,True,82/1347,False,False,True,True
43,40,83/1211,True,True,83/1365,False,False,True,True
43,41,84/1223,True,True,28/461,False,False,True,True
43,42,17/247,True,True,85/1401,False,False,True,True
43,43,2/29,True,True,2/33,False,False,True,True
43,44,87/1259,True,True,29/479,False,False,True,True
43,45,88/1271,True,True,88/1455,False,False,True,True
43,46,89/1283,True,True,89/1473,False,False,True,True
43,47,18/259,True,True,30/497,False,False,True,True
43,48,91/1307,True,True,91/1509,False,False,True,True
43,49,92/1319,True,True,92/1527,False,False,True,True
43,50,93/1331,True,True,31/515,False,False,True,True
43,51,94/1343,True,True,94/1563,False,False,True,True
43,52,19/271,True,True,95/1581,False,False,True,True
43,53,96/1367,True,True,32/533,False,False,True,True
43,54,97/1379,True,True,97/1617,False,False,True,True
43,55,98/1391,True,True,98/1635,False,False,True,True
43,56,99/1403,True,True,33/551,False,False,True,True
43,57,20/283,True,True,100/1671,False,False,True,True
43,58,101/1427,True,True,101/1689,False,False,True,True
43,59,102/1439,True,True,34/569,False,False,True,True
43,60,103/1451,True,True,103/1725,False,False,True,True
43,61,104/1463,True,True,104/1743,False,False,True,True
43,62,21/295,True,True,35/587,False,False,True,True
43,63,106/1487,True,True,106/1779,False,False,True,True
43,64,107/1499,True,True,107/1797,False,False,True,True
44,0,1/17,False,False,1/15,True,True,True,True
44,1,9/152,False,False,15/226,True,True,True,True
44,2,23/386,False,False,23/348,True,True,True,True
44,3,47/784,False,False,47/714,True,True,True,True
44,4,12/199,False,False,4/61,True,True,True,True
44,5,49/808,False,False,49/750,True,True,True,True
44,6,5/82,False,False,25/384,True,True,True,True
44,7,51/832,False,False,17/262,True,True,True,True
44,8,13/211,False,False,13/201,True,True,True,True
44,9,53/856,False,False,53/822,True,True,True,True
44,10,27/434,False,False,9/140,True,True,True,True
44,11,1/16,True,True,5/78,True,True,True,True
44,12,14/223,True,True,14/219,True,True,True,True
44,13,57/904,True,True,19/298,True,True,True,True
44,14,29/458,True,True,29/456,True,True,True,True
44,15,59/928,True,True,59/930,True,True,True,True
44,16,3/47,True,True,5/79,True,True,True,True
44,17,61/952,True,True,61/966,True,True,True,True
44,18,31/482,True,True,31/492,True,True,True,True
44,19,63/976,True,True,21/334,True,True,True,True
44,20,16/247,True,True,16/255,True,True,True,True
44,21,13/200,True,True,65/1038,True,True,True,True
44,22,3/46,True,True,1/16,True,True,True,True
44,23,67/1024,True,True,67/1074,False,False,True,True
44,24,17/259,True,True,17/273,False,False,True,True
44,25,69/1048,True,True,23/370,False,False,True,True
44,26,7/106,True,True,35/564,False,False,True,True
44,27,71/1072,True,True,71/1146,False,False,True,True
44,28,18/271,True,True,6/97,False,False,True,True
44,29,73/1096,True,True,73/1182,False,False,True,True
44,30,37/554,True,True,37/600,False,False,True,True
44,31,15/224,True,True,25/406,False,False,True,True
44,32,19/283,True,True,19/309,False,False,True,True
44,33,7/104,True,True,7/114,False,False,True,True
44,34,39/578,True,True,13/212,False,False,True,True
44,35,79/1168,True,True,79/1290,False,False,True,True
44,36,4/59,True,True,20/327,False,False,True,True
44,37,81/1192,True,True,27/442,False,False,True,True
44,38,41/602,True,True,41/672,False,False,True,True
44,39,83/1216,True,True,83/1362,False,False,True,True
44,40,21/307,True,True,7/115,False,False,True,True
44,41,17/248,True,True,85/1398,False,False,True,True
44,42,43/626,True,True,43/708,False,False,True,True
44,43,87/1264,True,True,29/478,False,False,True,True
44,44,2/29,True,True,2/33,False,False,True,True
44,45,89/1288,True,True,89/1470,False,False,True,True
44,46,9/130,True,True,15/248,False,False,True,True
44,47,91/1312,True,True,91/1506,False,False,True,True
44,48,23/331,True,True,23/381,False,False,True,True
44,49,93/1336,True,True,31/514,False,False,True,True
44,50,47/674,True,True,47/780,False,False,True,True
44,51,19/272,True,True,95/1578,False,False,True,True
44,52,24/343,True,True,8/133,False,False,True,True
44,53,97/1384,True,True,97/1614,False,False,True,True
44,54,49/698,True,True,49/816,False,False,True,True
44,55,9/128,True,True,3/50,False,False,True,True
44,56,5/71,True,True,25/417,False,False,True,True
44,57,101/1432,True,True,101/1686,False,False,True,True
44,58,51/722,True,True,17/284,False,False,True,True
44,59,103/1456,True,True,103/1722,False,False,True,True
44,60,26/367,True,True,26/435,False,False,True,True
44,61,21/296,True,True,35/586,False,False,True,True
44,62,53/746,True,True,53/888,False,False,True,True
44,63,107/1504,True,True,107/1794,False,False,True,True
44,64,27/379,True,True,9/151,False,False,True,True
45,0,1/17,False,False,1/15,True,True,True,True
45,1,46/777,False,False,46/693,True,True,True,True
45,2,47/789,False,False,47/711,True,True,True,True
45,3,16/267,False,False,16/243,True,True,True,True
45,4,49/813,False,False,49/747,True,True,True,True
45,5,2/33,False,False,10/153,True,True,True,True
45,6,17/279,False,False,17/261,True,True,True,True
45,7,52/849,False,False,52/801,True,True,True,True
45,8,53/861,False,False,53/819,True,True,True,True
45,9,6/97,False,False,2/31,True,True,True,True
45,10,11/177,False,False,11/171,True,True,True,True
45,11,56/897,False,False,56/873,True,True,True,True
45,12,19/303,True,True,19/297,True,True,True,True
45,13,58/921,True,True,58/909,True,True,True,True
45,14,59/933,True,True,59/927,True,True,True,True
45,15,4/63,True,True,4/63,True,True,True,True
45,16,61/957,True,True,61/963,True,True,True,True
45,17,62/969,True,True,62/981,True,True,True,True
45,18,7/109,True,True,7/111,True,True,True,True
45,19,64/993,True,True,64/1017,True,True,True,True
45,20,13/201,True,True,13/207,True,True,True,True
45,21,22/339,True,True,22/351,True,True,True,True
45,22,67/1029,True,True,67/1071,True,True,True,True
45,23,68/1041,True,True,68/1089,False,False,True,True
45,24,23/351,True,True,23/369,False,False,True,True
45,25,14/213,True,True,14/225,False,False,True,True
45,26,71/1077,True,True,71/1143,False,False,True,True
45,27,8/121,True,True,8/129,False,False,True,True
45,28,73/1101,True,True,73/1179,False,False,True,True
45,29,74/1113,True,True,74/1197,False,False,True,True
45,30,1/15,True,True,5/81,False,False,True,True
45,31,76/1137,True,True,76/1233,False,False,True,True
45,32,77/1149,True,True,77/1251,False,False,True,True
45,33,26/387,True,True,26/423,False,False,True,True
45,34,79/1173,True,True,79/1287,False,False,True,True
45,35,16/237,True,True,16/261,False,False,True,True
45,36,9/133,True,True,3/49,False,False,True,True
45,37,82/1209,True,True,82/1341,False,False,True,True
45,38,83/1221,True,True,83/1359,False,False,True,True
45,39,28/411,True,True,28/459,False,False,True,True
45,40,17/249,True,True,17/279,False,False,True,True
45,41,86/1257,True,True,86/1413,False,False,True,True
45,42,29/423,True,True,29/477,False,False,True,True
45,43,88/1281,True,True,88/1449,False,False,True,True
45,44,89/1293,True,True,89/1467,False,False,True,True
45,45,2/29,True,True,2/33,False,False,True,True
45,46,91/1317,True,True,91/1503,False,False,True,True
45,47,92/1329,True,True,92/1521,False,False,True,True
45,48,31/447,True,True,31/513,False,False,True,True
45,49,94/1353,True,True,94/1557,False,False,True,True
45,50,19/273,True,True,19/315,False,False,True,True
45,51,32/459,True,True,32/531,False,False,True,True
45,52,97/1389,True,True,97/1611,False,False,True,True
45,53,98/1401,True,True,98/1629,False,False,True,True
45,54,11/157,True,True,11/183,False,False,True,True
45,55,4/57,True,True,20/333,False,False,True,True
45,56,101/1437,True,True,101/1683,False,False,True,True
45,57,34/483,True,True,34/567,False,False,True,True
45,58,103/1461,True,True,103/1719,False,False,True,True
45,59,104/1473,True,True,104/1737,False,False,True,True
45,60,7/99,True,True,7/117,False,False,True,True
45,61,106/1497,True,True,106/1773,False,False,True,True
45,62,107/1509,True,True,107/1791,False,False,True,True
45,63,12/169,True,True,4/67,False,False,True,True
45,64,109/1533,True,True,109/1827,False,False,True,True
46,0,1/17,False,False,1/15,True,True,True,True
46,1,47/794,False,False,47/708,True,True,True,True
46,2,24/403,False,False,8/121,True,True,True,True
46,3,49/818,False,False,49/744,True,True,True,True
46,4,5/83,False,False,25/381,True,True,True,True
46,5,51/842,False,False,17/260,True,True,True,True
46,6,26/427,False,False,26/399,True,True,True,True
46,7,53/866,False,False,53/816,True,True,True,True
46,8,27/439,False,False,9/139,True,True,True,True
46,9,11/178,False,False,55/852,True,True,True,True
46,10,28/451,False,False,28/435,True,True,True,True
46,11,57/914,False,False,19/296,True,True,True,True
46,12,29/463,True,True,29/453,True,True,True,True
46,13,59/938,True,True,59/924,True,True,True,True
46,14,6/95,True,True,10/157,True,True,True,True
46,15,61/962,True,True,61/960,True,True,True,True
46,16,31/487,True,True,31/489,True,True,True,True
46,17,63/986,True,True,21/332,True,True,True,True
46,18,32/499,True,True,32/507,True,True,True,True
46,19,13/202,True,True,65/1032,True,True,True,True
46,20,33/511,True,True,11/175,True,True,True,True
46,21,67/1034,True,True,67/1068,True,True,True,True
46,22,34/523,True,True,34/543,True,True,True,True
46,23,3/46,True,True,1/16,True,True,True,True
46,24,7/107,True,True,35/561,False,False,True,True
46,25,71/1082,True,True,71/1140,False,False,True,True
46,26,36/547,True,True,12/193,False,False,True,True
46,27,73/1106,True,True,73/1176,False,False,True,True
46,28,37/559,True,True,37/597,False,False,True,True
46,29,15/226,True,True,25/404,False,False,True,True
46,30,38/571,True,True,38/615,False,False,True,True
46,31,77/1154,True,True,77/1248,False,False,True,True
46,32,39/583,True,True,13/211,False,False,True,True
46,33,79/1178,True,True,79/1284,False,False,True,True
46,34,8/119,True,True,40/651,False,False,True,True
46,35,81/1202,True,True,27/440,False,False,True,True
46,36,41/607,True,True,41/669,False,False,True,True
46,37,83/1226,True,True,83/1356,False,False,True,True
46,38,42/619,True,True,14/229,False,False,True,True
46,39,17/250,True,True,85/1392,False,False,True,True
46,40,43/631,True,True,43/705,False,False,True,True
46,41,87/1274,True,True,29/476,False,False,True,True
46,42,44/643,True,True,44/723,False,False,True,True
46,43,89/1298,True,True,89/1464,False,False,True,True
46,44,9/131,True,True,15/247,False,False,True,True
46,45,91/1322,True,True,91/1500,False,False,True,True
46,46,2/29,True,True,2/33,False,False,True,True
46,47,93/1346,True,True,31/512,False,False,True,True
46,48,47/679,True,True,47/777,False,False,True,True
46,49,19/274,True,True,95/1572,False,False,True,True
46,50,48/691,True,True,16/265,False,False,True,True
46,51,97/1394,True,True,97/1608,False,False,True,True
46,52,49/703,True,True,49/813,False,False,True,True
46,53,99/1418,True,True,33/548,False,False,True,True
46,54,10/143,True,True,50/831,False,False,True,True
46,55,101/1442,True,True,101/1680,False,False,True,True
46,56,51/727,True,True,17/283,False,False,True,True
46,57,103/1466,True,True,103/1716,False,False,True,True
46,58,52/739,True,True,52/867,False,False,True,True
46,59,21/298,True,True,35/584,False,False,True,True
46,60,53/751,True,True,53/885,False,False,True,True
46,61,107/1514,True,True,107/1788,False,False,True,True
46,62,54/763,True,True,18/301,False,False,True,True
46,63,109/1538,True,True,109/1824,False,False,True,True
46,64,11/155,True,True,55/921,False,False,True,True
47,0,1/17,False,False,1/15,True,True,True,True
47,1,48/811,False,False,16/241,True,True,True,True
47,2,49/823,False,False,49/741,True,True,True,True
47,3,10/167,False,False,50/759,True,True,True,True
47,4,51/847,False,False,17/259,True,True,True,True
47,5,52/859,False,False,52/795,True,True,True,True
47,6,53/871,False,False,53/813,True,True,True,True
47,7,54/883,False,False,18/277,True,True,True,True
47,8,11/179,False,False,55/849,True,True,True,True
47,9,56/907,False,False,56/867,True,True,True,True
47,10,57/919,False,False,19/295,True,True,True,True
47,11,58/931,False,False,58/903,True,True,True,True
47,12,59/943,True,True,59/921,True,True,True,True
47,13,12/191,True,True,20/313,True,True,True,True
47,14,61/967,True,True,61/957,True,True,True,True
47,15,62/979,True,True,62/975,True,True,True,True
47,16,63/991,True,True,21/331,True,True,True,True
47,17,64/1003,True,True,64/1011,True,True,True,True
47,18,13/203,True,True,65/1029,True,True,True,True
47,19,66/1027,True,True,22/349,True,True,True,True
47,20,67/1039,True,True,67/1065,True,True,True,True
47,21,68/1051,True,True,68/1083,True,True,True,True
47,22,69/1063,True,True,23/367,True,True,True,True
47,23,14/215,True,True,70/1119,True,True,True,True
47,24,71/1087,True,True,71/1137,False,False,True,True
47,25,72/1099,True,True,24/385,False,False,True,True
47,26,73/1111,True,True,73/1173,False,False,True,True
47,27,74/1123,True,True,74/1191,False,False,True,True
47,28,15/227,True,True,25/403,False,False,True,True
47,29,76/1147,True,True,76/1227,False,False,True,True
47,30,77/1159,True,True,77/1245,False,False,True,True
47,31,78/1171,True,True,26/421,False,False,True,True
47,32,79/1183,True,True,79/1281,False,False,True,True
47,33,16/239,True,True,80/1299,False,False,True,True
47,34,81/1207,True,True,27/439,False,False,True,True
47,35,82/1219,True,True,82/1335,False,False,True,True
47,36,83/1231,True,True,83/1353,False,False,True,True
47,37,84/1243,True,True,28/457,False,False,True,True
47,38,17/251,True,True,85/1389,False,False,True,True
47,39,86/1267,True,True,86/1407,False,False,True,True
47,40,87/1279,True,True,29/475,False,False,True,True
47,41,88/1291,True,True,88/1443,False,False,True,True
47,42,89/1303,True,True,89/1461,False,False,True,True
47,43,18/263,True,True,30/493,False,False,True,True
47,44,91/1327,True,True,91/1497,False,False,True,True
47,45,92/1339,True,True,92/1515,False,False,True,True
47,46,93/1351,True,True,31/511,False,False,True,True
47,47,2/29,True,True,2/33,False,False,True,True
47,48,19/275,True,True,95/1569,False,False,True,True
47,49,96/1387,True,True,32/529,False,False,True,True
47,50,97/1399,True,True,97/1605,False,False,True,True
47,51,98/1411,True,True,98/1623,False,False,True,True
47,52,99/1423,True,True,33/547,False,False,True,True
47,53,20/287,True,True,100/1659,False,False,True,True
47,54,101/1447,True,True,101/1677,False,False,True,True
47,55,102/1459,True,True,34/565,False,False,True,True
47,56,103/1471,True,True,103/1713,False,False,True,True
47,57,104/1483,True,True,104/1731,False,False,True,True
47,58,21/299,True,True,35/583,False,False,True,True
47,59,106/1507,True,True,106/1767,False,False,True,True
47,60,107/1519,True,True,107/1785,False,False,True,True
47,61,108/1531,True,True,36/601,False,False,True,True
47,62,109/1543,True,True,109/1821,False,False,True,True
47,63,22/311,True,True,110/1839,False,False,True,True
47,64,111/1567,True,True,37/619,False,False,True,True
48,0,1/17,False,False,1/15,True,True,True,True
48,1,49/828,False,False,49/738,True,True,True,True
48,2,5/84,False,False,25/378,True,True,True,True
48,3,17/284,False,False,17/258,True,True,True,True
48,4,13/216,False,False,13/198,True,True,True,True
48,5,53/876,False,False,53/810,True,True,True,True
48,6,9/148,False,False,3/46,True,True,True,True
48,7,11/180,False,False,55/846,True,True,True,True
48,8,7/114,False,False,7/108,True,True,True,True
48,9,19/308,False,False,19/294,True,True,True,True
48,10,29/468,False,False,29/450,True,True,True,True
48,11,59/948,False,False,59/918,True,True,True,True
48,12,1/16,True,True,5/78,True,True,True,True
48,13,61/972,True,True,61/954,True,True,True,True
48,14,31/492,True,True,31/486,True,True,True,True
48,15,21/332,True,True,7/110,True,True,True,True
48,16,4/63,True,True,4/63,True,True,True,True
48,17,13/204,True,True,65/1026,True,True,True,True
48,18,11/172,True,True,11/174,True,True,True,True
48,19,67/1044,True,True,67/1062,True,True,True,True
48,20,17/264,True,True,17/270,True,True,True,True
48,21,23/356,True,True,23/366,True,True,True,True
48,22,7/108,True,True,35/558,True,True,True,True
48,23,71/1092,True,True,71/1134,True,True,True,True
48,24,3/46,True,True,1/16,True,True,True,True
48,25,73/1116,True,True,73/1170,False,False,True,True
48,26,37/564,True,True,37/594,False,False,True,True
48,27,5/76,True,True,25/402,False,False,True,True
48,28,19/288,True,True,19/306,False,False,True,True
48,29,77/1164,True,True,77/1242,False,False,True,True
48,30,13/196,True,True,13/210,False,False,True,True
48,31,79/1188,True,True,79/1278,False,False,True,True
48,32,1/15,True,True,5/81,False,False,True,True
48,33,27/404,True,True,9/146,False,False,True,True
48,34,41/612,True,True,41/666,False,False,True,True
48,35,83/1236,True,True,83/1350,False,False,True,True
48,36,7/104,True,True,7/114,False,False,True,True
48,37,17/252,True,True,85/1386,False,False,True,True
48,38,43/636,True,True,43/702,False,False,True,True
48,39,29/428,True,True,29/474,False,False,True,True
48,40,11/162,True,True,11/180,False,False,True,True
48,41,89/1308,True,True,89/1458,False,False,True,True
48,42,3/44,True,True,5/82,False,False,True,True
48,43,91/1332,True,True,91/1494,False,False,True,True
48,44,23/336,True,True,23/378,False,False,True,True
48,45,31/452,True,True,31/510,False,False,True,True
48,46,47/684,True,True,47/774,False,False,True,True
48,47,19/276,True,True,95/1566,False,False,True,True
48,48,2/29,True,True,2/33,False,False,True,True
48,49,97/1404,True,True,97/1602,False,False,True,True
48,50,49/708,True,True,49/810,False,False,True,True
48,51,33/476,True,True,11/182,False,False,True,True
48,52,5/72,True,True,25/414,False,False,True,True
48,53,101/1452,True,True,101/1674,False,False,True,True
48,54,17/244,True,True,17/282,False,False,True,True
48,55,103/1476,True,True,103/1710,False,False,True,True
48,56,13/186,True,True,13/216,False,False,True,True
48,57,7/100,True,True,35/582,False,False,True,True
48,58,53/756,True,True,53/882,False,False,True,True
48,59,107/1524,True,True,107/1782,False,False,True,True
48,60,9/128,True,True,3/50,False,False,True,True
48,61,109/1548,True,True,109/1818,False,False,True,True
48,62,11/156,True,True,55/918,False,False,True,True
48,63,37/524,True,True,37/618,False,False,True,True
48,64,7/99,True,True,7/117,False,False,True,True
49,0,1/17,False,False,1/15,True,True,True,True
49,1,10/169,False,False,50/753,True,True,True,True
49,2,51/857,False,False,17/257,True,True,True,True
49,3,52/869,False,False,52/789,True,True,True,True
49,4,53/881,False,False,53/807,True,True,True,True
49,5,54/893,False,False,18/275,True,True,True,True
49,6,11/181,False,False,55/843,True,True,True,True
49,7,8/131,False,False,8/123,True,True,True,True
49,8,57/929,False,False,19/293,True,True,True,True
49,9,58/941,False,False,58/897,True,True,True,True
49,10,59/953,False,False,59/915,True,True,True,True
49,11,12/193,False,False,20/311,True,True,True,True
49,12,61/977,False,False,61/951,True,True,True,True
49,13,62/989,True,True,62/969,True,True,True,True
49,14,9/143,True,True,3/47,True,True,True,True
49,15,64/1013,True,True,64/1005,True,True,True,True
49,16,13/205,True,True,65/1023,True,True,True,True
49,17,66/1037,True,True,22/347,True,True,True,True
49,18,67/1049,True,True,67/1059,True,True,True,True
49,19,68/1061,True,True,68/1077,True,True,True,True
49,20,69/1073,True,True,23/365,True,True,True,True
49,21,2/31,True,True,10/159,True,True,True,True
49,22,71/1097,True,True,71/1131,True,True,True,True
49,23,72/1109,True,True,24/383,True,True,True,True
49,24,73/1121,True,True,73/1167,True,True,True,True
49,25,74/1133,True,True,74/1185,False,False,True,True
49,26,15/229,True,True,25/401,False,False,True,True
49,27,76/1157,True,True,76/1221,False,False,True,True
49,28,11/167,True,True,11/177,False,False,True,True
49,29,78/1181,True,True,26/419,False,False,True,True
49,30,79/1193,True,True,79/1275,False,False,True,True
49,31,16/241,True,True,80/1293,False,False,True,True
49,32,81/1217,True,True,27/437,False,False,True,True
49,33,82/1229,True,True,82/1329,False,False,True,True
49,34,83/1241,True,True,83/1347,False,False,True,True
49,35,12/179,True,True,4/65,False,False,True,True
49,36,17/253,True,True,85/1383,False,False,True,True
49,37,86/1277,True,True,86/1401,False,False,True,True
49,38,87/1289,True,True,29/473,False,False,True,True
49,39,88/1301,True,True,88/1437,False,False,True,True
49,40,89/1313,True,True,89/1455,False,False,True,True
49,41,18/265,True,True,30/491,False,False,True,True
49,42,13/191,True,True,13/213,False,False,True,True
49,43,92/1349,True,True,92/1509,False,False,True,True
49,44,93/1361,True,True,31/509,False,False,True,True
49,45,94/1373,True,True,94/1545,False,False,True,True
49,46,19/277,True,True,95/1563,False,False,True,True
49,47,96/1397,True,True,32/527,False,False,True,True
49,48,97/1409,True,True,97/1599,False,False,True,True
49,49,2/29,True,True,2/33,False,False,True,True
49,50,99/1433,True,True,33/545,False,False,True,True
49,51,20/289,True,True,100/1653,False,False,True,True
49,52,101/1457,True,True,101/1671,False,False,True,True
49,53,102/1469,True,True,34/563,False,False,True,True
49,54,103/1481,True,True,103/1707,False,False,True,True
49,55,104/1493,True,True,104/1725,False,False,True,True
49,56,3/43,True,True,5/83,False,False,True,True
49,57,106/1517,True,True,106/1761,False,False,True,True
49,58,107/1529,True,True,107/1779,False,False,True,True
49,59,108/1541,True,True,36/599,False,False,True,True
49,60,109/1553,True,True,109/1815,False,False,True,True
49,61,22/313,True,True,110/1833,False,False,True,True
49,62,111/1577,True,True,37/617,False,False,True,True
49,63,16/227,True,True,16/267,False,False,True,True
49,64,113/1601,True,True,113/1887,False,False,True,True
50,0,1/17,False,False,1/15,True,True,True,True
50,1,51/862,False,False,17/256,True,True,True,True
50,2,26/437,False,False,26/393,True,True,True,True
50,3,53/886,False,False,53/804,True,True,True,True
50,4,27/449,False,False,9/137,True,True,True,True
50,5,11/182,False,False,11/168,True,True,True,True
50,6,28/461,False,False,28/429,True,True,True,True
50,7,57/934,False,False,19/292,True,True,True,True
50,8,29/473,False,False,29/447,True,True,True,True
50,9,59/958,False,False,59/912,True,True,True,True
50,10,6/97,False,False,2/31,True,True,True,True
50,11,61/982,False,False,61/948,True,True,True,True
50,12,31/497,False,False,31/483,True,True,True,True
50,13,63/1006,True,True,21/328,True,True,True,True
50,14,32/509,True,True,32/501,True,True,True,True
50,15,13/206,True,True,13/204,True,True,True,True
50,16,33/521,True,True,11/173,True,True,True,True
50,17,67/1054,True,True,67/1056,True,True,True,True
50,18,34/533,True,True,34/537,True,True,True,True
50,19,69/1078,True,True,23/364,True,True,True,True
50,20,7/109,True,True,7/111,True,True,True,True
50,21,71/1102,True,True,71/1128,True,True,True,True
50,22,36/557,True,True,12/191,True,True,True,True
50,23,73/1126,True,True,73/1164,True,True,True,True
50,24,37/569,True,True,37/591,True,True,True,True
50,25,3/46,True,True,1/16,True,True,True,True
50,26,38/581,True,True,38/609,False,False,True,True
50,27,77/1174,True,True,77/1236,False,False,True,True
50,28,39/593,True,True,13/209,False,False,True,True
50,29,79/1198,True,True,79/1272,False,False,True,True
50,30,8/121,True,True,8/129,False,False,True,True
50,31,81/1222,True,True,27/436,False,False,True,True
50,32,41/617,True,True,41/663,False,False,True,True
50,33,83/1246,True,True,83/1344,False,False,True,True
50,34,42/629,True,True,14/227,False,False,True,True
50,35,17/254,True,True,17/276,False,False,True,True
50,36,43/641,True,True,43/699,False,False,True,True
50,37,87/1294,True,True,29/472,False,False,True,True
50,38,44/653,True,True,44/717,False,False,True,True
50,39,89/1318,True,True,89/1452,False,False,True,True
50,40,9/133,True,True,3/49,False,False,True,True
50,41,91/1342,True,True,91/1488,False,False,True,True
50,42,46/677,True,True,46/753,False,False,True,True
50,43,93/1366,True,True,31/508,False,False,True,True
50,44,47/689,True,True,47/771,False,False,True,True
50,45,19/278,True,True,19/312,False,False,True,True
50,46,48/701,True,True,16/263,False,False,True,True
50,47,97/1414,True,True,97/1596,False,False,True,True
50,48,49/713,True,True,49/807,False,False,True,True
50,49,99/1438,True,True,33/544,False,False,True,True
50,50,2/29,True,True,2/33,False,False,True,True
50,51,101/1462,True,True,101/1668,False,False,True,True
50,52,51/737,True,True,17/281,False,False,True,True
50,53,103/1486,True,True,103/1704,False,False,True,True
50,54,52/749,True,True,52/861,False,False,True,True
50,55,21/302,True,True,7/116,False,False,True,True
50,56,53/761,True,True,53/879,False,False,True,True
50,57,107/1534,True,True,107/1776,False,False,True,True
50,58,54/773,True,True,18/299,False,False,True,True
50,59,109/1558,True,True,109/1812,False,False,True,True
50,60,11/157,True,True,11/183,False,False,True,True
50,61,111/1582,True,True,37/616,False,False,True,True
50,62,56/797,True,True,56/933,False,False,True,True
50,63,113/1606,True,True,113/1884,False,False,True,True
50,64,57/809,True,True,19/317,False,False,True,True
51,0,1/17,False,False,1/15,True,True,True,True
51,1,52/879,False,False,52/783,True,True,True,True
51,2,53/891,False,False,53/801,True,True,True,True
51,3,18/301,False,False,6/91,True,True,True,True
51,4,11/183,False,False,55/837,True,True,True,True
51,5,56/927,False,False,56/855,True,True,True,True
51,6,19/313,False,False,19/291,True,True,True,True
51,7,58/951,False,False,58/891,True,True,True,True
51,8,59/963,False,False,59/909,True,True,True,True
51,9,4/65,False,False,20/309,True,True,True,True
51,10,61/987,False,False,61/945,True,True,True,True
51,11,62/999,False,False,62/963,True,True,True,True
51,12,21/337,False,False,7/109,True,True,True,True
51,13,64/1023,True,True,64/999,True,True,True,True
51,14,13/207,True,True,65/1017,True,True,True,True
51,15,22/349,True,True,22/345,True,True,True,True
51,16,67/1059,True,True,67/1053,True,True,True,True
51,17,4/63,True,True,4/63,True,True,True,True
51,18,23/361,True,True,23/363,True,True,True,True
51,19,14/219,True,True,70/1107,True,True,True,True
51,20,71/1107,True,True,71/1125,True,True,True,True
51,21,24/373,True,True,8/127,True,True,True,True
51,22,73/1131,True,True,73/1161,True,True,True,True
51,23,74/1143,True,True,74/1179,True,True,True,True
51,24,5/77,True,True,25/399,True,True,True,True
51,25,76/1167,True,True,76/1215,True,True,True,True
51,26,77/1179,True,True,77/1233,False,False,True,True
51,27,26/397,True,True,26/417,False,False,True,True
51,28,79/1203,True,True,79/1269,False,False,True,True
51,29,16/243,True,True,80/1287,False,False,True,True
51,30,27/409,True,True,9/145,False,False,True,True
51,31,82/1239,True,True,82/1323,False,False,True,True
51,32,83/1251,True,True,83/1341,False,False,True,True
51,33,28/421,True,True,28/453,False,False,True,True
51,34,1/15,True,True,5/81,False,False,True,True
51,35,86/1287,True,True,86/1395,False,False,True,True
51,36,29/433,True,True,29/471,False,False,True,True
51,37,88/1311,True,True,88/1431,False,False,True,True
51,38,89/1323,True,True,89/1449,False,False,True,True
51,39,6/89,True,True,10/163,False,False,True,True
51,40,91/1347,True,True,91/1485,False,False,True,True
51,41,92/1359,True,True,92/1503,False,False,True,True
51,42,31/457,True,True,31/507,False,False,True,True
51,43,94/1383,True,True,94/1539,False,False,True,True
51,44,19/279,True,True,95/1557,False,False,True,True
51,45,32/469,True,True,32/525,False,False,True,True
51,46,97/1419,True,True,97/1593,False,False,True,True
51,47,98/1431,True,True,98/1611,False,False,True,True
51,48,33/481,True,True,11/181,False,False,True,True
51,49,20/291,True,True,100/1647,False,False,True,True
51,50,101/1467,True,True,101/1665,False,False,True,True
51,51,2/29,True,True,2/33,False,False,True,True
51,52,103/1491,True,True,103/1701,False,False,True,True
51,53,104/1503,True,True,104/1719,False,False,True,True
51,54,7/101,True,True,35/579,False,False,True,True
51,55,106/1527,True,True,106/1755,False,False,True,True
51,56,107/1539,True,True,107/1773,False,False,True,True
51,57,36/517,True,True,12/199,False,False,True,True
51,58,109/1563,True,True,109/1809,False,False,True,True
51,59,22/315,True,True,110/1827,False,False,True,True
51,60,37/529,True,True,37/615,False,False,True,True
51,61,112/1599,True,True,112/1863,False,False,True,True
51,62,113/1611,True,True,113/1881,False,False,True,True
51,63,38/541,True,True,38/633,False,False,True,True
51,64,23/327,True,True,115/1917,False,False,True,True
52,0,1/17,False,False,1/15,True,True,True,True
52,1,53/896,False,False,53/798,True,True,True,True
52,2,27/454,False,False,9/136,True,True,True,True
52,3,11/184,False,False,55/834,True,True,True,True
52,4,14/233,False,False,14/213,True,True,True,True
52,5,57/944,False,False,19/290,True,True,True,True
52,6,29/478,False,False,29/444,True,True,True,True
52,7,59/968,False,False,59/906,True,True,True,True
52,8,3/49,False,False,5/77,True,True,True,True
52,9,61/992,False,False,61/942,True,True,True,True
52,10,31/502,False,False,31/480,True,True,True,True
52,11,63/1016,False,False,21/326,True,True,True,True
52,12,16/257,False,False,16/249,True,True,True,True
52,13,1/16,True,True,5/78,True,True,True,True
52,14,33/526,True,True,11/172,True,True,True,True
52,15,67/1064,True,True,67/1050,True,True,True,True
52,16,17/269,True,True,17/267,True,True,True,True
52,17,69/1088,True,True,23/362,True,True,True,True
52,18,7/110,True,True,35/552,True,True,True,True
52,19,71/1112,True,True,71/1122,True,True,True,True
52,20,18/281,True,True,6/95,True,True,True,True
52,21,73/1136,True,True,73/1158,True,True,True,True
52,22,37/574,True,True,37/588,True,True,True,True
52,23,15/232,True,True,25/398,True,True,True,True
52,24,19/293,True,True,19/303,True,True,True,True
52,25,77/1184,True,True,77/1230,True,True,True,True
52,26,3/46,True,True,1/16,True,True,True,True
52,27,79/1208,True,True,79/1266,False,False,True,True
52,28,4/61,True,True,20/321,False,False,True,True
52,29,81/1232,True,True,27/434,False,False,True,True
52,30,41/622,True,True,41/660,False,False,True,True
52,31,83/1256,True,True,83/1338,False,False,True,True
52,32,21/317,True,True,7/113,False,False,True,True
52,33,17/256,True,True,85/1374,False,False,True,True
52,34,43/646,True,True,43/696,False,False,True,True
52,35,87/1304,True,True,29/470,False,False,True,True
52,36,22/329,True,True,22/357,False,False,True,True
52,37,89/1328,True,True,89/1446,False,False,True,True
52,38,9/134,True,True,15/244,False,False,True,True
52,39,7/104,True,True,7/114,False,False,True,True
52,40,23/341,True,True,23/375,False,False,True,True
52,41,93/1376,True,True,31/506,False,False,True,True
52,42,47/694,True,True,47/768,False,False,True,True
52,43,19/280,True,True,95/1554,False,False,True,True
52,44,24/353,True,True,8/131,False,False,True,True
52,45,97/1424,True,True,97/1590,False,False,True,True
52,46,49/718,True,True,49/804,False,False,True,True
52,47,99/1448,True,True,33/542,False,False,True,True
52,48,5/73,True,True,25/411,False,False,True,True
52,49,101/1472,True,True,101/1662,False,False,True,True
52,50,51/742,True,True,17/280,False,False,True,True
52,51,103/1496,True,True,103/1698,False,False,True,True
52,52,2/29,True,True,2/33,False,False,True,True
52,53,21/304,True,True,35/578,False,False,True,True
52,54,53/766,True,True,53/876,False,False,True,True
52,55,107/1544,True,True,107/1770,False,False,True,True
52,56,27/389,True,True,9/149,False,False,True,True
52,57,109/1568,True,True,109/1806,False,False,True,True
52,58,11/158,True,True,55/912,False,False,True,True
52,59,111/1592,True,True,37/614,False,False,True,True
52,60,28/401,True,True,28/465,False,False,True,True
52,61,113/1616,True,True,113/1878,False,False,True,True
52,62,57/814,True,True,19/316,False,False,True,True
52,63,23/328,True,True,115/1914,False,False,True,True
52,64,29/413,True,True,29/483,False,False,True,True
53,0,1/17,False,False,1/15,True,True,True,True
53,1,54/913,False,False,18/271,True,True,True,True
53,2,11/185,False,False,55/831,True,True,True,True
53,3,56/937,False,False,56/849,True,True,True,True
53,4,57/949,False,False,19/289,True,True,True,True
53,5,58/961,False,False,58/885,True,True,True,True
53,6,59/973,False,False,59/903,True,True,True,True
53,7,12/197,False,False,20/307,True,True,True,True
53,8,61/997,False,False,61/939,True,True,True,True
53,9,62/1009,False,False,62/957,True,True,True,True
53,10,63/1021,False,False,21/325,True,True,True,True
53,11,64/1033,False,False,64/993,True,True,True,True
53,12,13/209,False,False,65/1011,True,True,True,True
53,13,66/1057,False,False,22/343,True,True,True,True
53,14,67/1069,True,True,67/1047,True,True,True,True
53,15,68/1081,True,True,68/1065,True,True,True,True
53,16,69/1093,True,True,23/361,True,True,True,True
53,17,14/221,True,True,70/1101,True,True,True,True
53,18,71/1117,True,True,71/1119,True,True,True,True
53,19,72/1129,True,True,24/379,True,True,True,True
53,20,73/1141,True,True,73/1155,True,True,True,True
53,21,74/1153,True,True,74/1173,True,True,True,True
53,22,15/233,True,True,25/397,True,True,True,True
53,23,76/1177,True,True,76/1209,True,True,True,True
53,24,77/1189,True,True,77/1227,True,True,True,True
53,25,78/1201,True,True,26/415,True,True,True,True
53,26,79/1213,True,True,79/1263,True,True,True,True
53,27,16/245,True,True,80/1281,False,False,True,True
53,28,81/1237,True,True,27/433,False,False,True,True
53,29,82/1249,True,True,82/1317,False,False,True,True
53,30,83/1261,True,True,83/1335,False,False,True,True
53,31,84/1273,True,True,28/451,False,False,True,True
53,32,17/257,True,True,85/1371,False,False,True,True
53,33,86/1297,True,True,86/1389,False,False,True,True
53,34,87/1309,True,True,29/469,False,False,True,True
53,35,88/1321,True,True,88/1425,False,False,True,True
53,36,89/1333,True,True,89/1443,False,False,True,True
53,37,18/269,True,True,30/487,False,False,True,True
53,38,91/1357,True,True,91/1479,False,False,True,True
53,39,92/1369,True,True,92/1497,False,False,True,True
53,40,93/1381,True,True,31/505,False,False,True,True
53,41,94/1393,True,True,94/1533,False,False,True,True
53,42,19/281,True,True,95/1551,False,False,True,True
53,43,96/1417,True,True,32/523,False,False,True,True
53,44,97/1429,True,True,97/1587,False,False,True,True
53,45,98/1441,True,True,98/1605,False,False,True,True
53,46,99/1453,True,True,33/541,False,False,True,True
53,47,20/293,True,True,100/1641,False,False,True,True
53,48,101/1477,True,True,101/1659,False,False,True,True
53,49,102/1489,True,True,34/559,False,False,True,True
53,50,103/1501,True,True,103/1695,False,False,True,True
53,51,104/1513,True,True,104/1713,False,False,True,True
53,52,21/305,True,True,35/577,False,False,True,True
53,53,2/29,True,True,2/33,False,False,True,True
53,54,107/1549,True,True,107/1767,False,False,True,True
53,55,108/1561,True,True,36/595,False,False,True,True
53,56,109/1573,True,True,109/1803,False,False,True,True
53,57,22/317,True,True,110/1821,False,False,True,True
53,58,111/1597,True,True,37/613,False,False,True,True
53,59,112/1609,True,True,112/1857,False,False,True,True
53,60,113/1621,True,True,113/1875,False,False,True,True
53,61,114/1633,True,True,38/631,False,False,True,True
53,62,23/329,True,True,115/1911,False,False,True,True
53,63,116/1657,True,True,116/1929,False,False,True,True
53,64,117/1669,True,True,39/649,False,False,True,True
54,0,1/17,False,False,1/15,True,True,True,True
54,1,11/186,False,False,55/828,True,True,True,True
54,2,28/471,False,False,28/423,True,True,True,True
54,3,19/318,False,False,19/288,True,True,True,True
54,4,29/483,False,False,29/441,True,True,True,True
54,5,59/978,False,False,59/900,True,True,True,True
54,6,2/33,False,False,10/153,True,True,True,True
54,7,61/1002,False,False,61/936,True,True,True,True
54,8,31/507,False,False,31/477,True,True,True,True
54,9,7/114,False,False,7/108,True,True,True,True
54,10,32/519,False,False,32/495,True,True,True,True
54,11,13/210,False,False,65/1008,True,True,True,True
54,12,11/177,False,False,11/171,True,True,True,True
54,13,67/1074,False,False,67/1044,True,True,True,True
54,14,34/543,True,True,34/531,True,True,True,True
54,15,23/366,True,True,23/360,True,True,True,True
54,16,7/111,True,True,35/549,True,True,True,True
54,17,71/1122,True,True,71/1116,True,True,True,True
54,18,4/63,True,True,4/63,True,True,True,True
54,19,73/1146,True,True,73/1152,True,True,True,True
54,20,37/579,True,True,37/585,True,True,True,True
54,21,5/78,True,True,25/396,True,True,True,True
54,22,38/591,True,True,38/603,True,True,True,True
54,23,77/1194,True,True,77/1224,True,True,True,True
54,24,13/201,True,True,13/207,True,True,True,True
54,25,79/1218,True,True,79/1260,True,True,True,True
54,26,8/123,True,True,40/639,True,True,True,True
54,27,3/46,True,True,1/16,True,True,True,True
54,28,41/627,True,True,41/657,False,False,True,True
54,29,83/1266,True,True,83/1332,False,False,True,True
54,30,14/213,True,True,14/225,False,False,True,True
54,31,17/258,True,True,85/1368,False,False,True,True
54,32,43/651,True,True,43/693,False,False,True,True
54,33,29/438,True,True,29/468,False,False,True,True
54,34,44/663,True,True,44/711,False,False,True,True
54,35,89/1338,True,True,89/1440,False,False,True,True
54,36,1/15,True,True,5/81,False,False,True,True
54,37,91/1362,True,True,91/1476,False,False,True,True
54,38,46/687,True,True,46/747,False,False,True,True
54,39,31/462,True,True,31/504,False,False,True,True
54,40,47/699,True,True,47/765,False,False,True,True
54,41,19/282,True,True,95/1548,False,False,True,True
54,42,16/237,True,True,16/261,False,False,True,True
54,43,97/1434,True,True,97/1584,False,False,True,True
54,44,49/723,True,True,49/801,False,False,True,True
54,45,11/162,True,True,11/180,False,False,True,True
54,46,10/147,True,True,50/819,False,False,True,True
54,47,101/1482,True,True,101/1656,False,False,True,True
54,48,17/249,True,True,17/279,False,False,True,True
54,49,103/1506,True,True,103/1692,False,False,True,True
54,50,52/759,True,True,52/855,False,False,True,True
54,51,7/102,True,True,35/576,False,False,True,True
54,52,53/771,True,True,53/873,False,False,True,True
54,53,107/1554,True,True,107/1764,False,False,True,True
54,54,2/29,True,True,2/33,False,False,True,True
54,55,109/1578,True,True,109/1800,False,False,True,True
54,56,11/159,True,True,55/909,False,False,True,True
54,57,37/534,True,True,37/612,False,False,True,True
54,58,56/807,True,True,56/927,False,False,True,True
54,59,113/1626,True,True,113/1872,False,False,True,True
54,60,19/273,True,True,19/315,False,False,True,True
54,61,23/330,True,True,115/1908,False,False,True,True
54,62,58/831,True,True,58/963,False,False,True,True
54,63,13/186,True,True,13/216,False,False,True,True
54,64,59/843,True,True,59/981,False,False,True,True
55,0,1/17,False,False,1/15,True,True,True,True
55,1,56/947,False,False,56/843,True,True,True,True
55,2,57/959,False,False,19/287,True,True,True,True
55,3,58/971,False,False,58/879,True,True,True,True
55,4,59/983,False,False,59/897,True,True,True,True
55,5,12/199,False,False,4/61,True,True,True,True
55,6,61/1007,False,False,61/933,True,True,True,True
55,7,62/1019,False,False,62/951,True,True,True,True
55,8,63/1031,False,False,21/323,True,True,True,True
55,9,64/1043,False,False,64/987,True,True,True,True
55,10,13/211,False,False,13/201,True,True,True,True
55,11,6/97,False,False,2/31,True,True,True,True
55,12,67/1079,False,False,67/1041,True,True,True,True
55,13,68/1091,False,False,68/1059,True,True,True,True
55,14,69/1103,True,True,23/359,True,True,True,True
55,15,14/223,True,True,14/219,True,True,True,True
55,16,71/1127,True,True,71/1113,True,True,True,True
55,17,72/1139,True,True,24/377,True,True,True,True
55,18,73/1151,True,True,73/1149,True,True,True,True
55,19,74/1163,True,True,74/1167,True,True,True,True
55,20,3/47,True,True,5/79,True,True,True,True
55,21,76/1187,True,True,76/1203,True,True,True,True
55,22,7/109,True,True,7/111,True,True,True,True
55,23,78/1211,True,True,26/413,True,True,True,True
55,24,79/1223,True,True,79/1257,True,True,True,True
55,25,16/247,True,True,16/255,True,True,True,True
55,26,81/1247,True,True,27/431,True,True,True,True
55,27,82/1259,True,True,82/1311,True,True,True,True
55,28,83/1271,True,True,83/1329,False,False,True,True
55,29,84/1283,True,True,28/449,False,False,True,True
55,30,17/259,True,True,17/273,False,False,True,True
55,31,86/1307,True,True,86/1383,False,False,True,True
55,32,87/1319,True,True,29/467,False,False,True,True
55,33,8/121,True,True,8/129,False,False,True,True
55,34,89/1343,True,True,89/1437,False,False,True,True
55,35,18/271,True,True,6/97,False,False,True,True
55,36,91/1367,True,True,91/1473,False,False,True,True
55,37,92/1379,True,True,92/1491,False,False,True,True
55,38,93/1391,True,True,31/503,False,False,True,True
55,39,94/1403,True,True,94/1527,False,False,True,True
55,40,19/283,True,True,19/309,False,False,True,True
55,41,96/1427,True,True,32/521,False,False,True,True
55,42,97/1439,True,True,97/1581,False,False,True,True
55,43,98/1451,True,True,98/1599,False,False,True,True
55,44,9/133,True,True,3/49,False,False,True,True
55,45,4/59,True,True,20/327,False,False,True,True
55,46,101/1487,True,True,101/1653,False,False,True,True
55,47,102/1499,True,True,34/557,False,False,True,True
55,48,103/1511,True,True,103/1689,False,False,True,True
55,49,104/1523,True,True,104/1707,False,False,True,True
55,50,21/307,True,True,7/115,False,False,True,True
55,51,106/1547,True,True,106/1743,False,False,True,True
55,52,107/1559,True,True,107/1761,False,False,True,True
55,53,108/1571,True,True,36/593,False,False,True,True
55,54,109/1583,True,True,109/1797,False,False,True,True
55,55,2/29,True,True,2/33,False,False,True,True
55,56,111/1607,True,True,37/611,False,False,True,True
55,57,112/1619,True,True,112/1851,False,False,True,True
55,58,113/1631,True,True,113/1869,False,False,True,True
55,59,114/1643,True,True,38/629,False,False,True,True
55,60,23/331,True,True,23/381,False,False,True,True
55,61,116/1667,True,True,116/1923,False,False,True,True
55,62,117/1679,True,True,39/647,False,False,True,True
55,63,118/1691,True,True,118/1959,False,False,True,True
55,64,119/1703,True,True,119/1977,False,False,True,True
56,0,1/17,False,False,1/15,True,True,True,True
56,1,57/964,False,False,19/286,True,True,True,True
56,2,29/488,False,False,29/438,True,True,True,True
56,3,59/988,False,False,59/894,True,True,True,True
56,4,3/50,False,False,5/76,True,True,True,True
56,5,61/1012,False,False,61/930,True,True,True,True
56,6,31/512,False,False,31/474,True,True,True,True
56,7,9/148,False,False,3/46,True,True,True,True
56,8,8/131,False,False,8/123,True,True,True,True
56,9,13/212,False,False,65/1002,True,True,True,True
56,10,33/536,False,False,11/170,True,True,True,True
56,11,67/1084,False,False,67/1038,True,True,True,True
56,12,17/274,False,False,17/264,True,True,True,True
56,13,69/1108,False,False,23/358,True,True,True,True
56,14,1/16,True,True,5/78,True,True,True,True
56,15,71/1132,True,True,71/1110,True,True,True,True
56,16,9/143,True,True,3/47,True,True,True,True
56,17,73/1156,True,True,73/1146,True,True,True,True
56,18,37/584,True,True,37/582,True,True,True,True
56,19,15/236,True,True,25/394,True,True,True,True
56,20,19/298,True,True,19/300,True,True,True,True
56,21,11/172,True,True,11/174,True,True,True,True
56,22,39/608,True,True,13/206,True,True,True,True
56,23,79/1228,True,True,79/1254,True,True,True,True
56,24,2/31,True,True,10/159,True,True,True,True
56,25,81/1252,True,True,27/430,True,True,True,True
56,26,41/632,True,True,41/654,True,True,True,True
56,27,83/1276,True,True,83/1326,True,True,True,True
56,28,3/46,True,True,1/16,True,True,True,True
56,29,17/260,True,True,85/1362,False,False,True,True
56,30,43/656,True,True,43/690,False,False,True,True
56,31,87/1324,True,True,29/466,False,False,True,True
56,32,11/167,True,True,11/177,False,False,True,True
56,33,89/1348,True,True,89/1434,False,False,True,True
56,34,9/136,True,True,15/242,False,False,True,True
56,35,13/196,True,True,13/210,False,False,True,True
56,36,23/346,True,True,23/372,False,False,True,True
56,37,93/1396,True,True,31/502,False,False,True,True
56,38,47/704,True,True,47/762,False,False,True,True
56,39,19/284,True,True,95/1542,False,False,True,True
56,40,12/179,True,True,4/65,False,False,True,True
56,41,97/1444,True,True,97/1578,False,False,True,True
56,42,7/104,True,True,7/114,False,False,True,True
56,43,99/1468,True,True,33/538,False,False,True,True
56,44,5/74,True,True,25/408,False,False,True,True
56,45,101/1492,True,True,101/1650,False,False,True,True
56,46,51/752,True,True,17/278,False,False,True,True
56,47,103/1516,True,True,103/1686,False,False,True,True
56,48,13/191,True,True,13/213,False,False,True,True
56,49,3/44,True,True,5/82,False,False,True,True
56,50,53/776,True,True,53/870,False,False,True,True
56,51,107/1564,True,True,107/1758,False,False,True,True
56,52,27/394,True,True,9/148,False,False,True,True
56,53,109/1588,True,True,109/1794,False,False,True,True
56,54,11/160,True,True,55/906,False,False,True,True
56,55,111/1612,True,True,37/610,False,False,True,True
56,56,2/29,True,True,2/33,False,False,True,True
56,57,113/1636,True,True,113/1866,False,False,True,True
56,58,57/824,True,True,19/314,False,False,True,True
56,59,23/332,True,True,115/1902,False,False,True,True
56,60,29/418,True,True,29/480,False,False,True,True
56,61,117/1684,True,True,39/646,False,False,True,True
56,62,59/848,True,True,59/978,False,False,True,True
56,63,17/244,True,True,17/282,False,False,True,True
56,64,3/43,True,True,5/83,False,False,True,True
57,0,1/17,False,False,1/15,True,True,True,True
57,1,58/981,False,False,58/873,True,True,True,True
57,2,59/993,False,False,59/891,True,True,True,True
57,3,4/67,False,False,20/303,True,True,True,True
57,4,61/1017,False,False,61/927,True,True,True,True
57,5,62/1029,False,False,62/945,True,True,True,True
57,6,21/347,False,False,7/107,True,True,True,True
57,7,64/1053,False,False,64/981,True,True,True,True
57,8,13/213,False,False,65/999,True,True,True,True
57,9,22/359,False,False,22/339,True,True,True,True
57,10,67/1089,False,False,67/1035,True,True,True,True
57,11,68/1101,False,False,68/1053,True,True,True,True
57,12,23/371,False,False,23/357,True,True,True,True
57,13,14/225,False,False,70/1089,True,True,True,True
57,14,71/1137,False,False,71/1107,True,True,True,True
57,15,24/383,True,True,8/125,True,True,True,True
57,16,73/1161,True,True,73/1143,True,True,True,True
57,17,74/1173,True,True,74/1161,True,True,True,True
57,18,5/79,True,True,25/393,True,True,True,True
57,19,4/63,True,True,4/63,True,True,True,True
57,20,77/1209,True,True,77/1215,True,True,True,True
57,21,26/407,True,True,26/411,True,True,True,True
57,22,79/1233,True,True,79/1251,True,True,True,True
57,23,16/249,True,True,80/1269,True,True,True,True
57,24,27/419,True,True,9/143,True,True,True,True
57,25,82/1269,True,True,82/1305,True,True,True,True
57,26,83/1281,True,True,83/1323,True,True,True,True
57,27,28/431,True,True,28/447,True,True,True,True
57,28,17/261,True,True,85/1359,True,True,True,True
57,29,86/1317,True,True,86/1377,False,False,True,True
57,30,29/443,True,True,29/465,False,False,True,True
57,31,88/1341,True,True,88/1413,False,False,True,True
57,32,89/1353,True,True,89/1431,False,False,True,True
57,33,6/91,True,True,10/161,False,False,True,True
57,34,91/1377,True,True,91/1467,False,False,True,True
57,35,92/1389,True,True,92/1485,False,False,True,True
57,36,31/467,True,True,31/501,False,False,True,True
57,37,94/1413,True,True,94/1521,False,False,True,True
57,38,1/15,True,True,5/81,False,False,True,True
57,39,32/479,True,True,32/519,False,False,True,True
57,40,97/1449,True,True,97/1575,False,False,True,True
57,41,98/1461,True,True,98/1593,False,False,True,True
57,42,33/491,True,True,11/179,False,False,True,True
57,43,20/297,True,True,100/1629,False,False,True,True
57,44,101/1497,True,True,101/1647,False,False,True,True
57,45,34/503,True,True,34/555,False,False,True,True
57,46,103/1521,True,True,103/1683,False,False,True,True
57,47,104/1533,True,True,104/1701,False,False,True,True
57,48,7/103,True,True,35/573,False,False,True,True
57,49,106/1557,True,True,106/1737,False,False,True,True
57,50,107/1569,True,True,107/1755,False,False,True,True
57,51,36/527,True,True,12/197,False,False,True,True
57,52,109/1593,True,True,109/1791,False,False,True,True
57,53,22/321,True,True,110/1809,False,False,True,True
57,54,37/539,True,True,37/609,False,False,True,True
57,55,112/1629,True,True,112/1845,False,False,True,True
57,56,113/1641,True,True,113/1863,False,False,True,True
57,57,2/29,True,True,2/33,False,False,True,True
57,58,23/333,True,True,115/1899,False,False,True,True
57,59,116/1677,True,True,116/1917,False,False,True,True
57,60,39/563,True,True,13/215,False,False,True,True
57,61,118/1701,True,True,118/1953,False,False,True,True
57,62,119/1713,True,True,119/1971,False,False,True,True
57,63,8/115,True,True,40/663,False,False,True,True
57,64,121/1737,True,True,121/2007,False,False,True,True
58,0,1/17,False,False,1/15,True,True,True,True
58,1,59/998,False,False,59/888,True,True,True,True
58,2,6/101,False,False,10/151,True,True,True,True
58,3,61/1022,False,False,61/924,True,True,True,True
58,4,31/517,False,False,31/471,True,True,True,True
58,5,63/1046,False,False,21/320,True,True,True,True
58,6,32/529,False,False,32/489,True,True,True,True
58,7,13/214,False,False,65/996,True,True,True,True
58,8,33/541,False,False,11/169,True,True,True,True
58,9,67/1094,False,False,67/1032,True,True,True,True
58,10,34/553,False,False,34/525,True,True,True,True
58,11,69/1118,False,False,23/356,True,True,True,True
58,12,7/113,False,False,35/543,True,True,True,True
58,13,71/1142,False,False,71/1104,True,True,True,True
58,14,36/577,False,False,12/187,True,True,True,True
58,15,73/1166,True,True,73/1140,True,True,True,True
58,16,37/589,True,True,37/579,True,True,True,True
58,17,15/238,True,True,25/392,True,True,True,True
58,18,38/601,True,True,38/597,True,True,True,True
58,19,77/1214,True,True,77/1212,True,True,True,True
58,20,39/613,True,True,13/205,True,True,True,True
58,21,79/1238,True,True,79/1248,True,True,True,True
58,22,8/125,True,True,40/633,True,True,True,True
58,23,81/1262,True,True,27/428,True,True,True,True
58,24,41/637,True,True,41/651,True,True,True,True
58,25,83/1286,True,True,83/1320,True,True,True,True
58,26,42/649,True,True,14/223,True,True,True,True
58,27,17/262,True,True,85/1356,True,True,True,True
58,28,43/661,True,True,43/687,True,True,True,True
58,29,3/46,True,True,1/16,True,True,True,True
58,30,44/673,True,True,44/705,False,False,True,True
58,31,89/1358,True,True,89/1428,False,False,True,True
58,32,9/137,True,True,15/241,False,False,True,True
58,33,91/1382,True,True,91/1464,False,False,True,True
58,34,46/697,True,True,46/741,False,False,True,True
58,35,93/1406,True,True,31/500,False,False,True,True
58,36,47/709,True,True,47/759,False,False,True,True
58,37,19/286,True,True,95/1536,False,False,True,True
58,38,48/721,True,True,16/259,False,False,True,True
58,39,97/1454,True,True,97/1572,False,False,True,True
58,40,49/733,True,True,49/795,False,False,True,True
58,41,99/1478,True,True,33/536,False,False,True,True
58,42,10/149,True,True,50/813,False,False,True,True
58,43,101/1502,True,True,101/1644,False,False,True,True
58,44,51/757,True,True,17/277,False,False,True,True
58,45,103/1526,True,True,103/1680,False,False,True,True
58,46,52/769,True,True,52/849,False,False,True,True
58,47,21/310,True,True,35/572,False,False,True,True
58,48,53/781,True,True,53/867,False,False,True,True
58,49,107/1574,True,True,107/1752,False,False,True,True
58,50,54/793,True,True,18/295,False,False,True,True
58,51,109/1598,True,True,109/1788,False,False,True,True
58,52,11/161,True,True,55/903,False,False,True,True
58,53,111/1622,True,True,37/608,False,False,True,True
58,54,56/817,True,True,56/921,False,False,True,True
58,55,113/1646,True,True,113/1860,False,False,True,True
58,56,57/829,True,True,19/313,False,False,True,True
58,57,23/334,True,True,115/1896,False,False,True,True
58,58,2/29,True,True,2/33,False,False,True,True
58,59,117/1694,True,True,39/644,False,False,True,True
58,60,59/853,True,True,59/975,False,False,True,True
58,61,119/1718,True,True,119/1968,False,False,True,True
58,62,12/173,True,True,20/331,False,False,True,True
58,63,121/1742,True,True,121/2004,False,False,True,True
58,64,61/877,True,True,61/1011,False,False,True,True
59,0,1/17,False,False,1/15,True,True,True,True
59,1,12/203,False,False,20/301,True,True,True,True
59,2,61/1027,False,False,61/921,True,True,True,True
59,3,62/1039,False,False,62/939,True,True,True,True
59,4,63/1051,False,False,21/319,True,True,True,True
59,5,64/1063,False,False,64/975,True,True,True,True
59,6,13/215,False,False,65/993,True,True,True,True
59,7,66/1087,False,False,22/337,True,True,True,True
59,8,67/1099,False,False,67/1029,True,True,True,True
59,9,68/1111,False,False,68/1047,True,True,True,True
59,10,69/1123,False,False,23/355,True,True,True,True
59,11,14/227,False,False,70/1083,True,True,True,True
59,12,71/1147,False,False,71/1101,True,True,True,True
59,13,72/1159,False,False,24/373,True,True,True,True
59,14,73/1171,False,False,73/1137,True,True,True,True
59,15,74/1183,True,True,74/1155,True,True,True,True
59,16,15/239,True,True,25/391,True,True,True,True
59,17,76/1207,True,True,76/1191,True,True,True,True
59,18,77/1219,True,True,77/1209,True,True,True,True
59,19,78/1231,True,True,26/409,True,True,True,True
59,20,79/1243,True,True,79/1245,True,True,True,True
59,21,16/251,True,True,80/1263,True,True,True,True
59,22,81/1267,True,True,27/427,True,True,True,True
59,23,82/1279,True,True,82/1299,True,True,True,True
59,24,83/1291,True,True,83/1317,True,True,True,True
59,25,84/1303,True,True,28/445,True,True,True,True
59,26,17/263,True,True,85/1353,True,True,True,True
59,27,86/1327,True,True,86/1371,True,True,True,True
59,28,87/1339,True,True,29/463,True,True,True,True
59,29,88/1351,True,True,88/1407,True,True,True,True
59,30,89/1363,True,True,89/1425,False,False,True,True
59,31,18/275,True,True,30/481,False,False,True,True
59,32,91/1387,True,True,91/1461,False,False,True,True
59,33,92/1399,True,True,92/1479,False,False,True,True
59,34,93/1411,True,True,31/499,False,False,True,True
59,35,94/1423,True,True,94/1515,False,False,True,True
59,36,19/287,True,True,95/1533,False,False,True,True
59,37,96/1447,True,True,32/517,False,False,True,True
59,38,97/1459,True,True,97/1569,False,False,True,True
59,39,98/1471,True,True,98/1587,False,False,True,True
59,40,99/1483,True,True,33/535,False,False,True,True
59,41,20/299,True,True,100/1623,False,False,True,True
59,42,101/1507,True,True,101/1641,False,False,True,True
59,43,102/1519,True,True,34/553,False,False,True,True
59,44,103/1531,True,True,103/1677,False,False,True,True
59,45,104/1543,True,True,104/1695,False,False,True,True
59,46,21/311,True,True,35/571,False,False,True,True
59,47,106/1567,True,True,106/1731,False,False,True,True
59,48,107/1579,True,True,107/1749,False,False,True,True
59,49,108/1591,True,True,36/589,False,False,True,True
59,50,109/1603,True,True,109/1785,False,False,True,True
59,51,22/323,True,True,110/1803,False,False,True,True
59,52,111/1627,True,True,37/607,False,False,True,True
59,53,112/1639,True,True,112/1839,False,False,True,True
59,54,113/1651,True,True,113/1857,False,False,True,True
59,55,114/1663,True,True,38/625,False,False,True,True
59,56,23/335,True,True,115/1893,False,False,True,True
59,57,116/1687,True,True,116/1911,False,False,True,True
59,58,117/1699,True,True,39/643,False,False,True,True
59,59,2/29,True,True,2/33,False,False,True,True
59,60,119/1723,True,True,119/1965,False,False,True,True
59,61,24/347,True,True,40/661,False,False,True,True
59,62,121/1747,True,True,121/2001,False,False,True,True
59,63,122/1759,True,True,122/2019,False,False,True,True
59,64,123/1771,True,True,41/679,False,False,True,True
60,0,1/17,False,False,1/15,True,True,True,True
60,1,61/1032,False,False,61/918,True,True,True,True
60,2,31/522,False,False,31/468,True,True,True,True
60,3,21/352,False,False,7/106,True,True,True,True
60,4,16/267,False,False,16/243,True,True,True,True
60,5,13/216,False,False,13/198,True,True,True,True
60,6,11/182,False,False,11/168,True,True,True,True
60,7,67/1104,False,False,67/1026,True,True,True,True
60,8,17/279,False,False,17/261,True,True,True,True
60,9,23/376,False,False,23/354,True,True,True,True
60,10,7/114,False,False,7/108,True,True,True,True
60,11,71/1152,False,False,71/1098,True,True,True,True
60,12,6/97,False,False,2/31,True,True,True,True
60,13,73/1176,False,False,73/1134,True,True,True,True
60,14,37/594,False,False,37/576,True,True,True,True
60,15,1/16,True,True,5/78,True,True,True,True
60,16,19/303,True,True,19/297,True,True,True,True
60,17,77/1224,True,True,77/1206,True,True,True,True
60,18,13/206,True,True,13/204,True,True,True,True
60,19,79/1248,True,True,79/1242,True,True,True,True
60,20,4/63,True,True,4/63,True,True,True,True
60,21,27/424,True,True,9/142,True,True,True,True
60,22,41/642,True,True,41/648,True,True,True,True
60,23,83/1296,True,True,83/1314,True,True,True,True
60,24,7/109,True,True,7/111,True,True,True,True
60,25,17/264,True,True,17/270,True,True,True,True
60,26,43/666,True,True,43/684,True,True,True,True
60,27,29/448,True,True,29/462,True,True,True,True
60,28,22/339,True,True,22/351,True,True,True,True
60,29,89/1368,True,True,89/1422,True,True,True,True
60,30,3/46,True,True,1/16,True,True,True,True
60,31,91/1392,True,True,91/1458,False,False,True,True
60,32,23/351,True,True,23/369,False,False,True,True
60,33,31/472,True,True,31/498,False,False,True,True
60,34,47/714,True,True,47/756,False,False,True,True
60,35,19/288,True,True,19/306,False,False,True,True
60,36,8/121,True,True,8/129,False,False,True,True
60,37,97/1464,True,True,97/1566,False,False,True,True
60,38,49/738,True,True,49/792,False,False,True,True
60,39,33/496,True,True,11/178,False,False,True,True
60,40,1/15,True,True,5/81,False,False,True,True
60,41,101/1512,True,True,101/1638,False,False,True,True
60,42,17/254,True,True,17/276,False,False,True,True
60,43,103/1536,True,True,103/1674,False,False,True,True
60,44,26/387,True,True,26/423,False,False,True,True
60,45,7/104,True,True,7/114,False,False,True,True
60,46,53/786,True,True,53/864,False,False,True,True
60,47,107/1584,True,True,107/1746,False,False,True,True
60,48,9/133,True,True,3/49,False,False,True,True
60,49,109/1608,True,True,109/1782,False,False,True,True
60,50,11/162,True,True,11/180,False,False,True,True
60,51,37/544,True,True,37/606,False,False,True,True
60,52,28/411,True,True,28/459,False,False,True,True
60,53,113/1656,True,True,113/1854,False,False,True,True
60,54,19/278,True,True,19/312,False,False,True,True
60,55,23/336,True,True,23/378,False,False,True,True
60,56,29/423,True,True,29/477,False,False,True,True
60,57,39/568,True,True,13/214,False,False,True,True
60,58,59/858,True,True,59/972,False,False,True,True
60,59,119/1728,True,True,119/1962,False,False,True,True
60,60,2/29,True,True,2/33,False,False,True,True
60,61,121/1752,True,True,121/1998,False,False,True,True
60,62,61/882,True,True,61/1008,False,False,True,True
60,63,41/592,True,True,41/678,False,False,True,True
60,64,31/447,True,True,31/513,False,False,True,True
61,0,1/17,False,False,1/15,True,True,True,True
61,1,62/1049,False,False,62/933,True,True,True,True
61,2,63/1061,False,False,21/317,True,True,True,True
61,3,64/1073,False,False,64/969,True,True,True,True
61,4,13/217,False,False,65/987,True,True,True,True
61,5,66/1097,False,False,22/335,True,True,True,True
61,6,67/1109,False,False,67/1023,True,True,True,True
61,7,68/1121,False,False,68/1041,True,True,True,True
61,8,69/1133,False,False,23/353,True,True,True,True
61,9,14/229,False,False,70/1077,True,True,True,True
61,10,71/1157,False,False,71/1095,True,True,True,True
61,11,72/1169,False,False,24/371,True,True,True,True
61,12,73/1181,False,False,73/1131,True,True,True,True
61,13,74/1193,False,False,74/1149,True,True,True,True
61,14,15/241,False,False,25/389,True,True,True,True
61,15,76/1217,False,False,76/1185,True,True,True,True
61,16,77/1229,True,True,77/1203,True,True,True,True
61,17,78/1241,True,True,26/407,True,True,True,True
61,18,79/1253,True,True,79/1239,True,True,True,True
61,19,16/253,True,True,80/1257,True,True,True,True
61,20,81/1277,True,True,27/425,True,True,True,True
61,21,82/1289,True,True,82/1293,True,True,True,True
61,22,83/1301,True,True,83/1311,True,True,True,True
61,23,84/1313,True,True,28/443,True,True,True,True
61,24,17/265,True,True,85/1347,True,True,True,True
61,25,86/1337,True,True,86/1365,True,True,True,True
61,26,87/1349,True,True,29/461,True,True,True,True
61,27,88/1361,True,True,88/1401,True,True,True,True
61,28,89/1373,True,True,89/1419,True,True,True,True
61,29,18/277,True,True,30/479,True,True,True,True
61,30,91/1397,True,True,91/1455,True,True,True,True
61,31,92/1409,True,True,92/1473,False,False,True,True
61,32,93/1421,True,True,31/497,False,False,True,True
61,33,94/1433,True,True,94/1509,False,False,True,True
61,34,19/289,True,True,95/1527,False,False,True,True
61,35,96/1457,True,True,32/515,False,False,True,True
61,36,97/1469,True,True,97/1563,False,False,True,True
61,37,98/1481,True,True,98/1581,False,False,True,True
61,38,99/1493,True,True,33/533,False,False,True,True
61,39,20/301,True,True,100/1617,False,False,True,True
61,40,101/1517,True,True,101/1635,False,False,True,True
61,41,102/1529,True,True,34/551,False,False,True,True
61,42,103/1541,True,True,103/1671,False,False,True,True
61,43,104/1553,True,True,104/1689,False,False,True,True
61,44,21/313,True,True,35/569,False,False,True,True
61,45,106/1577,True,True,106/1725,False,False,True,True
61,46,107/1589,True,True,107/1743,False,False,True,True
61,47,108/1601,True,True,36/587,False,False,True,True
61,48,109/1613,True,True,109/1779,False,False,True,True
61,49,22/325,True,True,110/1797,False,False,True,True
61,50,111/1637,True,True,37/605,False,False,True,True
61,51,112/1649,True,True,112/1833,False,False,True,True
61,52,113/1661,True,True,113/1851,False,False,True,True
61,53,114/1673,True,True,38/623,False,False,True,True
61,54,23/337,True,True,115/1887,False,False,True,True
61,55,116/1697,True,True,116/1905,False,False,True,True
61,56,117/1709,True,True,39/641,False,False,True,True
61,57,118/1721,True,True,118/1941,False,False,True,True
61,58,119/1733,True,True,119/1959,False,False,True,True
61,59,24/349,True,True,40/659,False,False,True,True
61,60,121/1757,True,True,121/1995,False,False,True,True
61,61,2/29,True,True,2/33,False,False,True,True
61,62,123/1781,True,True,41/677,False,False,True,True
61,63,124/1793,True,True,124/2049,False,False,True,True
61,64,25/361,True,True,125/2067,False,False,True,True
62,0,1/17,False,False,1/15,True,True,True,True
62,1,63/1066,False,False,21/316,True,True,True,True
62,2,32/539,False,False,32/483,True,True,True,True
62,3,13/218,False,False,65/984,True,True,True,True
62,4,33/551,False,False,11/167,True,True,True,True
62,5,67/1114,False,False,67/1020,True,True,True,True
62,6,34/563,False,False,34/519,True,True,True,True
62,7,69/1138,False,False,23/352,True,True,True,True
62,8,7/115,False,False,35/537,True,True,True,True
62,9,71/1162,False,False,71/1092,True,True,True,True
62,10,36/587,False,False,12/185,True,True,True,True
62,11,73/1186,False,False,73/1128,True,True,True,True
62,12,37/599,False,False,37/573,True,True,True,True
62,13,15/242,False,False,25/388,True,True,True,True
62,14,38/611,False,False,38/591,True,True,True,True
62,15,77/1234,False,False,77/1200,True,True,True,True
62,16,39/623,True,True,13/203,True,True,True,True
62,17,79/1258,True,True,79/1236,True,True,True,True
62,18,8/127,True,True,40/627,True,True,True,True
62,19,81/1282,True,True,27/424,True,True,True,True
62,20,41/647,True,True,41/645,True,True,True,True
62,21,83/1306,True,True,83/1308,True,True,True,True
62,22,42/659,True,True,14/221,True,True,True,True
62,23,17/266,True,True,85/1344,True,True,True,True
62,24,43/671,True,True,43/681,True,True,True,True
62,25,87/1354,True,True,29/460,True,True,True,True
62,26,44/683,True,True,44/699,True,True,True,True
62,27,89/1378,True,True,89/1416,True,True,True,True
62,28,9/139,True,True,15/239,True,True,True,True
62,29,91/1402,True,True,91/1452,True,True,True,True
62,30,46/707,True,True,46/735,True,True,True,True
62,31,3/46,True,True,1/16,True,True,True,True
62,32,47/719,True,True,47/753,False,False,True,True
62,33,19/290,True,True,95/1524,False,False,True,True
62,34,48/731,True,True,16/257,False,False,True,True
62,35,97/1474,True,True,97/1560,False,False,True,True
62,36,49/743,True,True,49/789,False,False,True,True
62,37,99/1498,True,True,33/532,False,False,True,True
62,38,10/151,True,True,50/807,False,False,True,True
62,39,101/1522,True,True,101/1632,False,False,True,True
62,40,51/767,True,True,17/275,False,False,True,True
62,41,103/1546,True,True,103/1668,False,False,True,True
62,42,52/779,True,True,52/843,False,False,True,True
62,43,21/314,True,True,35/568,False,False,True,True
62,44,53/791,True,True,53/861,False,False,True,True
62,45,107/1594,True,True,107/1740,False,False,True,True
62,46,54/803,True,True,18/293,False,False,True,True
62,47,109/1618,True,True,109/1776,False,False,True,True
62,48,11/163,True,True,55/897,False,False,True,True
62,49,111/1642,True,True,37/604,False,False,True,True
62,50,56/827,True,True,56/915,False,False,True,True
62,51,113/1666,True,True,113/1848,False,False,True,True
62,52,57/839,True,True,19/311,False,False,True,True
62,53,23/338,True,True,115/1884,False,False,True,True
62,54,58/851,True,True,58/951,False,False,True,True
62,55,117/1714,True,True,39/640,False,False,True,True
62,56,59/863,True,True,59/969,False,False,True,True
62,57,119/1738,True,True,119/1956,False,False,True,True
62,58,12/175,True,True,20/329,False,False,True,True
62,59,121/1762,True,True,121/1992,False,False,True,True
62,60,61/887,True,True,61/1005,False,False,True,True
62,61,123/1786,True,True,41/676,False,False,True,True
62,62,2/29,True,True,2/33,False,False,True,True
62,63,25/362,True,True,125/2064,False,False,True,True
62,64,63/911,True,True,21/347,False,False,True,True
63,0,1/17,False,False,1/15,True,True,True,True
63,1,64/1083,False,False,64/963,True,True,True,True
63,2,13/219,False,False,65/981,True,True,True,True
63,3,22/369,False,False,22/333,True,True,True,True
63,4,67/1119,False,False,67/1017,True,True,True,True
63,5,68/1131,False,False,68/1035,True,True,True,True
63,6,23/381,False,False,23/351,True,True,True,True
63,7,2/33,False,False,10/153,True,True,True,True
63,8,71/1167,False,False,71/1089,True,True,True,True
63,9,8/131,False,False,8/123,True,True,True,True
63,10,73/1191,False,False,73/1125,True,True,True,True
63,11,74/1203,False,False,74/1143,True,True,True,True
63,12,5/81,False,False,25/387,True,True,True,True
63,13,76/1227,False,False,76/1179,True,True,True,True
63,14,11/177,False,False,11/171,True,True,True,True
63,15,26/417,False,False,26/405,True,True,True,True
63,16,79/1263,True,True,79/1233,True,True,True,True
63,17,16/255,True,True,80/1251,True,True,True,True
63,18,9/143,True,True,3/47,True,True,True,True
63,19,82/1299,True,True,82/1287,True,True,True,True
63,20,83/1311,True,True,83/1305,True,True,True,True
63,21,4/63,True,True,4/63,True,True,True,True
63,22,17/267,True,True,85/1341,True,True,True,True
63,23,86/1347,True,True,86/1359,True,True,True,True
63,24,29/453,True,True,29/459,True,True,True,True
63,25,88/1371,True,True,88/1395,True,True,True,True
63,26,89/1383,True,True,89/1413,True,True,True,True
63,27,2/31,True,True,10/159,True,True,True,True
63,28,13/201,True,True,13/207,True,True,True,True
63,29,92/1419,True,True,92/1467,True,True,True,True
63,30,31/477,True,True,31/495,True,True,True,True
63,31,94/1443,True,True,94/1503,True,True,True,True
63,32,19/291,True,True,95/1521,False,False,True,True
63,33,32/489,True,True,32/513,False,False,True,True
63,34,97/1479,True,True,97/1557,False,False,True,True
63,35,14/213,True,True,14/225,False,False,True,True
63,36,11/167,True,True,11/177,False,False,True,True
63,37,20/303,True,True,100/1611,False,False,True,True
63,38,101/1527,True,True,101/1629,False,False,True,True
63,39,34/513,True,True,34/549,False,False,True,True
63,40,103/1551,True,True,103/1665,False,False,True,True
63,41,104/1563,True,True,104/1683,False,False,True,True
63,42,1/15,True,True,5/81,False,False,True,True
63,43,106/1587,True,True,106/1719,False,False,True,True
63,44,107/1599,True,True,107/1737,False,False,True,True
63,45,12/179,True,True,4/65,False,False,True,True
63,46,109/1623,True,True,109/1773,False,False,True,True
63,47,22/327,True,True,110/1791,False,False,True,True
63,48,37/549,True,True,37/603,False,False,True,True
63,49,16/237,True,True,16/261,False,False,True,True
63,50,113/1671,True,True,113/1845,False,False,True,True
63,51,38/561,True,True,38/621,False,False,True,True
63,52,23/339,True,True,115/1881,False,False,True,True
63,53,116/1707,True,True,116/1899,False,False,True,True
63,54,13/191,True,True,13/213,False,False,True,True
63,55,118/1731,True,True,118/1935,False,False,True,True
63,56,17/249,True,True,17/279,False,False,True,True
63,57,8/117,True,True,40/657,False,False,True,True
63,58,121/1767,True,True,121/1989,False,False,True,True
63,59,122/1779,True,True,122/2007,False,False,True,True
63,60,41/597,True,True,41/675,False,False,True,True
63,61,124/1803,True,True,124/2043,False,False,True,True
63,62,25/363,True,True,125/2061,False,False,True,True
63,63,2/29,True,True,2/33,False,False,True,True
63,64,127/1839,True,True,127/2097,False,False,True,True
64,0,1/17,False,False,1/15,True,True,True,True
64,1,13/220,False,False,65/978,True,True,True,True
64,2,33/556,False,False,11/166,True,True,True,True
64,3,67/1124,False,False,67/1014,True,True,True,True
64,4,17/284,False,False,17/258,True,True,True,True
64,5,69/1148,False,False,23/350,True,True,True,True
64,6,7/116,False,False,35/534,True,True,True,True
64,7,71/1172,False,False,71/1086,True,True,True,True
64,8,9/148,False,False,3/46,True,True,True,True
64,9,73/1196,False,False,73/1122,True,True,True,True
64,10,37/604,False,False,37/570,True,True,True,True
64,11,15/244,False,False,25/386,True,True,True,True
64,12,19/308,False,False,19/294,True,True,True,True
64,13,77/1244,False,False,77/1194,True,True,True,True
64,14,39/628,False,False,13/202,True,True,True,True
64,15,79/1268,False,False,79/1230,True,True,True,True
64,16,1/16,True,True,5/78,True,True,True,True
64,17,81/1292,True,True,27/422,True,True,True,True
64,18,41/652,True,True,41/642,True,True,True,True
64,19,83/1316,True,True,83/1302,True,True,True,True
64,20,21/332,True,True,7/110,True,True,True,True
64,21,17/268,True,True,85/1338,True,True,True,True
64,22,43/676,True,True,43/678,True,True,True,True
64,23,87/1364,True,True,29/458,True,True,True,True
64,24,11/172,True,True,11/174,True,True,True,True
64,25,89/1388,True,True,89/1410,True,True,True,True
64,26,9/140,True,True,15/238,True,True,True,True
64,27,91/1412,True,True,91/1446,True,True,True,True
64,28,23/356,True,True,23/366,True,True,True,True
64,29,93/1436,True,True,31/494,True,True,True,True
64,30,47/724,True,True,47/750,True,True,True,True
64,31,19/292,True,True,95/1518,True,True,True,True
64,32,3/46,True,True,1/16,True,True,True,True
64,33,97/1484,True,True,97/1554,False,False,True,True
64,34,49/748,True,True,49/786,False,False,True,True
64,35,99/1508,True,True,33/530,False,False,True,True
64,36,5/76,True,True,25/402,False,False,True,True
64,37,101/1532,True,True,101/1626,False,False,True,True
64,38,51/772,True,True,17/274,False,False,True,True
64,39,103/1556,True,True,103/1662,False,False,True,True
64,40,13/196,True,True,13/210,False,False,True,True
64,41,21/316,True,True,35/566,False,False,True,True
64,42,53/796,True,True,53/858,False,False,True,True
64,43,107/1604,True,True,107/1734,False,False,True,True
64,44,27/404,True,True,9/146,False,False,True,True
64,45,109/1628,True,True,109/1770,False,False,True,True
64,46,11/164,True,True,55/894,False,False,True,True
64,47,111/1652,True,True,37/602,False,False,True,True
64,48,7/104,True,True,7/114,False,False,True,True
64,49,113/1676,True,True,113/1842,False,False,True,True
64,50,57/844,True,True,19/310,False,False,True,True
64,51,23/340,True,True,115/1878,False,False,True,True
64,52,29/428,True,True,29/474,False,False,True,True
64,53,117/1724,True,True,39/638,False,False,True,True
64,54,59/868,True,True,59/966,False,False,True,True
64,55,119/1748,True,True,119/1950,False,False,True,True
64,56,3/44,True,True,5/82,False,False,True,True
64,57,121/1772,True,True,121/1986,False,False,True,True
64,58,61/892,True,True,61/1002,False,False,True,True
64,59,123/1796,True,True,41/674,False,False,True,True
64,60,31/452,True,True,31/510,False,False,True,True
64,61,25/364,True,True,125/2058,False,False,True,True
64,62,63/916,True,True,21/346,False,False,True,True
64,63,127/1844,True,True,127/2094,False,False,True,True
64,64,2/29,True,True,2/33,False,False,True,True
