fixture_id,p,q,minimal_crossing_number,tau_index,tau,channel,bandwidth,grid_size,vertex_count,edge_count,chromatic_number,odd_degree_vertex_count,odd_degree_vertex_fraction,neighbor_diagonal_sign_agreement,interior_four_spin_correlation,initial_diagonal_mismatch,effective_mode_count,polygon_length,mean_curvature,maximum_curvature,geometric_bending_energy,median_edge_length,spectral_dirichlet_energy,spectral_bending_energy
trefoil_T_2_3,2,3,3,0,0.0,curvature_density,0.1,9,82,240,4,48,0.5853658318519592,0.5714285969734192,-0.061224489795918366,0.0,40,15.79554281968955,0.8250567547802696,1.164642124606616,16.051054911180408,0.023807409041757325,8.160578438945542,204.01446097363873
trefoil_T_2_3,2,3,3,0,0.0,curvature_density,0.1,17,290,864,4,118,0.40689656138420105,0.7562500238418579,0.4311111111111111,0.0,40,15.79554281968955,0.8250567547802696,1.164642124606616,16.051054911180408,0.023807409041757325,8.160578438945542,204.01446097363873
trefoil_T_2_3,2,3,3,0,0.0,curvature_density,0.1,33,1090,3264,4,278,0.2550458610057831,0.8760080337524414,0.6670135275754423,0.0,40,15.79554281968955,0.8250567547802696,1.164642124606616,16.051054911180408,0.023807409041757325,8.160578438945542,204.01446097363873
trefoil_T_2_3,2,3,3,0,0.0,curvature_density,0.1,65,4226,12672,4,542,0.12825366854667664,0.9384921193122864,0.8508440413202318,0.0,40,15.79554281968955,0.8250567547802696,1.164642124606616,16.051054911180408,0.023807409041757325,8.160578438945542,204.01446097363873
trefoil_T_2_3,2,3,3,0,0.0,curvature_density,0.18,9,82,240,4,48,0.5853658318519592,0.6071428656578064,-0.061224489795918366,0.0,40,15.79554281968955,0.8250567547802696,1.164642124606616,16.051054911180408,0.023807409041757325,8.160578438945542,204.01446097363873
trefoil_T_2_3,2,3,3,0,0.0,curvature_density,0.18,17,290,864,4,112,0.38620689511299133,0.8041667342185974,0.48444444444444446,0.0,40,15.79554281968955,0.8250567547802696,1.164642124606616,16.051054911180408,0.023807409041757325,8.160578438945542,204.01446097363873
trefoil_T_2_3,2,3,3,0,0.0,curvature_density,0.18,33,1090,3264,4,220,0.20183485746383667,0.9072580337524414,0.7877211238293446,0.0,40,15.79554281968955,0.8250567547802696,1.164642124606616,16.051054911180408,0.023807409041757325,8.160578438945542,204.01446097363873
trefoil_T_2_3,2,3,3,0,0.0,curvature_density,0.18,65,4226,12672,4,466,0.11026975512504578,0.9527530074119568,0.889140841521794,0.0,40,15.79554281968955,0.8250567547802696,1.164642124606616,16.051054911180408,0.023807409041757325,8.160578438945542,204.01446097363873
trefoil_T_2_3,2,3,3,0,0.0,signed_turning,0.1,9,82,240,4,40,0.4878048598766327,0.5446428656578064,0.26530612244897955,0.0,40,15.79554281968955,0.8250567547802696,1.164642124606616,16.051054911180408,0.023807409041757325,8.160578438945542,204.01446097363873
trefoil_T_2_3,2,3,3,0,0.0,signed_turning,0.1,17,290,864,4,118,0.40689656138420105,0.7770833969116211,0.4311111111111111,0.0,40,15.79554281968955,0.8250567547802696,1.164642124606616,16.051054911180408,0.023807409041757325,8.160578438945542,204.01446097363873
trefoil_T_2_3,2,3,3,0,0.0,signed_turning,0.1,33,1090,3264,4,244,0.2238532155752182,0.8845765590667725,0.7377731529656608,0.0,40,15.79554281968955,0.8250567547802696,1.164642124606616,16.051054911180408,0.023807409041757325,8.160578438945542,204.01446097363873
trefoil_T_2_3,2,3,3,0,0.0,signed_turning,0.1,65,4226,12672,4,514,0.12162801623344421,0.941964328289032,0.8649533887629126,0.0,40,15.79554281968955,0.8250567547802696,1.164642124606616,16.051054911180408,0.023807409041757325,8.160578438945542,204.01446097363873
trefoil_T_2_3,2,3,3,0,0.0,signed_turning,0.18,9,82,240,4,44,0.5365853309631348,0.598214328289032,0.1020408163265306,0.0,40,15.79554281968955,0.8250567547802696,1.164642124606616,16.051054911180408,0.023807409041757325,8.160578438945542,204.01446097363873
trefoil_T_2_3,2,3,3,0,0.0,signed_turning,0.18,17,290,864,4,102,0.35172414779663086,0.8041667342185974,0.5733333333333334,0.0,40,15.79554281968955,0.8250567547802696,1.164642124606616,16.051054911180408,0.023807409041757325,8.160578438945542,204.01446097363873
trefoil_T_2_3,2,3,3,0,0.0,signed_turning,0.18,33,1090,3264,4,210,0.19266055524349213,0.9037297964096069,0.8085327783558793,0.0,40,15.79554281968955,0.8250567547802696,1.164642124606616,16.051054911180408,0.023807409041757325,8.160578438945542,204.01446097363873
trefoil_T_2_3,2,3,3,0,0.0,signed_turning,0.18,65,4226,12672,4,438,0.10364411026239395,0.9525049924850464,0.9032501889644747,0.0,40,15.79554281968955,0.8250567547802696,1.164642124606616,16.051054911180408,0.023807409041757325,8.160578438945542,204.01446097363873
trefoil_T_2_3,2,3,3,1,0.0003,curvature_density,0.1,9,82,240,4,48,0.5853658318519592,0.5714285969734192,-0.061224489795918366,0.0,38,15.758882529349439,0.8280136681130406,1.1640204011203408,16.082165270673453,0.0238924290156309,8.079712432876093,197.4790976419885
trefoil_T_2_3,2,3,3,1,0.0003,curvature_density,0.1,17,290,864,4,118,0.40689656138420105,0.7562500238418579,0.4311111111111111,0.0,38,15.758882529349439,0.8280136681130406,1.1640204011203408,16.082165270673453,0.0238924290156309,8.079712432876093,197.4790976419885
trefoil_T_2_3,2,3,3,1,0.0003,curvature_density,0.1,33,1090,3264,4,280,0.2568807303905487,0.875,0.6628511966701354,0.0009765625,38,15.758882529349439,0.8280136681130406,1.1640204011203408,16.082165270673453,0.0238924290156309,8.079712432876093,197.4790976419885
trefoil_T_2_3,2,3,3,1,0.0003,curvature_density,0.1,65,4226,12672,4,544,0.12872692942619324,0.9383680820465088,0.8498362307886118,0.001953125,38,15.758882529349439,0.8280136681130406,1.1640204011203408,16.082165270673453,0.0238924290156309,8.079712432876093,197.4790976419885
trefoil_T_2_3,2,3,3,1,0.0003,curvature_density,0.18,9,82,240,4,48,0.5853658318519592,0.6071428656578064,-0.061224489795918366,0.0,38,15.758882529349439,0.8280136681130406,1.1640204011203408,16.082165270673453,0.0238924290156309,8.079712432876093,197.4790976419885
trefoil_T_2_3,2,3,3,1,0.0003,curvature_density,0.18,17,290,864,4,112,0.38620689511299133,0.8041667342185974,0.48444444444444446,0.0,38,15.758882529349439,0.8280136681130406,1.1640204011203408,16.082165270673453,0.0238924290156309,8.079712432876093,197.4790976419885
trefoil_T_2_3,2,3,3,1,0.0003,curvature_density,0.18,33,1090,3264,4,220,0.20183485746383667,0.9072580337524414,0.7877211238293446,0.0009765625,38,15.758882529349439,0.8280136681130406,1.1640204011203408,16.082165270673453,0.0238924290156309,8.079712432876093,197.4790976419885
trefoil_T_2_3,2,3,3,1,0.0003,curvature_density,0.18,65,4226,12672,4,466,0.11026975512504578,0.9527530074119568,0.889140841521794,0.00048828125,38,15.758882529349439,0.8280136681130406,1.1640204011203408,16.082165270673453,0.0238924290156309,8.079712432876093,197.4790976419885
trefoil_T_2_3,2,3,3,1,0.0003,signed_turning,0.1,9,82,240,4,40,0.4878048598766327,0.5446428656578064,0.26530612244897955,0.0,38,15.758882529349439,0.8280136681130406,1.1640204011203408,16.082165270673453,0.0238924290156309,8.079712432876093,197.4790976419885
trefoil_T_2_3,2,3,3,1,0.0003,signed_turning,0.1,17,290,864,4,118,0.40689656138420105,0.7770833969116211,0.4311111111111111,0.0,38,15.758882529349439,0.8280136681130406,1.1640204011203408,16.082165270673453,0.0238924290156309,8.079712432876093,197.4790976419885
trefoil_T_2_3,2,3,3,1,0.0003,signed_turning,0.1,33,1090,3264,4,242,0.22201834619045258,0.8845765590667725,0.7419354838709679,0.0029296875,38,15.758882529349439,0.8280136681130406,1.1640204011203408,16.082165270673453,0.0238924290156309,8.079712432876093,197.4790976419885
trefoil_T_2_3,2,3,3,1,0.0003,signed_turning,0.1,65,4226,12672,4,516,0.12210127711296082,0.9417163133621216,0.8639455782312926,0.00244140625,38,15.758882529349439,0.8280136681130406,1.1640204011203408,16.082165270673453,0.0238924290156309,8.079712432876093,197.4790976419885
trefoil_T_2_3,2,3,3,1,0.0003,signed_turning,0.18,9,82,240,4,44,0.5365853309631348,0.598214328289032,0.1020408163265306,0.0,38,15.758882529349439,0.8280136681130406,1.1640204011203408,16.082165270673453,0.0238924290156309,8.079712432876093,197.4790976419885
trefoil_T_2_3,2,3,3,1,0.0003,signed_turning,0.18,17,290,864,4,102,0.35172414779663086,0.8041667342185974,0.5733333333333334,0.00390625,38,15.758882529349439,0.8280136681130406,1.1640204011203408,16.082165270673453,0.0238924290156309,8.079712432876093,197.4790976419885
trefoil_T_2_3,2,3,3,1,0.0003,signed_turning,0.18,33,1090,3264,4,212,0.19449540972709656,0.9037297964096069,0.8043704474505724,0.0009765625,38,15.758882529349439,0.8280136681130406,1.1640204011203408,16.082165270673453,0.0238924290156309,8.079712432876093,197.4790976419885
trefoil_T_2_3,2,3,3,1,0.0003,signed_turning,0.18,65,4226,12672,4,440,0.10411737114191055,0.9525049924850464,0.9022423784328547,0.0009765625,38,15.758882529349439,0.8280136681130406,1.1640204011203408,16.082165270673453,0.0238924290156309,8.079712432876093,197.4790976419885
trefoil_T_2_3,2,3,3,2,0.001,curvature_density,0.1,9,82,240,4,48,0.5853658318519592,0.5714285969734192,-0.061224489795918366,0.0,36,15.676713713000861,0.8347536506046449,1.1638818201792158,16.151084509901274,0.024086550265010682,7.902432875040279,183.79456087543713
trefoil_T_2_3,2,3,3,2,0.001,curvature_density,0.1,17,290,864,4,118,0.40689656138420105,0.7562500238418579,0.4311111111111111,0.0,36,15.676713713000861,0.8347536506046449,1.1638818201792158,16.151084509901274,0.024086550265010682,7.902432875040279,183.79456087543713
trefoil_T_2_3,2,3,3,2,0.001,curvature_density,0.1,33,1090,3264,4,278,0.2550458610057831,0.875,0.6670135275754423,0.0048828125,36,15.676713713000861,0.8347536506046449,1.1638818201792158,16.151084509901274,0.024086550265010682,7.902432875040279,183.79456087543713
trefoil_T_2_3,2,3,3,2,0.001,curvature_density,0.1,65,4226,12672,4,548,0.12967345118522644,0.9381200671195984,0.8478206097253718,0.0048828125,36,15.676713713000861,0.8347536506046449,1.1638818201792158,16.151084509901274,0.024086550265010682,7.902432875040279,183.79456087543713
trefoil_T_2_3,2,3,3,2,0.001,curvature_density,0.18,9,82,240,4,48,0.5853658318519592,0.6071428656578064,-0.061224489795918366,0.0,36,15.676713713000861,0.8347536506046449,1.1638818201792158,16.151084509901274,0.024086550265010682,7.902432875040279,183.79456087543713
trefoil_T_2_3,2,3,3,2,0.001,curvature_density,0.18,17,290,864,4,112,0.38620689511299133,0.8041667342185974,0.48444444444444446,0.00390625,36,15.676713713000861,0.8347536506046449,1.1638818201792158,16.151084509901274,0.024086550265010682,7.902432875040279,183.79456087543713
trefoil_T_2_3,2,3,3,2,0.001,curvature_density,0.18,33,1090,3264,4,222,0.2036697268486023,0.9072580337524414,0.7835587929240375,0.001953125,36,15.676713713000861,0.8347536506046449,1.1638818201792158,16.151084509901274,0.024086550265010682,7.902432875040279,183.79456087543713
trefoil_T_2_3,2,3,3,2,0.001,curvature_density,0.18,65,4226,12672,4,466,0.11026975512504578,0.9525049924850464,0.889140841521794,0.00244140625,36,15.676713713000861,0.8347536506046449,1.1638818201792158,16.151084509901274,0.024086550265010682,7.902432875040279,183.79456087543713
trefoil_T_2_3,2,3,3,2,0.001,signed_turning,0.1,9,82,240,4,40,0.4878048598766327,0.535714328289032,0.26530612244897955,0.015625,36,15.676713713000861,0.8347536506046449,1.1638818201792158,16.151084509901274,0.024086550265010682,7.902432875040279,183.79456087543713
trefoil_T_2_3,2,3,3,2,0.001,signed_turning,0.1,17,290,864,4,120,0.41379308700561523,0.768750011920929,0.41333333333333333,0.00390625,36,15.676713713000861,0.8347536506046449,1.1638818201792158,16.151084509901274,0.024086550265010682,7.902432875040279,183.79456087543713
trefoil_T_2_3,2,3,3,2,0.001,signed_turning,0.1,33,1090,3264,4,242,0.22201834619045258,0.8845765590667725,0.7419354838709679,0.005859375,36,15.676713713000861,0.8347536506046449,1.1638818201792158,16.151084509901274,0.024086550265010682,7.902432875040279,183.79456087543713
trefoil_T_2_3,2,3,3,2,0.001,signed_turning,0.1,65,4226,12672,4,520,0.12304779887199402,0.9413443207740784,0.8619299571680525,0.006103515625,36,15.676713713000861,0.8347536506046449,1.1638818201792158,16.151084509901274,0.024086550265010682,7.902432875040279,183.79456087543713
trefoil_T_2_3,2,3,3,2,0.001,signed_turning,0.18,9,82,240,4,44,0.5365853309631348,0.598214328289032,0.1020408163265306,0.0,36,15.676713713000861,0.8347536506046449,1.1638818201792158,16.151084509901274,0.024086550265010682,7.902432875040279,183.79456087543713
trefoil_T_2_3,2,3,3,2,0.001,signed_turning,0.18,17,290,864,4,102,0.35172414779663086,0.8041667342185974,0.5733333333333334,0.00390625,36,15.676713713000861,0.8347536506046449,1.1638818201792158,16.151084509901274,0.024086550265010682,7.902432875040279,183.79456087543713
trefoil_T_2_3,2,3,3,2,0.001,signed_turning,0.18,33,1090,3264,4,216,0.1981651335954666,0.9027217626571655,0.7960457856399584,0.001953125,36,15.676713713000861,0.8347536506046449,1.1638818201792158,16.151084509901274,0.024086550265010682,7.902432875040279,183.79456087543713
trefoil_T_2_3,2,3,3,2,0.001,signed_turning,0.18,65,4226,12672,4,442,0.10459063202142715,0.9523810148239136,0.9012345679012347,0.00341796875,36,15.676713713000861,0.8347536506046449,1.1638818201792158,16.151084509901274,0.024086550265010682,7.902432875040279,183.79456087543713
trefoil_T_2_3,2,3,3,3,0.003,curvature_density,0.1,9,82,240,4,48,0.5853658318519592,0.5714285969734192,-0.061224489795918366,0.0,31,15.463861779106335,0.8529141224192338,1.1756432227590197,16.322795819807745,0.024606082127041483,7.467245085197183,153.53082393643402
trefoil_T_2_3,2,3,3,3,0.003,curvature_density,0.1,17,290,864,4,118,0.40689656138420105,0.7520833611488342,0.4311111111111111,0.01171875,31,15.463861779106335,0.8529141224192338,1.1756432227590197,16.322795819807745,0.024606082127041483,7.467245085197183,153.53082393643402
trefoil_T_2_3,2,3,3,3,0.003,curvature_density,0.1,33,1090,3264,4,274,0.2513761520385742,0.8760080337524414,0.6753381893860563,0.01171875,31,15.463861779106335,0.8529141224192338,1.1756432227590197,16.322795819807745,0.024606082127041483,7.467245085197183,153.53082393643402
trefoil_T_2_3,2,3,3,3,0.003,curvature_density,0.1,65,4226,12672,4,560,0.13251301646232605,0.9371280074119568,0.8417737465356514,0.01611328125,31,15.463861779106335,0.8529141224192338,1.1756432227590197,16.322795819807745,0.024606082127041483,7.467245085197183,153.53082393643402
trefoil_T_2_3,2,3,3,3,0.003,curvature_density,0.18,9,82,240,4,48,0.5853658318519592,0.6071428656578064,-0.061224489795918366,0.0,31,15.463861779106335,0.8529141224192338,1.1756432227590197,16.322795819807745,0.024606082127041483,7.467245085197183,153.53082393643402
trefoil_T_2_3,2,3,3,3,0.003,curvature_density,0.18,17,290,864,4,112,0.38620689511299133,0.8041667342185974,0.48444444444444446,0.0078125,31,15.463861779106335,0.8529141224192338,1.1756432227590197,16.322795819807745,0.024606082127041483,7.467245085197183,153.53082393643402
trefoil_T_2_3,2,3,3,3,0.003,curvature_density,0.18,33,1090,3264,4,222,0.2036697268486023,0.90625,0.7835587929240375,0.0078125,31,15.463861779106335,0.8529141224192338,1.1756432227590197,16.322795819807745,0.024606082127041483,7.467245085197183,153.53082393643402
trefoil_T_2_3,2,3,3,3,0.003,curvature_density,0.18,65,4226,12672,4,474,0.11216279864311218,0.952256977558136,0.8851095993953138,0.013671875,31,15.463861779106335,0.8529141224192338,1.1756432227590197,16.322795819807745,0.024606082127041483,7.467245085197183,153.53082393643402
trefoil_T_2_3,2,3,3,3,0.003,signed_turning,0.1,9,82,240,4,40,0.4878048598766327,0.535714328289032,0.26530612244897955,0.015625,31,15.463861779106335,0.8529141224192338,1.1756432227590197,16.322795819807745,0.024606082127041483,7.467245085197183,153.53082393643402
trefoil_T_2_3,2,3,3,3,0.003,signed_turning,0.1,17,290,864,4,120,0.41379308700561523,0.768750011920929,0.41333333333333333,0.00390625,31,15.463861779106335,0.8529141224192338,1.1756432227590197,16.322795819807745,0.024606082127041483,7.467245085197183,153.53082393643402
trefoil_T_2_3,2,3,3,3,0.003,signed_turning,0.1,33,1090,3264,4,246,0.22568807005882263,0.8845765590667725,0.7336108220603539,0.0146484375,31,15.463861779106335,0.8529141224192338,1.1756432227590197,16.322795819807745,0.024606082127041483,7.467245085197183,153.53082393643402
trefoil_T_2_3,2,3,3,3,0.003,signed_turning,0.1,65,4226,12672,4,514,0.12162801623344421,0.941096305847168,0.8649533887629126,0.015380859375,31,15.463861779106335,0.8529141224192338,1.1756432227590197,16.322795819807745,0.024606082127041483,7.467245085197183,153.53082393643402
trefoil_T_2_3,2,3,3,3,0.003,signed_turning,0.18,9,82,240,4,42,0.5121951103210449,0.5803571939468384,0.18367346938775508,0.015625,31,15.463861779106335,0.8529141224192338,1.1756432227590197,16.322795819807745,0.024606082127041483,7.467245085197183,153.53082393643402
trefoil_T_2_3,2,3,3,3,0.003,signed_turning,0.18,17,290,864,4,102,0.35172414779663086,0.8020833730697632,0.5733333333333334,0.0078125,31,15.463861779106335,0.8529141224192338,1.1756432227590197,16.322795819807745,0.024606082127041483,7.467245085197183,153.53082393643402
trefoil_T_2_3,2,3,3,3,0.003,signed_turning,0.18,33,1090,3264,4,220,0.20183485746383667,0.9022176861763,0.7877211238293446,0.0078125,31,15.463861779106335,0.8529141224192338,1.1756432227590197,16.322795819807745,0.024606082127041483,7.467245085197183,153.53082393643402
trefoil_T_2_3,2,3,3,3,0.003,signed_turning,0.18,65,4226,12672,4,446,0.10553715378046036,0.9521329998970032,0.8992189468379945,0.007568359375,31,15.463861779106335,0.8529141224192338,1.1756432227590197,16.322795819807745,0.024606082127041483,7.467245085197183,153.53082393643402
trefoil_T_2_3,2,3,3,4,0.01,curvature_density,0.1,9,82,240,4,46,0.5609756112098694,0.5714285969734192,0.02040816326530612,0.015625,24,14.886657475564508,0.9065644878368193,1.213787578114094,16.714629247619243,0.02595413734697169,6.440414736067594,97.0619844648308
trefoil_T_2_3,2,3,3,4,0.01,curvature_density,0.1,17,290,864,4,120,0.41379308700561523,0.7437500357627869,0.41333333333333333,0.02734375,24,14.886657475564508,0.9065644878368193,1.213787578114094,16.714629247619243,0.02595413734697169,6.440414736067594,97.0619844648308
trefoil_T_2_3,2,3,3,4,0.01,curvature_density,0.1,33,1090,3264,4,274,0.2513761520385742,0.8714717626571655,0.6753381893860563,0.04296875,24,14.886657475564508,0.9065644878368193,1.213787578114094,16.714629247619243,0.02595413734697169,6.440414736067594,97.0619844648308
trefoil_T_2_3,2,3,3,4,0.01,curvature_density,0.1,65,4226,12672,4,554,0.13109323382377625,0.935763955116272,0.8447971781305116,0.04443359375,24,14.886657475564508,0.9065644878368193,1.213787578114094,16.714629247619243,0.02595413734697169,6.440414736067594,97.0619844648308
trefoil_T_2_3,2,3,3,4,0.01,curvature_density,0.18,9,82,240,4,50,0.6097560524940491,0.5892857313156128,-0.14285714285714285,0.03125,24,14.886657475564508,0.9065644878368193,1.213787578114094,16.714629247619243,0.02595413734697169,6.440414736067594,97.0619844648308
trefoil_T_2_3,2,3,3,4,0.01,curvature_density,0.18,17,290,864,4,110,0.37931033968925476,0.8083333969116211,0.5022222222222222,0.03125,24,14.886657475564508,0.9065644878368193,1.213787578114094,16.714629247619243,0.02595413734697169,6.440414736067594,97.0619844648308
trefoil_T_2_3,2,3,3,4,0.01,curvature_density,0.18,33,1090,3264,4,220,0.20183485746383667,0.9077620506286621,0.7877211238293446,0.0283203125,24,14.886657475564508,0.9065644878368193,1.213787578114094,16.714629247619243,0.02595413734697169,6.440414736067594,97.0619844648308
trefoil_T_2_3,2,3,3,4,0.01,curvature_density,0.18,65,4226,12672,4,468,0.11074301600456238,0.9528770446777344,0.8881330309901739,0.035888671875,24,14.886657475564508,0.9065644878368193,1.213787578114094,16.714629247619243,0.02595413734697169,6.440414736067594,97.0619844648308
trefoil_T_2_3,2,3,3,4,0.01,signed_turning,0.1,9,82,240,4,42,0.5121951103210449,0.5178571939468384,0.18367346938775508,0.03125,24,14.886657475564508,0.9065644878368193,1.213787578114094,16.714629247619243,0.02595413734697169,6.440414736067594,97.0619844648308
trefoil_T_2_3,2,3,3,4,0.01,signed_turning,0.1,17,290,864,4,126,0.43448275327682495,0.7604166865348816,0.36,0.02734375,24,14.886657475564508,0.9065644878368193,1.213787578114094,16.714629247619243,0.02595413734697169,6.440414736067594,97.0619844648308
trefoil_T_2_3,2,3,3,4,0.01,signed_turning,0.1,33,1090,3264,4,258,0.236697256565094,0.8815523982048035,0.7086368366285121,0.0283203125,24,14.886657475564508,0.9065644878368193,1.213787578114094,16.714629247619243,0.02595413734697169,6.440414736067594,97.0619844648308
trefoil_T_2_3,2,3,3,4,0.01,signed_turning,0.1,65,4226,12672,4,524,0.12399432063102722,0.9403522610664368,0.8599143361048124,0.035400390625,24,14.886657475564508,0.9065644878368193,1.213787578114094,16.714629247619243,0.02595413734697169,6.440414736067594,97.0619844648308
trefoil_T_2_3,2,3,3,4,0.01,signed_turning,0.18,9,82,240,4,42,0.5121951103210449,0.5803571939468384,0.18367346938775508,0.015625,24,14.886657475564508,0.9065644878368193,1.213787578114094,16.714629247619243,0.02595413734697169,6.440414736067594,97.0619844648308
trefoil_T_2_3,2,3,3,4,0.01,signed_turning,0.18,17,290,864,4,108,0.3724137842655182,0.7979167103767395,0.52,0.0234375,24,14.886657475564508,0.9065644878368193,1.213787578114094,16.714629247619243,0.02595413734697169,6.440414736067594,97.0619844648308
trefoil_T_2_3,2,3,3,4,0.01,signed_turning,0.18,33,1090,3264,4,216,0.1981651335954666,0.9032257795333862,0.7960457856399584,0.0244140625,24,14.886657475564508,0.9065644878368193,1.213787578114094,16.714629247619243,0.02595413734697169,6.440414736067594,97.0619844648308
trefoil_T_2_3,2,3,3,4,0.01,signed_turning,0.18,65,4226,12672,4,450,0.10648366808891296,0.9517609477043152,0.8972033257747545,0.01806640625,24,14.886657475564508,0.9065644878368193,1.213787578114094,16.714629247619243,0.02595413734697169,6.440414736067594,97.0619844648308
trefoil_T_2_3,2,3,3,5,0.03,curvature_density,0.1,9,82,240,4,46,0.5609756112098694,0.5714285969734192,0.02040816326530612,0.015625,17,13.88545943612719,1.0058293403924565,1.2980033777699012,17.030149152270496,0.0267405409788247,5.096114698645707,46.41512918247789
trefoil_T_2_3,2,3,3,5,0.03,curvature_density,0.1,17,290,864,4,136,0.4689655303955078,0.7416667342185974,0.27111111111111114,0.09375,17,13.88545943612719,1.0058293403924565,1.2980033777699012,17.030149152270496,0.0267405409788247,5.096114698645707,46.41512918247789
trefoil_T_2_3,2,3,3,5,0.03,curvature_density,0.1,33,1090,3264,4,276,0.25321102142333984,0.8684475421905518,0.6711758584807492,0.087890625,17,13.88545943612719,1.0058293403924565,1.2980033777699012,17.030149152270496,0.0267405409788247,5.096114698645707,46.41512918247789
trefoil_T_2_3,2,3,3,5,0.03,curvature_density,0.1,65,4226,12672,4,578,0.13677236437797546,0.9339038133621216,0.8327034517510709,0.08642578125,17,13.88545943612719,1.0058293403924565,1.2980033777699012,17.030149152270496,0.0267405409788247,5.096114698645707,46.41512918247789
trefoil_T_2_3,2,3,3,5,0.03,curvature_density,0.18,9,82,240,4,50,0.6097560524940491,0.5892857313156128,-0.14285714285714285,0.046875,17,13.88545943612719,1.0058293403924565,1.2980033777699012,17.030149152270496,0.0267405409788247,5.096114698645707,46.41512918247789
trefoil_T_2_3,2,3,3,5,0.03,curvature_density,0.18,17,290,864,4,108,0.3724137842655182,0.8083333969116211,0.52,0.05859375,17,13.88545943612719,1.0058293403924565,1.2980033777699012,17.030149152270496,0.0267405409788247,5.096114698645707,46.41512918247789
trefoil_T_2_3,2,3,3,5,0.03,curvature_density,0.18,33,1090,3264,4,234,0.21467889845371246,0.9037297964096069,0.7585848074921957,0.0556640625,17,13.88545943612719,1.0058293403924565,1.2980033777699012,17.030149152270496,0.0267405409788247,5.096114698645707,46.41512918247789
trefoil_T_2_3,2,3,3,5,0.03,curvature_density,0.18,65,4226,12672,4,474,0.11216279864311218,0.9527530074119568,0.8861174099269338,0.062255859375,17,13.88545943612719,1.0058293403924565,1.2980033777699012,17.030149152270496,0.0267405409788247,5.096114698645707,46.41512918247789
trefoil_T_2_3,2,3,3,5,0.03,signed_turning,0.1,9,82,240,4,42,0.5121951103210449,0.5178571939468384,0.18367346938775508,0.03125,17,13.88545943612719,1.0058293403924565,1.2980033777699012,17.030149152270496,0.0267405409788247,5.096114698645707,46.41512918247789
trefoil_T_2_3,2,3,3,5,0.03,signed_turning,0.1,17,290,864,4,122,0.4206896424293518,0.7604166865348816,0.39555555555555555,0.046875,17,13.88545943612719,1.0058293403924565,1.2980033777699012,17.030149152270496,0.0267405409788247,5.096114698645707,46.41512918247789
trefoil_T_2_3,2,3,3,5,0.03,signed_turning,0.1,33,1090,3264,4,256,0.23486238718032837,0.8810483813285828,0.712799167533819,0.0556640625,17,13.88545943612719,1.0058293403924565,1.2980033777699012,17.030149152270496,0.0267405409788247,5.096114698645707,46.41512918247789
trefoil_T_2_3,2,3,3,5,0.03,signed_turning,0.1,65,4226,12672,4,524,0.12399432063102722,0.9408482909202576,0.8599143361048124,0.0673828125,17,13.88545943612719,1.0058293403924565,1.2980033777699012,17.030149152270496,0.0267405409788247,5.096114698645707,46.41512918247789
trefoil_T_2_3,2,3,3,5,0.03,signed_turning,0.18,9,82,240,4,44,0.5365853309631348,0.5803571939468384,0.1020408163265306,0.03125,17,13.88545943612719,1.0058293403924565,1.2980033777699012,17.030149152270496,0.0267405409788247,5.096114698645707,46.41512918247789
trefoil_T_2_3,2,3,3,5,0.03,signed_turning,0.18,17,290,864,4,102,0.35172414779663086,0.8041667342185974,0.5733333333333334,0.0390625,17,13.88545943612719,1.0058293403924565,1.2980033777699012,17.030149152270496,0.0267405409788247,5.096114698645707,46.41512918247789
trefoil_T_2_3,2,3,3,5,0.03,signed_turning,0.18,33,1090,3264,4,212,0.19449540972709656,0.9037297964096069,0.8043704474505724,0.041015625,17,13.88545943612719,1.0058293403924565,1.2980033777699012,17.030149152270496,0.0267405409788247,5.096114698645707,46.41512918247789
trefoil_T_2_3,2,3,3,5,0.03,signed_turning,0.18,65,4226,12672,4,452,0.10695692896842957,0.9518849849700928,0.8961955152431343,0.036376953125,17,13.88545943612719,1.0058293403924565,1.2980033777699012,17.030149152270496,0.0267405409788247,5.096114698645707,46.41512918247789
trefoil_T_2_3,2,3,3,6,0.1,curvature_density,0.1,9,82,240,4,46,0.5609756112098694,0.5089285969734192,0.1020408163265306,0.078125,10,12.346254477126648,1.1409436243643987,1.6492444226143188,17.184181549337097,0.02406323280821222,3.873707833309763,19.149662137867665
trefoil_T_2_3,2,3,3,6,0.1,curvature_density,0.1,17,290,864,4,118,0.40689656138420105,0.7583333849906921,0.4311111111111111,0.11328125,10,12.346254477126648,1.1409436243643987,1.6492444226143188,17.184181549337097,0.02406323280821222,3.873707833309763,19.149662137867665
trefoil_T_2_3,2,3,3,6,0.1,curvature_density,0.1,33,1090,3264,4,264,0.24220183491706848,0.8770161271095276,0.6961498439125912,0.125,10,12.346254477126648,1.1409436243643987,1.6492444226143188,17.184181549337097,0.02406323280821222,3.873707833309763,19.149662137867665
trefoil_T_2_3,2,3,3,6,0.1,curvature_density,0.1,65,4226,12672,4,526,0.12446758151054382,0.939484179019928,0.8589065255731924,0.12109375,10,12.346254477126648,1.1409436243643987,1.6492444226143188,17.184181549337097,0.02406323280821222,3.873707833309763,19.149662137867665
trefoil_T_2_3,2,3,3,6,0.1,curvature_density,0.18,9,82,240,4,48,0.5853658318519592,0.5892857313156128,0.02040816326530612,0.125,10,12.346254477126648,1.1409436243643987,1.6492444226143188,17.184181549337097,0.02406323280821222,3.873707833309763,19.149662137867665
trefoil_T_2_3,2,3,3,6,0.1,curvature_density,0.18,17,290,864,4,100,0.3448275923728943,0.8187500238418579,0.6088888888888889,0.0625,10,12.346254477126648,1.1409436243643987,1.6492444226143188,17.184181549337097,0.02406323280821222,3.873707833309763,19.149662137867665
trefoil_T_2_3,2,3,3,6,0.1,curvature_density,0.18,33,1090,3264,4,232,0.21284404397010803,0.9052419066429138,0.7669094693028097,0.083984375,10,12.346254477126648,1.1409436243643987,1.6492444226143188,17.184181549337097,0.02406323280821222,3.873707833309763,19.149662137867665
trefoil_T_2_3,2,3,3,6,0.1,curvature_density,0.18,65,4226,12672,4,462,0.10932323336601257,0.9532490372657776,0.8921642731166541,0.080078125,10,12.346254477126648,1.1409436243643987,1.6492444226143188,17.184181549337097,0.02406323280821222,3.873707833309763,19.149662137867665
trefoil_T_2_3,2,3,3,6,0.1,signed_turning,0.1,9,82,240,4,44,0.5365853309631348,0.5535714626312256,0.1020408163265306,0.109375,10,12.346254477126648,1.1409436243643987,1.6492444226143188,17.184181549337097,0.02406323280821222,3.873707833309763,19.149662137867665
trefoil_T_2_3,2,3,3,6,0.1,signed_turning,0.1,17,290,864,4,126,0.43448275327682495,0.7625000476837158,0.36,0.0625,10,12.346254477126648,1.1409436243643987,1.6492444226143188,17.184181549337097,0.02406323280821222,3.873707833309763,19.149662137867665
trefoil_T_2_3,2,3,3,6,0.1,signed_turning,0.1,33,1090,3264,4,258,0.236697256565094,0.8810483813285828,0.7086368366285121,0.0810546875,10,12.346254477126648,1.1409436243643987,1.6492444226143188,17.184181549337097,0.02406323280821222,3.873707833309763,19.149662137867665
trefoil_T_2_3,2,3,3,6,0.1,signed_turning,0.1,65,4226,12672,4,552,0.13061997294425964,0.9392361640930176,0.8458049886621316,0.088134765625,10,12.346254477126648,1.1409436243643987,1.6492444226143188,17.184181549337097,0.02406323280821222,3.873707833309763,19.149662137867665
trefoil_T_2_3,2,3,3,6,0.1,signed_turning,0.18,9,82,240,4,44,0.5365853309631348,0.598214328289032,0.1020408163265306,0.046875,10,12.346254477126648,1.1409436243643987,1.6492444226143188,17.184181549337097,0.02406323280821222,3.873707833309763,19.149662137867665
trefoil_T_2_3,2,3,3,6,0.1,signed_turning,0.18,17,290,864,4,104,0.35862070322036743,0.7979167103767395,0.5555555555555556,0.0625,10,12.346254477126648,1.1409436243643987,1.6492444226143188,17.184181549337097,0.02406323280821222,3.873707833309763,19.149662137867665
trefoil_T_2_3,2,3,3,6,0.1,signed_turning,0.18,33,1090,3264,4,214,0.19633027911186218,0.9032257795333862,0.8002081165452655,0.0673828125,10,12.346254477126648,1.1409436243643987,1.6492444226143188,17.184181549337097,0.02406323280821222,3.873707833309763,19.149662137867665
trefoil_T_2_3,2,3,3,6,0.1,signed_turning,0.18,65,4226,12672,4,458,0.10837671160697937,0.9515129327774048,0.8931720836482742,0.0595703125,10,12.346254477126648,1.1409436243643987,1.6492444226143188,17.184181549337097,0.02406323280821222,3.873707833309763,19.149662137867665
trefoil_T_2_3,2,3,3,7,0.3,curvature_density,0.1,9,82,240,4,42,0.5121951103210449,0.598214328289032,0.18367346938775508,0.171875,6,10.027631588234819,1.596125784607118,4.50587840054216,28.069208650318288,0.020163649896684736,2.741300717438036,9.991887194810486
trefoil_T_2_3,2,3,3,7,0.3,curvature_density,0.1,17,290,864,4,114,0.3931034505367279,0.7916666865348816,0.4666666666666667,0.25,6,10.027631588234819,1.596125784607118,4.50587840054216,28.069208650318288,0.020163649896684736,2.741300717438036,9.991887194810486
trefoil_T_2_3,2,3,3,7,0.3,curvature_density,0.1,33,1090,3264,4,236,0.2165137678384781,0.8860886693000793,0.7523413111342352,0.2421875,6,10.027631588234819,1.596125784607118,4.50587840054216,28.069208650318288,0.020163649896684736,2.741300717438036,9.991887194810486
trefoil_T_2_3,2,3,3,7,0.3,curvature_density,0.1,65,4226,12672,4,504,0.1192617118358612,0.9414682984352112,0.8684807256235828,0.25341796875,6,10.027631588234819,1.596125784607118,4.50587840054216,28.069208650318288,0.020163649896684736,2.741300717438036,9.991887194810486
trefoil_T_2_3,2,3,3,7,0.3,curvature_density,0.18,9,82,240,4,44,0.5365853309631348,0.6339285969734192,0.1020408163265306,0.1875,6,10.027631588234819,1.596125784607118,4.50587840054216,28.069208650318288,0.020163649896684736,2.741300717438036,9.991887194810486
trefoil_T_2_3,2,3,3,7,0.3,curvature_density,0.18,17,290,864,4,88,0.30344825983047485,0.8395833969116211,0.6977777777777778,0.2265625,6,10.027631588234819,1.596125784607118,4.50587840054216,28.069208650318288,0.020163649896684736,2.741300717438036,9.991887194810486
trefoil_T_2_3,2,3,3,7,0.3,curvature_density,0.18,33,1090,3264,4,194,0.1779816597700119,0.9203628897666931,0.8418314255983351,0.1962890625,6,10.027631588234819,1.596125784607118,4.50587840054216,28.069208650318288,0.020163649896684736,2.741300717438036,9.991887194810486
trefoil_T_2_3,2,3,3,7,0.3,curvature_density,0.18,65,4226,12672,4,394,0.09323237091302872,0.9608135223388672,0.925422020660116,0.19873046875,6,10.027631588234819,1.596125784607118,4.50587840054216,28.069208650318288,0.020163649896684736,2.741300717438036,9.991887194810486
trefoil_T_2_3,2,3,3,7,0.3,signed_turning,0.1,9,82,240,4,42,0.5121951103210449,0.5892857313156128,0.18367346938775508,0.25,6,10.027631588234819,1.596125784607118,4.50587840054216,28.069208650318288,0.020163649896684736,2.741300717438036,9.991887194810486
trefoil_T_2_3,2,3,3,7,0.3,signed_turning,0.1,17,290,864,4,118,0.40689656138420105,0.7875000238418579,0.4311111111111111,0.265625,6,10.027631588234819,1.596125784607118,4.50587840054216,28.069208650318288,0.020163649896684736,2.741300717438036,9.991887194810486
trefoil_T_2_3,2,3,3,7,0.3,signed_turning,0.1,33,1090,3264,4,240,0.22018349170684814,0.8840725421905518,0.7440166493236213,0.2841796875,6,10.027631588234819,1.596125784607118,4.50587840054216,28.069208650318288,0.020163649896684736,2.741300717438036,9.991887194810486
trefoil_T_2_3,2,3,3,7,0.3,signed_turning,0.1,65,4226,12672,4,490,0.115948885679245,0.9418403506278992,0.8765432098765433,0.282470703125,6,10.027631588234819,1.596125784607118,4.50587840054216,28.069208650318288,0.020163649896684736,2.741300717438036,9.991887194810486
trefoil_T_2_3,2,3,3,7,0.3,signed_turning,0.18,9,82,240,4,42,0.5121951103210449,0.6339285969734192,0.18367346938775508,0.203125,6,10.027631588234819,1.596125784607118,4.50587840054216,28.069208650318288,0.020163649896684736,2.741300717438036,9.991887194810486
trefoil_T_2_3,2,3,3,7,0.3,signed_turning,0.18,17,290,864,4,92,0.317241370677948,0.8291667103767395,0.6622222222222223,0.2109375,6,10.027631588234819,1.596125784607118,4.50587840054216,28.069208650318288,0.020163649896684736,2.741300717438036,9.991887194810486
trefoil_T_2_3,2,3,3,7,0.3,signed_turning,0.18,33,1090,3264,4,200,0.1834862381219864,0.9143145084381104,0.8293444328824142,0.224609375,6,10.027631588234819,1.596125784607118,4.50587840054216,28.069208650318288,0.020163649896684736,2.741300717438036,9.991887194810486
trefoil_T_2_3,2,3,3,7,0.3,signed_turning,0.18,65,4226,12672,4,398,0.09417889267206192,0.9583333730697632,0.9234063995968759,0.22412109375,6,10.027631588234819,1.596125784607118,4.50587840054216,28.069208650318288,0.020163649896684736,2.741300717438036,9.991887194810486
trefoil_T_2_3,2,3,3,8,1.0,curvature_density,0.1,9,82,240,4,42,0.5121951103210449,0.535714328289032,0.26530612244897955,0.25,3,6.344764065869559,1.1598877330147725,3.0308813354891035,10.85204650423065,0.012599103699200155,1.0574266209224035,1.2871419350976778
trefoil_T_2_3,2,3,3,8,1.0,curvature_density,0.1,17,290,864,4,124,0.4275861978530884,0.7812500596046448,0.39555555555555555,0.23046875,3,6.344764065869559,1.1598877330147725,3.0308813354891035,10.85204650423065,0.012599103699200155,1.0574266209224035,1.2871419350976778
trefoil_T_2_3,2,3,3,8,1.0,curvature_density,0.1,33,1090,3264,4,258,0.236697256565094,0.8941531777381897,0.712799167533819,0.2392578125,3,6.344764065869559,1.1598877330147725,3.0308813354891035,10.85204650423065,0.012599103699200155,1.0574266209224035,1.2871419350976778
trefoil_T_2_3,2,3,3,8,1.0,curvature_density,0.1,65,4226,12672,4,506,0.11973497271537781,0.9480407238006592,0.869992441421013,0.2490234375,3,6.344764065869559,1.1598877330147725,3.0308813354891035,10.85204650423065,0.012599103699200155,1.0574266209224035,1.2871419350976778
trefoil_T_2_3,2,3,3,8,1.0,curvature_density,0.18,9,82,240,4,44,0.5365853309631348,0.6071428656578064,0.1020408163265306,0.21875,3,6.344764065869559,1.1598877330147725,3.0308813354891035,10.85204650423065,0.012599103699200155,1.0574266209224035,1.2871419350976778
trefoil_T_2_3,2,3,3,8,1.0,curvature_density,0.18,17,290,864,4,108,0.3724137842655182,0.8145833611488342,0.52,0.23828125,3,6.344764065869559,1.1598877330147725,3.0308813354891035,10.85204650423065,0.012599103699200155,1.0574266209224035,1.2871419350976778
trefoil_T_2_3,2,3,3,8,1.0,curvature_density,0.18,33,1090,3264,4,226,0.20733945071697235,0.9087701439857483,0.7793964620187306,0.23828125,3,6.344764065869559,1.1598877330147725,3.0308813354891035,10.85204650423065,0.012599103699200155,1.0574266209224035,1.2871419350976778
trefoil_T_2_3,2,3,3,8,1.0,curvature_density,0.18,65,4226,12672,4,460,0.10884997248649597,0.9543651342391968,0.8931720836482742,0.242919921875,3,6.344764065869559,1.1598877330147725,3.0308813354891035,10.85204650423065,0.012599103699200155,1.0574266209224035,1.2871419350976778
trefoil_T_2_3,2,3,3,8,1.0,signed_turning,0.1,9,82,240,4,46,0.5609756112098694,0.535714328289032,0.26530612244897955,0.703125,3,6.344764065869559,1.1598877330147725,3.0308813354891035,10.85204650423065,0.012599103699200155,1.0574266209224035,1.2871419350976778
trefoil_T_2_3,2,3,3,8,1.0,signed_turning,0.1,17,290,864,4,128,0.4413793087005615,0.7812500596046448,0.39555555555555555,0.7578125,3,6.344764065869559,1.1598877330147725,3.0308813354891035,10.85204650423065,0.012599103699200155,1.0574266209224035,1.2871419350976778
trefoil_T_2_3,2,3,3,8,1.0,signed_turning,0.1,33,1090,3264,4,266,0.2440367043018341,0.8926411271095276,0.704474505723205,0.7548828125,3,6.344764065869559,1.1598877330147725,3.0308813354891035,10.85204650423065,0.012599103699200155,1.0574266209224035,1.2871419350976778
trefoil_T_2_3,2,3,3,8,1.0,signed_turning,0.1,65,4226,12672,4,506,0.11973497271537781,0.9482887387275696,0.872008062484253,0.746337890625,3,6.344764065869559,1.1598877330147725,3.0308813354891035,10.85204650423065,0.012599103699200155,1.0574266209224035,1.2871419350976778
trefoil_T_2_3,2,3,3,8,1.0,signed_turning,0.18,9,82,240,4,46,0.5609756112098694,0.598214328289032,0.18367346938775508,0.875,3,6.344764065869559,1.1598877330147725,3.0308813354891035,10.85204650423065,0.012599103699200155,1.0574266209224035,1.2871419350976778
trefoil_T_2_3,2,3,3,8,1.0,signed_turning,0.18,17,290,864,4,112,0.38620689511299133,0.8125000596046448,0.52,0.7578125,3,6.344764065869559,1.1598877330147725,3.0308813354891035,10.85204650423065,0.012599103699200155,1.0574266209224035,1.2871419350976778
trefoil_T_2_3,2,3,3,8,1.0,signed_turning,0.18,33,1090,3264,4,226,0.20733945071697235,0.9087701439857483,0.7877211238293446,0.7578125,3,6.344764065869559,1.1598877330147725,3.0308813354891035,10.85204650423065,0.012599103699200155,1.0574266209224035,1.2871419350976778
trefoil_T_2_3,2,3,3,8,1.0,signed_turning,0.18,65,4226,12672,4,468,0.11074301600456238,0.9539930820465088,0.8911564625850341,0.76171875,3,6.344764065869559,1.1598877330147725,3.0308813354891035,10.85204650423065,0.012599103699200155,1.0574266209224035,1.2871419350976778
cinquefoil_T_2_5,2,5,5,0,0.0,curvature_density,0.1,9,82,240,4,38,0.46341460943222046,0.4732142984867096,0.26530612244897955,0.0,34,20.107461780113038,1.1956850498010607,1.5083980440202809,35.1918002242002,0.033090303259703184,12.122831172321508,594.0187274437544
cinquefoil_T_2_5,2,5,5,0,0.0,curvature_density,0.1,17,290,864,4,128,0.4413793087005615,0.7333333492279053,0.3244444444444444,0.0,34,20.107461780113038,1.1956850498010607,1.5083980440202809,35.1918002242002,0.033090303259703184,12.122831172321508,594.0187274437544
cinquefoil_T_2_5,2,5,5,0,0.0,curvature_density,0.1,33,1090,3264,4,272,0.2495412826538086,0.8629031777381897,0.6753381893860563,0.0,34,20.107461780113038,1.1956850498010607,1.5083980440202809,35.1918002242002,0.033090303259703184,12.122831172321508,594.0187274437544
cinquefoil_T_2_5,2,5,5,0,0.0,curvature_density,0.1,65,4226,12672,4,554,0.13109323382377625,0.9314236640930176,0.8437893675988914,0.0,34,20.107461780113038,1.1956850498010607,1.5083980440202809,35.1918002242002,0.033090303259703184,12.122831172321508,594.0187274437544
cinquefoil_T_2_5,2,5,5,0,0.0,curvature_density,0.18,9,82,240,4,40,0.4878048598766327,0.5535714626312256,0.18367346938775508,0.0,34,20.107461780113038,1.1956850498010607,1.5083980440202809,35.1918002242002,0.033090303259703184,12.122831172321508,594.0187274437544
cinquefoil_T_2_5,2,5,5,0,0.0,curvature_density,0.18,17,290,864,4,120,0.41379308700561523,0.7770833969116211,0.39555555555555555,0.0,34,20.107461780113038,1.1956850498010607,1.5083980440202809,35.1918002242002,0.033090303259703184,12.122831172321508,594.0187274437544
cinquefoil_T_2_5,2,5,5,0,0.0,curvature_density,0.18,33,1090,3264,4,232,0.21284404397010803,0.8896169066429138,0.7585848074921957,0.0,34,20.107461780113038,1.1956850498010607,1.5083980440202809,35.1918002242002,0.033090303259703184,12.122831172321508,594.0187274437544
cinquefoil_T_2_5,2,5,5,0,0.0,curvature_density,0.18,65,4226,12672,4,488,0.1154756247997284,0.9450645446777344,0.8770471151423533,0.0,34,20.107461780113038,1.1956850498010607,1.5083980440202809,35.1918002242002,0.033090303259703184,12.122831172321508,594.0187274437544
cinquefoil_T_2_5,2,5,5,0,0.0,signed_turning,0.1,9,82,240,4,38,0.46341460943222046,0.4732142984867096,0.26530612244897955,0.0,34,20.107461780113038,1.1956850498010607,1.5083980440202809,35.1918002242002,0.033090303259703184,12.122831172321508,594.0187274437544
cinquefoil_T_2_5,2,5,5,0,0.0,signed_turning,0.1,17,290,864,4,116,0.4000000059604645,0.7166666984558105,0.4311111111111111,0.0,34,20.107461780113038,1.1956850498010607,1.5083980440202809,35.1918002242002,0.033090303259703184,12.122831172321508,594.0187274437544
cinquefoil_T_2_5,2,5,5,0,0.0,signed_turning,0.1,33,1090,3264,4,264,0.24220183491706848,0.8588709235191345,0.6919875130072841,0.0,34,20.107461780113038,1.1956850498010607,1.5083980440202809,35.1918002242002,0.033090303259703184,12.122831172321508,594.0187274437544
cinquefoil_T_2_5,2,5,5,0,0.0,signed_turning,0.1,65,4226,12672,4,516,0.12210127711296082,0.9299355745315552,0.8629377676996726,0.0,34,20.107461780113038,1.1956850498010607,1.5083980440202809,35.1918002242002,0.033090303259703184,12.122831172321508,594.0187274437544
cinquefoil_T_2_5,2,5,5,0,0.0,signed_turning,0.18,9,82,240,4,38,0.46341460943222046,0.5625,0.26530612244897955,0.0,34,20.107461780113038,1.1956850498010607,1.5083980440202809,35.1918002242002,0.033090303259703184,12.122831172321508,594.0187274437544
cinquefoil_T_2_5,2,5,5,0,0.0,signed_turning,0.18,17,290,864,4,104,0.35862070322036743,0.7833333611488342,0.5377777777777778,0.0,34,20.107461780113038,1.1956850498010607,1.5083980440202809,35.1918002242002,0.033090303259703184,12.122831172321508,594.0187274437544
cinquefoil_T_2_5,2,5,5,0,0.0,signed_turning,0.18,33,1090,3264,4,224,0.20550459623336792,0.8976814150810242,0.7752341311134235,0.0,34,20.107461780113038,1.1956850498010607,1.5083980440202809,35.1918002242002,0.033090303259703184,12.122831172321508,594.0187274437544
cinquefoil_T_2_5,2,5,5,0,0.0,signed_turning,0.18,65,4226,12672,4,454,0.10743018984794617,0.9492807984352112,0.8941798941798943,0.0,34,20.107461780113038,1.1956850498010607,1.5083980440202809,35.1918002242002,0.033090303259703184,12.122831172321508,594.0187274437544
cinquefoil_T_2_5,2,5,5,1,0.0003,curvature_density,0.1,9,82,240,4,38,0.46341460943222046,0.4732142984867096,0.26530612244897955,0.0,31,19.97827230573902,1.2026337129198075,1.510460240657439,35.30505426438741,0.03323047987501117,11.864005491768099,557.145271365437
cinquefoil_T_2_5,2,5,5,1,0.0003,curvature_density,0.1,17,290,864,4,128,0.4413793087005615,0.7333333492279053,0.3244444444444444,0.0,31,19.97827230573902,1.2026337129198075,1.510460240657439,35.30505426438741,0.03323047987501117,11.864005491768099,557.145271365437
cinquefoil_T_2_5,2,5,5,1,0.0003,curvature_density,0.1,33,1090,3264,4,272,0.2495412826538086,0.8629031777381897,0.6753381893860563,0.0009765625,31,19.97827230573902,1.2026337129198075,1.510460240657439,35.30505426438741,0.03323047987501117,11.864005491768099,557.145271365437
cinquefoil_T_2_5,2,5,5,1,0.0003,curvature_density,0.1,65,4226,12672,4,554,0.13109323382377625,0.9311756491661072,0.8437893675988914,0.00341796875,31,19.97827230573902,1.2026337129198075,1.510460240657439,35.30505426438741,0.03323047987501117,11.864005491768099,557.145271365437
cinquefoil_T_2_5,2,5,5,1,0.0003,curvature_density,0.18,9,82,240,4,40,0.4878048598766327,0.5535714626312256,0.18367346938775508,0.015625,31,19.97827230573902,1.2026337129198075,1.510460240657439,35.30505426438741,0.03323047987501117,11.864005491768099,557.145271365437
cinquefoil_T_2_5,2,5,5,1,0.0003,curvature_density,0.18,17,290,864,4,120,0.41379308700561523,0.7770833969116211,0.39555555555555555,0.0,31,19.97827230573902,1.2026337129198075,1.510460240657439,35.30505426438741,0.03323047987501117,11.864005491768099,557.145271365437
cinquefoil_T_2_5,2,5,5,1,0.0003,curvature_density,0.18,33,1090,3264,4,232,0.21284404397010803,0.8896169066429138,0.7585848074921957,0.0,31,19.97827230573902,1.2026337129198075,1.510460240657439,35.30505426438741,0.03323047987501117,11.864005491768099,557.145271365437
cinquefoil_T_2_5,2,5,5,1,0.0003,curvature_density,0.18,65,4226,12672,4,492,0.1164221465587616,0.944816529750824,0.8750314940791132,0.002685546875,31,19.97827230573902,1.2026337129198075,1.510460240657439,35.30505426438741,0.03323047987501117,11.864005491768099,557.145271365437
cinquefoil_T_2_5,2,5,5,1,0.0003,signed_turning,0.1,9,82,240,4,38,0.46341460943222046,0.4732142984867096,0.26530612244897955,0.0,31,19.97827230573902,1.2026337129198075,1.510460240657439,35.30505426438741,0.03323047987501117,11.864005491768099,557.145271365437
cinquefoil_T_2_5,2,5,5,1,0.0003,signed_turning,0.1,17,290,864,4,118,0.40689656138420105,0.7166666984558105,0.41333333333333333,0.00390625,31,19.97827230573902,1.2026337129198075,1.510460240657439,35.30505426438741,0.03323047987501117,11.864005491768099,557.145271365437
cinquefoil_T_2_5,2,5,5,1,0.0003,signed_turning,0.1,33,1090,3264,4,260,0.23853211104869843,0.8588709235191345,0.7003121748178981,0.0029296875,31,19.97827230573902,1.2026337129198075,1.510460240657439,35.30505426438741,0.03323047987501117,11.864005491768099,557.145271365437
cinquefoil_T_2_5,2,5,5,1,0.0003,signed_turning,0.1,65,4226,12672,4,524,0.12399432063102722,0.9296875596046448,0.8589065255731924,0.00244140625,31,19.97827230573902,1.2026337129198075,1.510460240657439,35.30505426438741,0.03323047987501117,11.864005491768099,557.145271365437
cinquefoil_T_2_5,2,5,5,1,0.0003,signed_turning,0.18,9,82,240,4,38,0.46341460943222046,0.5625,0.26530612244897955,0.0,31,19.97827230573902,1.2026337129198075,1.510460240657439,35.30505426438741,0.03323047987501117,11.864005491768099,557.145271365437
cinquefoil_T_2_5,2,5,5,1,0.0003,signed_turning,0.18,17,290,864,4,102,0.35172414779663086,0.7833333611488342,0.5555555555555556,0.00390625,31,19.97827230573902,1.2026337129198075,1.510460240657439,35.30505426438741,0.03323047987501117,11.864005491768099,557.145271365437
cinquefoil_T_2_5,2,5,5,1,0.0003,signed_turning,0.18,33,1090,3264,4,224,0.20550459623336792,0.8971773982048035,0.7752341311134235,0.001953125,31,19.97827230573902,1.2026337129198075,1.510460240657439,35.30505426438741,0.03323047987501117,11.864005491768099,557.145271365437
cinquefoil_T_2_5,2,5,5,1,0.0003,signed_turning,0.18,65,4226,12672,4,450,0.10648366808891296,0.9492807984352112,0.8961955152431343,0.0029296875,31,19.97827230573902,1.2026337129198075,1.510460240657439,35.30505426438741,0.03323047987501117,11.864005491768099,557.145271365437
cinquefoil_T_2_5,2,5,5,2,0.001,curvature_density,0.1,9,82,240,4,38,0.46341460943222046,0.4732142984867096,0.26530612244897955,0.0,28,19.695264166121973,1.2178495137624314,1.5192235449547795,35.53396736386267,0.033516512257015574,11.323620226425323,486.5253646309076
cinquefoil_T_2_5,2,5,5,2,0.001,curvature_density,0.1,17,290,864,4,126,0.43448275327682495,0.737500011920929,0.3422222222222222,0.01171875,28,19.695264166121973,1.2178495137624314,1.5192235449547795,35.53396736386267,0.033516512257015574,11.323620226425323,486.5253646309076
cinquefoil_T_2_5,2,5,5,2,0.001,curvature_density,0.1,33,1090,3264,4,268,0.24587155878543854,0.8629031777381897,0.6836628511966703,0.0048828125,28,19.695264166121973,1.2178495137624314,1.5192235449547795,35.53396736386267,0.033516512257015574,11.323620226425323,486.5253646309076
cinquefoil_T_2_5,2,5,5,2,0.001,curvature_density,0.1,65,4226,12672,4,554,0.13109323382377625,0.9314236640930176,0.8437893675988914,0.01171875,28,19.695264166121973,1.2178495137624314,1.5192235449547795,35.53396736386267,0.033516512257015574,11.323620226425323,486.5253646309076
cinquefoil_T_2_5,2,5,5,2,0.001,curvature_density,0.18,9,82,240,4,40,0.4878048598766327,0.5535714626312256,0.18367346938775508,0.015625,28,19.695264166121973,1.2178495137624314,1.5192235449547795,35.53396736386267,0.033516512257015574,11.323620226425323,486.5253646309076
cinquefoil_T_2_5,2,5,5,2,0.001,curvature_density,0.18,17,290,864,4,120,0.41379308700561523,0.7729167342185974,0.39555555555555555,0.01171875,28,19.695264166121973,1.2178495137624314,1.5192235449547795,35.53396736386267,0.033516512257015574,11.323620226425323,486.5253646309076
cinquefoil_T_2_5,2,5,5,2,0.001,curvature_density,0.18,33,1090,3264,4,234,0.21467889845371246,0.8896169066429138,0.7544224765868888,0.0087890625,28,19.695264166121973,1.2178495137624314,1.5192235449547795,35.53396736386267,0.033516512257015574,11.323620226425323,486.5253646309076
cinquefoil_T_2_5,2,5,5,2,0.001,curvature_density,0.18,65,4226,12672,4,484,0.11452910304069519,0.9453125596046448,0.8790627362055934,0.0107421875,28,19.695264166121973,1.2178495137624314,1.5192235449547795,35.53396736386267,0.033516512257015574,11.323620226425323,486.5253646309076
cinquefoil_T_2_5,2,5,5,2,0.001,signed_turning,0.1,9,82,240,4,38,0.46341460943222046,0.4732142984867096,0.26530612244897955,0.0,28,19.695264166121973,1.2178495137624314,1.5192235449547795,35.53396736386267,0.033516512257015574,11.323620226425323,486.5253646309076
cinquefoil_T_2_5,2,5,5,2,0.001,signed_turning,0.1,17,290,864,4,122,0.4206896424293518,0.7208333611488342,0.37777777777777777,0.01953125,28,19.695264166121973,1.2178495137624314,1.5192235449547795,35.53396736386267,0.033516512257015574,11.323620226425323,486.5253646309076
cinquefoil_T_2_5,2,5,5,2,0.001,signed_turning,0.1,33,1090,3264,4,258,0.236697256565094,0.8598790168762207,0.704474505723205,0.0078125,28,19.695264166121973,1.2178495137624314,1.5192235449547795,35.53396736386267,0.033516512257015574,11.323620226425323,486.5253646309076
cinquefoil_T_2_5,2,5,5,2,0.001,signed_turning,0.1,65,4226,12672,4,532,0.12588736414909363,0.9296875596046448,0.8548752834467122,0.010986328125,28,19.695264166121973,1.2178495137624314,1.5192235449547795,35.53396736386267,0.033516512257015574,11.323620226425323,486.5253646309076
cinquefoil_T_2_5,2,5,5,2,0.001,signed_turning,0.18,9,82,240,4,38,0.46341460943222046,0.5625,0.26530612244897955,0.0,28,19.695264166121973,1.2178495137624314,1.5192235449547795,35.53396736386267,0.033516512257015574,11.323620226425323,486.5253646309076
cinquefoil_T_2_5,2,5,5,2,0.001,signed_turning,0.18,17,290,864,4,102,0.35172414779663086,0.7833333611488342,0.5555555555555556,0.00390625,28,19.695264166121973,1.2178495137624314,1.5192235449547795,35.53396736386267,0.033516512257015574,11.323620226425323,486.5253646309076
cinquefoil_T_2_5,2,5,5,2,0.001,signed_turning,0.18,33,1090,3264,4,226,0.20733945071697235,0.8961693048477173,0.7710718002081166,0.0087890625,28,19.695264166121973,1.2178495137624314,1.5192235449547795,35.53396736386267,0.033516512257015574,11.323620226425323,486.5253646309076
cinquefoil_T_2_5,2,5,5,2,0.001,signed_turning,0.18,65,4226,12672,4,452,0.10695692896842957,0.9490327835083008,0.8951877047115143,0.00732421875,28,19.695264166121973,1.2178495137624314,1.5192235449547795,35.53396736386267,0.033516512257015574,11.323620226425323,486.5253646309076
cinquefoil_T_2_5,2,5,5,3,0.003,curvature_density,0.1,9,82,240,4,38,0.46341460943222046,0.4732142984867096,0.26530612244897955,0.015625,22,18.994455197749385,1.254793916125563,1.5590878382159898,35.962375361697035,0.0340129059772709,10.12336128564497,355.2547685171829
cinquefoil_T_2_5,2,5,5,3,0.003,curvature_density,0.1,17,290,864,4,124,0.4275861978530884,0.737500011920929,0.36,0.01953125,22,18.994455197749385,1.254793916125563,1.5590878382159898,35.962375361697035,0.0340129059772709,10.12336128564497,355.2547685171829
cinquefoil_T_2_5,2,5,5,3,0.003,curvature_density,0.1,33,1090,3264,4,270,0.24770642817020416,0.8618951439857483,0.6795005202913632,0.021484375,22,18.994455197749385,1.254793916125563,1.5590878382159898,35.962375361697035,0.0340129059772709,10.12336128564497,355.2547685171829
cinquefoil_T_2_5,2,5,5,3,0.003,curvature_density,0.1,65,4226,12672,4,566,0.13393279910087585,0.930431604385376,0.8377425044091712,0.029296875,22,18.994455197749385,1.254793916125563,1.5590878382159898,35.962375361697035,0.0340129059772709,10.12336128564497,355.2547685171829
cinquefoil_T_2_5,2,5,5,3,0.003,curvature_density,0.18,9,82,240,4,40,0.4878048598766327,0.5714285969734192,0.18367346938775508,0.03125,22,18.994455197749385,1.254793916125563,1.5590878382159898,35.962375361697035,0.0340129059772709,10.12336128564497,355.2547685171829
cinquefoil_T_2_5,2,5,5,3,0.003,curvature_density,0.18,17,290,864,4,118,0.40689656138420105,0.7729167342185974,0.41333333333333333,0.0234375,22,18.994455197749385,1.254793916125563,1.5590878382159898,35.962375361697035,0.0340129059772709,10.12336128564497,355.2547685171829
cinquefoil_T_2_5,2,5,5,3,0.003,curvature_density,0.18,33,1090,3264,4,224,0.20550459623336792,0.8921370506286621,0.7752341311134235,0.0283203125,22,18.994455197749385,1.254793916125563,1.5590878382159898,35.962375361697035,0.0340129059772709,10.12336128564497,355.2547685171829
cinquefoil_T_2_5,2,5,5,3,0.003,curvature_density,0.18,65,4226,12672,4,490,0.115948885679245,0.9458085894584656,0.8760393046107333,0.030517578125,22,18.994455197749385,1.254793916125563,1.5590878382159898,35.962375361697035,0.0340129059772709,10.12336128564497,355.2547685171829
cinquefoil_T_2_5,2,5,5,3,0.003,signed_turning,0.1,9,82,240,4,38,0.46341460943222046,0.4732142984867096,0.26530612244897955,0.0,22,18.994455197749385,1.254793916125563,1.5590878382159898,35.962375361697035,0.0340129059772709,10.12336128564497,355.2547685171829
cinquefoil_T_2_5,2,5,5,3,0.003,signed_turning,0.1,17,290,864,4,122,0.4206896424293518,0.7208333611488342,0.37777777777777777,0.02734375,22,18.994455197749385,1.254793916125563,1.5590878382159898,35.962375361697035,0.0340129059772709,10.12336128564497,355.2547685171829
cinquefoil_T_2_5,2,5,5,3,0.003,signed_turning,0.1,33,1090,3264,4,260,0.23853211104869843,0.8608870506286621,0.7003121748178981,0.0263671875,22,18.994455197749385,1.254793916125563,1.5590878382159898,35.962375361697035,0.0340129059772709,10.12336128564497,355.2547685171829
cinquefoil_T_2_5,2,5,5,3,0.003,signed_turning,0.1,65,4226,12672,4,526,0.12446758151054382,0.9308035969734192,0.8578987150415722,0.02783203125,22,18.994455197749385,1.254793916125563,1.5590878382159898,35.962375361697035,0.0340129059772709,10.12336128564497,355.2547685171829
cinquefoil_T_2_5,2,5,5,3,0.003,signed_turning,0.18,9,82,240,4,38,0.46341460943222046,0.5625,0.26530612244897955,0.0,22,18.994455197749385,1.254793916125563,1.5590878382159898,35.962375361697035,0.0340129059772709,10.12336128564497,355.2547685171829
cinquefoil_T_2_5,2,5,5,3,0.003,signed_turning,0.18,17,290,864,4,100,0.3448275923728943,0.7833333611488342,0.5733333333333334,0.01171875,22,18.994455197749385,1.254793916125563,1.5590878382159898,35.962375361697035,0.0340129059772709,10.12336128564497,355.2547685171829
cinquefoil_T_2_5,2,5,5,3,0.003,signed_turning,0.18,33,1090,3264,4,224,0.20550459623336792,0.8961693048477173,0.7752341311134235,0.0185546875,22,18.994455197749385,1.254793916125563,1.5590878382159898,35.962375361697035,0.0340129059772709,10.12336128564497,355.2547685171829
cinquefoil_T_2_5,2,5,5,3,0.003,signed_turning,0.18,65,4226,12672,4,456,0.10790345072746277,0.9484127759933472,0.8931720836482742,0.01953125,22,18.994455197749385,1.254793916125563,1.5590878382159898,35.962375361697035,0.0340129059772709,10.12336128564497,355.2547685171829
cinquefoil_T_2_5,2,5,5,4,0.01,curvature_density,0.1,9,82,240,4,42,0.5121951103210449,0.5089285969734192,0.1020408163265306,0.046875,16,17.237938757299453,1.3297542234703115,1.7083638995893724,35.839933890478804,0.0332577806024921,7.774508820009156,173.66546972868758
cinquefoil_T_2_5,2,5,5,4,0.01,curvature_density,0.1,17,290,864,4,124,0.4275861978530884,0.7291666865348816,0.36,0.0625,16,17.237938757299453,1.3297542234703115,1.7083638995893724,35.839933890478804,0.0332577806024921,7.774508820009156,173.66546972868758
cinquefoil_T_2_5,2,5,5,4,0.01,curvature_density,0.1,33,1090,3264,4,278,0.2550458610057831,0.8618951439857483,0.6628511966701354,0.080078125,16,17.237938757299453,1.3297542234703115,1.7083638995893724,35.839933890478804,0.0332577806024921,7.774508820009156,173.66546972868758
cinquefoil_T_2_5,2,5,5,4,0.01,curvature_density,0.1,65,4226,12672,4,562,0.13298627734184265,0.9308035969734192,0.8397581254724112,0.082275390625,16,17.237938757299453,1.3297542234703115,1.7083638995893724,35.839933890478804,0.0332577806024921,7.774508820009156,173.66546972868758
cinquefoil_T_2_5,2,5,5,4,0.01,curvature_density,0.18,9,82,240,4,42,0.5121951103210449,0.5714285969734192,0.1020408163265306,0.046875,16,17.237938757299453,1.3297542234703115,1.7083638995893724,35.839933890478804,0.0332577806024921,7.774508820009156,173.66546972868758
cinquefoil_T_2_5,2,5,5,4,0.01,curvature_density,0.18,17,290,864,4,118,0.40689656138420105,0.7937500476837158,0.41333333333333333,0.0703125,16,17.237938757299453,1.3297542234703115,1.7083638995893724,35.839933890478804,0.0332577806024921,7.774508820009156,173.66546972868758
cinquefoil_T_2_5,2,5,5,4,0.01,curvature_density,0.18,33,1090,3264,4,224,0.20550459623336792,0.9002015590667725,0.7752341311134235,0.0654296875,16,17.237938757299453,1.3297542234703115,1.7083638995893724,35.839933890478804,0.0332577806024921,7.774508820009156,173.66546972868758
cinquefoil_T_2_5,2,5,5,4,0.01,curvature_density,0.18,65,4226,12672,4,472,0.11168953776359558,0.949776828289032,0.8851095993953138,0.070556640625,16,17.237938757299453,1.3297542234703115,1.7083638995893724,35.839933890478804,0.0332577806024921,7.774508820009156,173.66546972868758
cinquefoil_T_2_5,2,5,5,4,0.01,signed_turning,0.1,9,82,240,4,34,0.4146341383457184,0.4910714626312256,0.42857142857142855,0.0625,16,17.237938757299453,1.3297542234703115,1.7083638995893724,35.839933890478804,0.0332577806024921,7.774508820009156,173.66546972868758
cinquefoil_T_2_5,2,5,5,4,0.01,signed_turning,0.1,17,290,864,4,110,0.37931033968925476,0.7500000596046448,0.48444444444444446,0.06640625,16,17.237938757299453,1.3297542234703115,1.7083638995893724,35.839933890478804,0.0332577806024921,7.774508820009156,173.66546972868758
cinquefoil_T_2_5,2,5,5,4,0.01,signed_turning,0.1,33,1090,3264,4,250,0.2293577939271927,0.8684475421905518,0.721123829344433,0.068359375,16,17.237938757299453,1.3297542234703115,1.7083638995893724,35.839933890478804,0.0332577806024921,7.774508820009156,173.66546972868758
cinquefoil_T_2_5,2,5,5,4,0.01,signed_turning,0.1,65,4226,12672,4,534,0.12636062502861023,0.9322917461395264,0.853867472915092,0.06982421875,16,17.237938757299453,1.3297542234703115,1.7083638995893724,35.839933890478804,0.0332577806024921,7.774508820009156,173.66546972868758
cinquefoil_T_2_5,2,5,5,4,0.01,signed_turning,0.18,9,82,240,4,40,0.4878048598766327,0.5535714626312256,0.18367346938775508,0.0625,16,17.237938757299453,1.3297542234703115,1.7083638995893724,35.839933890478804,0.0332577806024921,7.774508820009156,173.66546972868758
cinquefoil_T_2_5,2,5,5,4,0.01,signed_turning,0.18,17,290,864,4,98,0.3379310369491577,0.7833333611488342,0.5911111111111111,0.04296875,16,17.237938757299453,1.3297542234703115,1.7083638995893724,35.839933890478804,0.0332577806024921,7.774508820009156,173.66546972868758
cinquefoil_T_2_5,2,5,5,4,0.01,signed_turning,0.18,33,1090,3264,4,226,0.20733945071697235,0.8926411271095276,0.7710718002081166,0.0458984375,16,17.237938757299453,1.3297542234703115,1.7083638995893724,35.839933890478804,0.0332577806024921,7.774508820009156,173.66546972868758
cinquefoil_T_2_5,2,5,5,4,0.01,signed_turning,0.18,65,4226,12672,4,442,0.10459063202142715,0.9480407238006592,0.9002267573696145,0.049560546875,16,17.237938757299453,1.3297542234703115,1.7083638995893724,35.839933890478804,0.0332577806024921,7.774508820009156,173.66546972868758
cinquefoil_T_2_5,2,5,5,5,0.03,curvature_density,0.1,9,82,240,4,40,0.4878048598766327,0.5267857313156128,0.18367346938775508,0.15625,10,14.614339209979473,1.3379133793915863,2.116824398845785,31.364056010798063,0.028491518132944472,5.4166172441311335,58.79798003702455
cinquefoil_T_2_5,2,5,5,5,0.03,curvature_density,0.1,17,290,864,4,106,0.3655172288417816,0.7291666865348816,0.52,0.1640625,10,14.614339209979473,1.3379133793915863,2.116824398845785,31.364056010798063,0.028491518132944472,5.4166172441311335,58.79798003702455
cinquefoil_T_2_5,2,5,5,5,0.03,curvature_density,0.1,33,1090,3264,4,284,0.26055046916007996,0.8608870506286621,0.6503642039542145,0.169921875,10,14.614339209979473,1.3379133793915863,2.116824398845785,31.364056010798063,0.028491518132944472,5.4166172441311335,58.79798003702455
cinquefoil_T_2_5,2,5,5,5,0.03,curvature_density,0.1,65,4226,12672,4,562,0.13298627734184265,0.9309276342391968,0.8397581254724112,0.17431640625,10,14.614339209979473,1.3379133793915863,2.116824398845785,31.364056010798063,0.028491518132944472,5.4166172441311335,58.79798003702455
cinquefoil_T_2_5,2,5,5,5,0.03,curvature_density,0.18,9,82,240,4,42,0.5121951103210449,0.5892857313156128,0.1020408163265306,0.140625,10,14.614339209979473,1.3379133793915863,2.116824398845785,31.364056010798063,0.028491518132944472,5.4166172441311335,58.79798003702455
cinquefoil_T_2_5,2,5,5,5,0.03,curvature_density,0.18,17,290,864,4,106,0.3655172288417816,0.8083333969116211,0.52,0.14453125,10,14.614339209979473,1.3379133793915863,2.116824398845785,31.364056010798063,0.028491518132944472,5.4166172441311335,58.79798003702455
cinquefoil_T_2_5,2,5,5,5,0.03,curvature_density,0.18,33,1090,3264,4,220,0.20183485746383667,0.9057459235191345,0.7835587929240375,0.1357421875,10,14.614339209979473,1.3379133793915863,2.116824398845785,31.364056010798063,0.028491518132944472,5.4166172441311335,58.79798003702455
cinquefoil_T_2_5,2,5,5,5,0.03,curvature_density,0.18,65,4226,12672,4,452,0.10695692896842957,0.9525049924850464,0.8951877047115143,0.14111328125,10,14.614339209979473,1.3379133793915863,2.116824398845785,31.364056010798063,0.028491518132944472,5.4166172441311335,58.79798003702455
cinquefoil_T_2_5,2,5,5,5,0.03,signed_turning,0.1,9,82,240,4,40,0.4878048598766327,0.4732142984867096,0.18367346938775508,0.140625,10,14.614339209979473,1.3379133793915863,2.116824398845785,31.364056010798063,0.028491518132944472,5.4166172441311335,58.79798003702455
cinquefoil_T_2_5,2,5,5,5,0.03,signed_turning,0.1,17,290,864,4,104,0.35862070322036743,0.7583333849906921,0.5377777777777778,0.10546875,10,14.614339209979473,1.3379133793915863,2.116824398845785,31.364056010798063,0.028491518132944472,5.4166172441311335,58.79798003702455
cinquefoil_T_2_5,2,5,5,5,0.03,signed_turning,0.1,33,1090,3264,4,256,0.23486238718032837,0.8734878897666931,0.7086368366285121,0.115234375,10,14.614339209979473,1.3379133793915863,2.116824398845785,31.364056010798063,0.028491518132944472,5.4166172441311335,58.79798003702455
cinquefoil_T_2_5,2,5,5,5,0.03,signed_turning,0.1,65,4226,12672,4,504,0.1192617118358612,0.9377480745315552,0.8689846308893929,0.135986328125,10,14.614339209979473,1.3379133793915863,2.116824398845785,31.364056010798063,0.028491518132944472,5.4166172441311335,58.79798003702455
cinquefoil_T_2_5,2,5,5,5,0.03,signed_turning,0.18,9,82,240,4,46,0.5609756112098694,0.5535714626312256,-0.061224489795918366,0.09375,10,14.614339209979473,1.3379133793915863,2.116824398845785,31.364056010798063,0.028491518132944472,5.4166172441311335,58.79798003702455
cinquefoil_T_2_5,2,5,5,5,0.03,signed_turning,0.18,17,290,864,4,104,0.35862070322036743,0.7791666984558105,0.5377777777777778,0.05859375,10,14.614339209979473,1.3379133793915863,2.116824398845785,31.364056010798063,0.028491518132944472,5.4166172441311335,58.79798003702455
cinquefoil_T_2_5,2,5,5,5,0.03,signed_turning,0.18,33,1090,3264,4,224,0.20550459623336792,0.8951612710952759,0.7752341311134235,0.0732421875,10,14.614339209979473,1.3379133793915863,2.116824398845785,31.364056010798063,0.028491518132944472,5.4166172441311335,58.79798003702455
cinquefoil_T_2_5,2,5,5,5,0.03,signed_turning,0.18,65,4226,12672,4,454,0.10743018984794617,0.9477927088737488,0.8941798941798943,0.077392578125,10,14.614339209979473,1.3379133793915863,2.116824398845785,31.364056010798063,0.028491518132944472,5.4166172441311335,58.79798003702455
cinquefoil_T_2_5,2,5,5,6,0.1,curvature_density,0.1,9,82,240,4,42,0.5121951103210449,0.5267857313156128,0.26530612244897955,0.25,6,12.695530834491883,1.152833437971214,2.4810465173813667,19.500913894275335,0.02502162573488321,4.200972953688704,19.44916061165165
cinquefoil_T_2_5,2,5,5,6,0.1,curvature_density,0.1,17,290,864,4,130,0.4482758641242981,0.7500000596046448,0.3244444444444444,0.265625,6,12.695530834491883,1.152833437971214,2.4810465173813667,19.500913894275335,0.02502162573488321,4.200972953688704,19.44916061165165
cinquefoil_T_2_5,2,5,5,6,0.1,curvature_density,0.1,33,1090,3264,4,266,0.2440367043018341,0.8739919066429138,0.6919875130072841,0.244140625,6,12.695530834491883,1.152833437971214,2.4810465173813667,19.500913894275335,0.02502162573488321,4.200972953688704,19.44916061165165
cinquefoil_T_2_5,2,5,5,6,0.1,curvature_density,0.1,65,4226,12672,4,578,0.13677236437797546,0.9351438879966736,0.8327034517510709,0.25634765625,6,12.695530834491883,1.152833437971214,2.4810465173813667,19.500913894275335,0.02502162573488321,4.200972953688704,19.44916061165165
cinquefoil_T_2_5,2,5,5,6,0.1,curvature_density,0.18,9,82,240,4,44,0.5365853309631348,0.5892857313156128,0.18367346938775508,0.21875,6,12.695530834491883,1.152833437971214,2.4810465173813667,19.500913894275335,0.02502162573488321,4.200972953688704,19.44916061165165
cinquefoil_T_2_5,2,5,5,6,0.1,curvature_density,0.18,17,290,864,4,114,0.3931034505367279,0.7791666984558105,0.4666666666666667,0.24609375,6,12.695530834491883,1.152833437971214,2.4810465173813667,19.500913894275335,0.02502162573488321,4.200972953688704,19.44916061165165
cinquefoil_T_2_5,2,5,5,6,0.1,curvature_density,0.18,33,1090,3264,4,236,0.2165137678384781,0.8966733813285828,0.7544224765868888,0.2451171875,6,12.695530834491883,1.152833437971214,2.4810465173813667,19.500913894275335,0.02502162573488321,4.200972953688704,19.44916061165165
cinquefoil_T_2_5,2,5,5,6,0.1,curvature_density,0.18,65,4226,12672,4,500,0.118315190076828,0.9479167461395264,0.872008062484253,0.239990234375,6,12.695530834491883,1.152833437971214,2.4810465173813667,19.500913894275335,0.02502162573488321,4.200972953688704,19.44916061165165
cinquefoil_T_2_5,2,5,5,6,0.1,signed_turning,0.1,9,82,240,4,42,0.5121951103210449,0.5178571939468384,0.18367346938775508,0.21875,6,12.695530834491883,1.152833437971214,2.4810465173813667,19.500913894275335,0.02502162573488321,4.200972953688704,19.44916061165165
cinquefoil_T_2_5,2,5,5,6,0.1,signed_turning,0.1,17,290,864,4,120,0.41379308700561523,0.7479166984558105,0.39555555555555555,0.19921875,6,12.695530834491883,1.152833437971214,2.4810465173813667,19.500913894275335,0.02502162573488321,4.200972953688704,19.44916061165165
cinquefoil_T_2_5,2,5,5,6,0.1,signed_turning,0.1,33,1090,3264,4,256,0.23486238718032837,0.8709677457809448,0.7086368366285121,0.2109375,6,12.695530834491883,1.152833437971214,2.4810465173813667,19.500913894275335,0.02502162573488321,4.200972953688704,19.44916061165165
cinquefoil_T_2_5,2,5,5,6,0.1,signed_turning,0.1,65,4226,12672,4,538,0.12730714678764343,0.9360119700431824,0.851851851851852,0.217529296875,6,12.695530834491883,1.152833437971214,2.4810465173813667,19.500913894275335,0.02502162573488321,4.200972953688704,19.44916061165165
cinquefoil_T_2_5,2,5,5,6,0.1,signed_turning,0.18,9,82,240,4,42,0.5121951103210449,0.5803571939468384,0.18367346938775508,0.125,6,12.695530834491883,1.152833437971214,2.4810465173813667,19.500913894275335,0.02502162573488321,4.200972953688704,19.44916061165165
cinquefoil_T_2_5,2,5,5,6,0.1,signed_turning,0.18,17,290,864,4,112,0.38620689511299133,0.7833333611488342,0.48444444444444446,0.1484375,6,12.695530834491883,1.152833437971214,2.4810465173813667,19.500913894275335,0.02502162573488321,4.200972953688704,19.44916061165165
cinquefoil_T_2_5,2,5,5,6,0.1,signed_turning,0.18,33,1090,3264,4,236,0.2165137678384781,0.8941531777381897,0.7544224765868888,0.1435546875,6,12.695530834491883,1.152833437971214,2.4810465173813667,19.500913894275335,0.02502162573488321,4.200972953688704,19.44916061165165
cinquefoil_T_2_5,2,5,5,6,0.1,signed_turning,0.18,65,4226,12672,4,468,0.11074301600456238,0.9484127759933472,0.8881330309901739,0.154541015625,6,12.695530834491883,1.152833437971214,2.4810465173813667,19.500913894275335,0.02502162573488321,4.200972953688704,19.44916061165165
cinquefoil_T_2_5,2,5,5,7,0.3,curvature_density,0.1,9,82,240,4,48,0.5853658318519592,0.5,0.02040816326530612,0.359375,3,12.5693922079964,1.0165132921952686,1.4076916473056849,13.30341839752441,0.024592300295055443,4.020815610709561,16.270792310907222
cinquefoil_T_2_5,2,5,5,7,0.3,curvature_density,0.1,17,290,864,4,116,0.4000000059604645,0.7458333969116211,0.4666666666666667,0.3125,3,12.5693922079964,1.0165132921952686,1.4076916473056849,13.30341839752441,0.024592300295055443,4.020815610709561,16.270792310907222
cinquefoil_T_2_5,2,5,5,7,0.3,curvature_density,0.1,33,1090,3264,4,242,0.22201834619045258,0.8805443048477173,0.7460978147762748,0.3095703125,3,12.5693922079964,1.0165132921952686,1.4076916473056849,13.30341839752441,0.024592300295055443,4.020815610709561,16.270792310907222
cinquefoil_T_2_5,2,5,5,7,0.3,curvature_density,0.1,65,4226,12672,4,500,0.118315190076828,0.94072425365448,0.8730158730158731,0.31787109375,3,12.5693922079964,1.0165132921952686,1.4076916473056849,13.30341839752441,0.024592300295055443,4.020815610709561,16.270792310907222
cinquefoil_T_2_5,2,5,5,7,0.3,curvature_density,0.18,9,82,240,4,40,0.4878048598766327,0.535714328289032,0.3469387755102041,0.296875,3,12.5693922079964,1.0165132921952686,1.4076916473056849,13.30341839752441,0.024592300295055443,4.020815610709561,16.270792310907222
cinquefoil_T_2_5,2,5,5,7,0.3,curvature_density,0.18,17,290,864,4,108,0.3724137842655182,0.7666667103767395,0.5377777777777778,0.328125,3,12.5693922079964,1.0165132921952686,1.4076916473056849,13.30341839752441,0.024592300295055443,4.020815610709561,16.270792310907222
cinquefoil_T_2_5,2,5,5,7,0.3,curvature_density,0.18,33,1090,3264,4,236,0.2165137678384781,0.8896169066429138,0.7585848074921957,0.3232421875,3,12.5693922079964,1.0165132921952686,1.4076916473056849,13.30341839752441,0.024592300295055443,4.020815610709561,16.270792310907222
cinquefoil_T_2_5,2,5,5,7,0.3,curvature_density,0.18,65,4226,12672,4,488,0.1154756247997284,0.944816529750824,0.8790627362055934,0.322998046875,3,12.5693922079964,1.0165132921952686,1.4076916473056849,13.30341839752441,0.024592300295055443,4.020815610709561,16.270792310907222
cinquefoil_T_2_5,2,5,5,7,0.3,signed_turning,0.1,9,82,240,4,48,0.5853658318519592,0.5,0.02040816326530612,0.3125,3,12.5693922079964,1.0165132921952686,1.4076916473056849,13.30341839752441,0.024592300295055443,4.020815610709561,16.270792310907222
cinquefoil_T_2_5,2,5,5,7,0.3,signed_turning,0.1,17,290,864,4,114,0.3931034505367279,0.7500000596046448,0.48444444444444446,0.3046875,3,12.5693922079964,1.0165132921952686,1.4076916473056849,13.30341839752441,0.024592300295055443,4.020815610709561,16.270792310907222
cinquefoil_T_2_5,2,5,5,7,0.3,signed_turning,0.1,33,1090,3264,4,242,0.22201834619045258,0.8815523982048035,0.7460978147762748,0.3154296875,3,12.5693922079964,1.0165132921952686,1.4076916473056849,13.30341839752441,0.024592300295055443,4.020815610709561,16.270792310907222
cinquefoil_T_2_5,2,5,5,7,0.3,signed_turning,0.1,65,4226,12672,4,500,0.118315190076828,0.9409722685813904,0.8730158730158731,0.325439453125,3,12.5693922079964,1.0165132921952686,1.4076916473056849,13.30341839752441,0.024592300295055443,4.020815610709561,16.270792310907222
cinquefoil_T_2_5,2,5,5,7,0.3,signed_turning,0.18,9,82,240,4,44,0.5365853309631348,0.535714328289032,0.18367346938775508,0.234375,3,12.5693922079964,1.0165132921952686,1.4076916473056849,13.30341839752441,0.024592300295055443,4.020815610709561,16.270792310907222
cinquefoil_T_2_5,2,5,5,7,0.3,signed_turning,0.18,17,290,864,4,112,0.38620689511299133,0.7708333730697632,0.5022222222222222,0.2578125,3,12.5693922079964,1.0165132921952686,1.4076916473056849,13.30341839752441,0.024592300295055443,4.020815610709561,16.270792310907222
cinquefoil_T_2_5,2,5,5,7,0.3,signed_turning,0.18,33,1090,3264,4,238,0.21834862232208252,0.8886088728904724,0.7544224765868888,0.2666015625,3,12.5693922079964,1.0165132921952686,1.4076916473056849,13.30341839752441,0.024592300295055443,4.020815610709561,16.270792310907222
cinquefoil_T_2_5,2,5,5,7,0.3,signed_turning,0.18,65,4226,12672,4,474,0.11216279864311218,0.9449405074119568,0.8861174099269338,0.271728515625,3,12.5693922079964,1.0165132921952686,1.4076916473056849,13.30341839752441,0.024592300295055443,4.020815610709561,16.270792310907222
cinquefoil_T_2_5,2,5,5,8,1.0,curvature_density,0.1,9,82,240,4,32,0.39024388790130615,0.5,0.673469387755102,0.359375,2,12.566058195188763,1.000165376509773,1.010452269666756,12.56955107438014,0.024542694101404174,4.000019049787185,16.000247647233408
cinquefoil_T_2_5,2,5,5,8,1.0,curvature_density,0.1,17,290,864,4,104,0.35862070322036743,0.7500000596046448,0.5733333333333334,0.3359375,2,12.566058195188763,1.000165376509773,1.010452269666756,12.56955107438014,0.024542694101404174,4.000019049787185,16.000247647233408
cinquefoil_T_2_5,2,5,5,8,1.0,curvature_density,0.1,33,1090,3264,4,224,0.20550459623336792,0.8770161271095276,0.7835587929240375,0.33203125,2,12.566058195188763,1.000165376509773,1.010452269666756,12.56955107438014,0.024542694101404174,4.000019049787185,16.000247647233408
cinquefoil_T_2_5,2,5,5,8,1.0,curvature_density,0.1,65,4226,12672,4,464,0.10979649424552917,0.9389881491661072,0.8911564625850341,0.3369140625,2,12.566058195188763,1.000165376509773,1.010452269666756,12.56955107438014,0.024542694101404174,4.000019049787185,16.000247647233408
cinquefoil_T_2_5,2,5,5,8,1.0,curvature_density,0.18,9,82,240,4,48,0.5853658318519592,0.5,-0.14285714285714285,0.359375,2,12.566058195188763,1.000165376509773,1.010452269666756,12.56955107438014,0.024542694101404174,4.000019049787185,16.000247647233408
cinquefoil_T_2_5,2,5,5,8,1.0,curvature_density,0.18,17,290,864,4,104,0.35862070322036743,0.7583333849906921,0.5733333333333334,0.3359375,2,12.566058195188763,1.000165376509773,1.010452269666756,12.56955107438014,0.024542694101404174,4.000019049787185,16.000247647233408
cinquefoil_T_2_5,2,5,5,8,1.0,curvature_density,0.18,33,1090,3264,4,216,0.1981651335954666,0.8830645084381104,0.8002081165452655,0.35546875,2,12.566058195188763,1.000165376509773,1.010452269666756,12.56955107438014,0.024542694101404174,4.000019049787185,16.000247647233408
cinquefoil_T_2_5,2,5,5,8,1.0,curvature_density,0.18,65,4226,12672,4,440,0.10411737114191055,0.941964328289032,0.9032501889644747,0.356201171875,2,12.566058195188763,1.000165376509773,1.010452269666756,12.56955107438014,0.024542694101404174,4.000019049787185,16.000247647233408
cinquefoil_T_2_5,2,5,5,8,1.0,signed_turning,0.1,9,82,240,4,32,0.39024388790130615,0.5,0.673469387755102,0.34375,2,12.566058195188763,1.000165376509773,1.010452269666756,12.56955107438014,0.024542694101404174,4.000019049787185,16.000247647233408
cinquefoil_T_2_5,2,5,5,8,1.0,signed_turning,0.1,17,290,864,4,104,0.35862070322036743,0.7500000596046448,0.5733333333333334,0.31640625,2,12.566058195188763,1.000165376509773,1.010452269666756,12.56955107438014,0.024542694101404174,4.000019049787185,16.000247647233408
cinquefoil_T_2_5,2,5,5,8,1.0,signed_turning,0.1,33,1090,3264,4,224,0.20550459623336792,0.8770161271095276,0.7835587929240375,0.3349609375,2,12.566058195188763,1.000165376509773,1.010452269666756,12.56955107438014,0.024542694101404174,4.000019049787185,16.000247647233408
cinquefoil_T_2_5,2,5,5,8,1.0,signed_turning,0.1,65,4226,12672,4,456,0.10790345072746277,0.939484179019928,0.8951877047115143,0.336669921875,2,12.566058195188763,1.000165376509773,1.010452269666756,12.56955107438014,0.024542694101404174,4.000019049787185,16.000247647233408
cinquefoil_T_2_5,2,5,5,8,1.0,signed_turning,0.18,9,82,240,4,48,0.5853658318519592,0.5,-0.14285714285714285,0.28125,2,12.566058195188763,1.000165376509773,1.010452269666756,12.56955107438014,0.024542694101404174,4.000019049787185,16.000247647233408
cinquefoil_T_2_5,2,5,5,8,1.0,signed_turning,0.18,17,290,864,4,112,0.38620689511299133,0.7500000596046448,0.5022222222222222,0.296875,2,12.566058195188763,1.000165376509773,1.010452269666756,12.56955107438014,0.024542694101404174,4.000019049787185,16.000247647233408
cinquefoil_T_2_5,2,5,5,8,1.0,signed_turning,0.18,33,1090,3264,4,216,0.1981651335954666,0.8830645084381104,0.8002081165452655,0.298828125,2,12.566058195188763,1.000165376509773,1.010452269666756,12.56955107438014,0.024542694101404174,4.000019049787185,16.000247647233408
cinquefoil_T_2_5,2,5,5,8,1.0,signed_turning,0.18,65,4226,12672,4,448,0.10601040720939636,0.9414682984352112,0.8992189468379945,0.31005859375,2,12.566058195188763,1.000165376509773,1.010452269666756,12.56955107438014,0.024542694101404174,4.000019049787185,16.000247647233408
torus_T_3_4,3,4,8,0,0.0,curvature_density,0.1,9,82,240,4,42,0.5121951103210449,0.4464285969734192,0.1020408163265306,0.0,43,22.440005025680684,0.8313100906072812,1.1006758924617628,21.191797591578283,0.0326150020572641,16.880064794363033,827.1231749237888
torus_T_3_4,3,4,8,0,0.0,curvature_density,0.1,17,290,864,4,104,0.35862070322036743,0.706250011920929,0.5377777777777778,0.0,43,22.440005025680684,0.8313100906072812,1.1006758924617628,21.191797591578283,0.0326150020572641,16.880064794363033,827.1231749237888
torus_T_3_4,3,4,8,0,0.0,curvature_density,0.1,33,1090,3264,4,288,0.2642201781272888,0.8518145084381104,0.6420395421436005,0.0,43,22.440005025680684,0.8313100906072812,1.1006758924617628,21.191797591578283,0.0326150020572641,16.880064794363033,827.1231749237888
torus_T_3_4,3,4,8,0,0.0,curvature_density,0.1,65,4226,12672,4,558,0.13203975558280945,0.9273313879966736,0.8417737465356514,0.0,43,22.440005025680684,0.8313100906072812,1.1006758924617628,21.191797591578283,0.0326150020572641,16.880064794363033,827.1231749237888
torus_T_3_4,3,4,8,0,0.0,curvature_density,0.18,9,82,240,4,46,0.5609756112098694,0.6071428656578064,0.02040816326530612,0.0,43,22.440005025680684,0.8313100906072812,1.1006758924617628,21.191797591578283,0.0326150020572641,16.880064794363033,827.1231749237888
torus_T_3_4,3,4,8,0,0.0,curvature_density,0.18,17,290,864,4,110,0.37931033968925476,0.7875000238418579,0.48444444444444446,0.0,43,22.440005025680684,0.8313100906072812,1.1006758924617628,21.191797591578283,0.0326150020572641,16.880064794363033,827.1231749237888
torus_T_3_4,3,4,8,0,0.0,curvature_density,0.18,33,1090,3264,4,236,0.2165137678384781,0.8921370506286621,0.7502601456815817,0.0,43,22.440005025680684,0.8313100906072812,1.1006758924617628,21.191797591578283,0.0326150020572641,16.880064794363033,827.1231749237888
torus_T_3_4,3,4,8,0,0.0,curvature_density,0.18,65,4226,12672,4,474,0.11216279864311218,0.9470486640930176,0.8841017888636937,0.0,43,22.440005025680684,0.8313100906072812,1.1006758924617628,21.191797591578283,0.0326150020572641,16.880064794363033,827.1231749237888
torus_T_3_4,3,4,8,0,0.0,signed_turning,0.1,9,82,240,4,42,0.5121951103210449,0.5267857313156128,0.1020408163265306,0.0,43,22.440005025680684,0.8313100906072812,1.1006758924617628,21.191797591578283,0.0326150020572641,16.880064794363033,827.1231749237888
torus_T_3_4,3,4,8,0,0.0,signed_turning,0.1,17,290,864,4,114,0.3931034505367279,0.7229167222976685,0.4488888888888889,0.0,43,22.440005025680684,0.8313100906072812,1.1006758924617628,21.191797591578283,0.0326150020572641,16.880064794363033,827.1231749237888
torus_T_3_4,3,4,8,0,0.0,signed_turning,0.1,33,1090,3264,4,270,0.24770642817020416,0.8583669066429138,0.6753381893860563,0.0,43,22.440005025680684,0.8313100906072812,1.1006758924617628,21.191797591578283,0.0326150020572641,16.880064794363033,827.1231749237888
torus_T_3_4,3,4,8,0,0.0,signed_turning,0.1,65,4226,12672,4,562,0.13298627734184265,0.9293155074119568,0.8397581254724112,0.0,43,22.440005025680684,0.8313100906072812,1.1006758924617628,21.191797591578283,0.0326150020572641,16.880064794363033,827.1231749237888
torus_T_3_4,3,4,8,0,0.0,signed_turning,0.18,9,82,240,4,40,0.4878048598766327,0.5803571939468384,0.18367346938775508,0.0,43,22.440005025680684,0.8313100906072812,1.1006758924617628,21.191797591578283,0.0326150020572641,16.880064794363033,827.1231749237888
torus_T_3_4,3,4,8,0,0.0,signed_turning,0.18,17,290,864,4,104,0.35862070322036743,0.768750011920929,0.5377777777777778,0.0,43,22.440005025680684,0.8313100906072812,1.1006758924617628,21.191797591578283,0.0326150020572641,16.880064794363033,827.1231749237888
torus_T_3_4,3,4,8,0,0.0,signed_turning,0.18,33,1090,3264,4,228,0.20917432010173798,0.8845765590667725,0.7669094693028097,0.0,43,22.440005025680684,0.8313100906072812,1.1006758924617628,21.191797591578283,0.0326150020572641,16.880064794363033,827.1231749237888
torus_T_3_4,3,4,8,0,0.0,signed_turning,0.18,65,4226,12672,4,464,0.10979649424552917,0.943576455116272,0.889140841521794,0.0,43,22.440005025680684,0.8313100906072812,1.1006758924617628,21.191797591578283,0.0326150020572641,16.880064794363033,827.1231749237888
torus_T_3_4,3,4,8,1,0.0003,curvature_density,0.1,9,82,240,4,42,0.5121951103210449,0.4464285969734192,0.1020408163265306,0.015625,40,22.3474094235715,0.8363988318843999,1.0993499216514604,21.274987449868554,0.032852853780555975,16.56669631952423,777.733985010505
torus_T_3_4,3,4,8,1,0.0003,curvature_density,0.1,17,290,864,4,104,0.35862070322036743,0.7020833492279053,0.5377777777777778,0.00390625,40,22.3474094235715,0.8363988318843999,1.0993499216514604,21.274987449868554,0.032852853780555975,16.56669631952423,777.733985010505
torus_T_3_4,3,4,8,1,0.0003,curvature_density,0.1,33,1090,3264,4,290,0.26605504751205444,0.8508064150810242,0.6378772112382936,0.00390625,40,22.3474094235715,0.8363988318843999,1.0993499216514604,21.274987449868554,0.032852853780555975,16.56669631952423,777.733985010505
torus_T_3_4,3,4,8,1,0.0003,curvature_density,0.1,65,4226,12672,4,554,0.13109323382377625,0.9273313879966736,0.8437893675988914,0.00390625,40,22.3474094235715,0.8363988318843999,1.0993499216514604,21.274987449868554,0.032852853780555975,16.56669631952423,777.733985010505
torus_T_3_4,3,4,8,1,0.0003,curvature_density,0.18,9,82,240,4,46,0.5609756112098694,0.6071428656578064,0.02040816326530612,0.0,40,22.3474094235715,0.8363988318843999,1.0993499216514604,21.274987449868554,0.032852853780555975,16.56669631952423,777.733985010505
torus_T_3_4,3,4,8,1,0.0003,curvature_density,0.18,17,290,864,4,110,0.37931033968925476,0.7875000238418579,0.48444444444444446,0.0,40,22.3474094235715,0.8363988318843999,1.0993499216514604,21.274987449868554,0.032852853780555975,16.56669631952423,777.733985010505
torus_T_3_4,3,4,8,1,0.0003,curvature_density,0.18,33,1090,3264,4,232,0.21284404397010803,0.8931451439857483,0.7585848074921957,0.001953125,40,22.3474094235715,0.8363988318843999,1.0993499216514604,21.274987449868554,0.032852853780555975,16.56669631952423,777.733985010505
torus_T_3_4,3,4,8,1,0.0003,curvature_density,0.18,65,4226,12672,4,486,0.11500236392021179,0.9465526342391968,0.8780549256739734,0.003173828125,40,22.3474094235715,0.8363988318843999,1.0993499216514604,21.274987449868554,0.032852853780555975,16.56669631952423,777.733985010505
torus_T_3_4,3,4,8,1,0.0003,signed_turning,0.1,9,82,240,4,42,0.5121951103210449,0.4910714626312256,0.1020408163265306,0.015625,40,22.3474094235715,0.8363988318843999,1.0993499216514604,21.274987449868554,0.032852853780555975,16.56669631952423,777.733985010505
torus_T_3_4,3,4,8,1,0.0003,signed_turning,0.1,17,290,864,4,114,0.3931034505367279,0.7229167222976685,0.4488888888888889,0.00390625,40,22.3474094235715,0.8363988318843999,1.0993499216514604,21.274987449868554,0.032852853780555975,16.56669631952423,777.733985010505
torus_T_3_4,3,4,8,1,0.0003,signed_turning,0.1,33,1090,3264,4,280,0.2568807303905487,0.8578628897666931,0.6586888657648283,0.0029296875,40,22.3474094235715,0.8363988318843999,1.0993499216514604,21.274987449868554,0.032852853780555975,16.56669631952423,777.733985010505
torus_T_3_4,3,4,8,1,0.0003,signed_turning,0.1,65,4226,12672,4,566,0.13393279910087585,0.9289435148239136,0.8377425044091712,0.003173828125,40,22.3474094235715,0.8363988318843999,1.0993499216514604,21.274987449868554,0.032852853780555975,16.56669631952423,777.733985010505
torus_T_3_4,3,4,8,1,0.0003,signed_turning,0.18,9,82,240,4,40,0.4878048598766327,0.5803571939468384,0.18367346938775508,0.0,40,22.3474094235715,0.8363988318843999,1.0993499216514604,21.274987449868554,0.032852853780555975,16.56669631952423,777.733985010505
torus_T_3_4,3,4,8,1,0.0003,signed_turning,0.18,17,290,864,4,104,0.35862070322036743,0.7604166865348816,0.5377777777777778,0.01171875,40,22.3474094235715,0.8363988318843999,1.0993499216514604,21.274987449868554,0.032852853780555975,16.56669631952423,777.733985010505
torus_T_3_4,3,4,8,1,0.0003,signed_turning,0.18,33,1090,3264,4,232,0.21284404397010803,0.883568525314331,0.7585848074921957,0.0009765625,40,22.3474094235715,0.8363988318843999,1.0993499216514604,21.274987449868554,0.032852853780555975,16.56669631952423,777.733985010505
torus_T_3_4,3,4,8,1,0.0003,signed_turning,0.18,65,4226,12672,4,464,0.10979649424552917,0.9433284401893616,0.889140841521794,0.00244140625,40,22.3474094235715,0.8363988318843999,1.0993499216514604,21.274987449868554,0.032852853780555975,16.56669631952423,777.733985010505
torus_T_3_4,3,4,8,2,0.001,curvature_density,0.1,9,82,240,4,42,0.5121951103210449,0.4464285969734192,0.1020408163265306,0.015625,35,22.14737910086593,0.8477917458001748,1.1055323894171423,21.453377106701385,0.03338911375264952,15.915888280338232,683.2707967228862
torus_T_3_4,3,4,8,2,0.001,curvature_density,0.1,17,290,864,4,106,0.3655172288417816,0.7104166746139526,0.52,0.015625,35,22.14737910086593,0.8477917458001748,1.1055323894171423,21.453377106701385,0.03338911375264952,15.915888280338232,683.2707967228862
torus_T_3_4,3,4,8,2,0.001,curvature_density,0.1,33,1090,3264,4,288,0.2642201781272888,0.8528225421905518,0.6420395421436005,0.0087890625,35,22.14737910086593,0.8477917458001748,1.1055323894171423,21.453377106701385,0.03338911375264952,15.915888280338232,683.2707967228862
torus_T_3_4,3,4,8,2,0.001,curvature_density,0.1,65,4226,12672,4,556,0.13156649470329285,0.9274554252624512,0.8427815570672714,0.0107421875,35,22.14737910086593,0.8477917458001748,1.1055323894171423,21.453377106701385,0.03338911375264952,15.915888280338232,683.2707967228862
torus_T_3_4,3,4,8,2,0.001,curvature_density,0.18,9,82,240,4,50,0.6097560524940491,0.6071428656578064,-0.14285714285714285,0.015625,35,22.14737910086593,0.8477917458001748,1.1055323894171423,21.453377106701385,0.03338911375264952,15.915888280338232,683.2707967228862
torus_T_3_4,3,4,8,2,0.001,curvature_density,0.18,17,290,864,4,112,0.38620689511299133,0.7875000238418579,0.4666666666666667,0.0078125,35,22.14737910086593,0.8477917458001748,1.1055323894171423,21.453377106701385,0.03338911375264952,15.915888280338232,683.2707967228862
torus_T_3_4,3,4,8,2,0.001,curvature_density,0.18,33,1090,3264,4,234,0.21467889845371246,0.8931451439857483,0.7544224765868888,0.0078125,35,22.14737910086593,0.8477917458001748,1.1055323894171423,21.453377106701385,0.03338911375264952,15.915888280338232,683.2707967228862
torus_T_3_4,3,4,8,2,0.001,curvature_density,0.18,65,4226,12672,4,488,0.1154756247997284,0.9465526342391968,0.8770471151423533,0.0107421875,35,22.14737910086593,0.8477917458001748,1.1055323894171423,21.453377106701385,0.03338911375264952,15.915888280338232,683.2707967228862
torus_T_3_4,3,4,8,2,0.001,signed_turning,0.1,9,82,240,4,42,0.5121951103210449,0.4910714626312256,0.1020408163265306,0.015625,35,22.14737910086593,0.8477917458001748,1.1055323894171423,21.453377106701385,0.03338911375264952,15.915888280338232,683.2707967228862
torus_T_3_4,3,4,8,2,0.001,signed_turning,0.1,17,290,864,4,126,0.43448275327682495,0.7166666984558105,0.3422222222222222,0.0234375,35,22.14737910086593,0.8477917458001748,1.1055323894171423,21.453377106701385,0.03338911375264952,15.915888280338232,683.2707967228862
torus_T_3_4,3,4,8,2,0.001,signed_turning,0.1,33,1090,3264,4,280,0.2568807303905487,0.8568547964096069,0.6586888657648283,0.0126953125,35,22.14737910086593,0.8477917458001748,1.1055323894171423,21.453377106701385,0.03338911375264952,15.915888280338232,683.2707967228862
torus_T_3_4,3,4,8,2,0.001,signed_turning,0.1,65,4226,12672,4,558,0.13203975558280945,0.9286954998970032,0.8417737465356514,0.011474609375,35,22.14737910086593,0.8477917458001748,1.1055323894171423,21.453377106701385,0.03338911375264952,15.915888280338232,683.2707967228862
torus_T_3_4,3,4,8,2,0.001,signed_turning,0.18,9,82,240,4,42,0.5121951103210449,0.5892857313156128,0.1020408163265306,0.015625,35,22.14737910086593,0.8477917458001748,1.1055323894171423,21.453377106701385,0.03338911375264952,15.915888280338232,683.2707967228862
torus_T_3_4,3,4,8,2,0.001,signed_turning,0.18,17,290,864,4,104,0.35862070322036743,0.7604166865348816,0.5377777777777778,0.015625,35,22.14737910086593,0.8477917458001748,1.1055323894171423,21.453377106701385,0.03338911375264952,15.915888280338232,683.2707967228862
torus_T_3_4,3,4,8,2,0.001,signed_turning,0.18,33,1090,3264,4,226,0.20733945071697235,0.8845765590667725,0.7710718002081166,0.009765625,35,22.14737910086593,0.8477917458001748,1.1055323894171423,21.453377106701385,0.03338911375264952,15.915888280338232,683.2707967228862
torus_T_3_4,3,4,8,2,0.001,signed_turning,0.18,65,4226,12672,4,468,0.11074301600456238,0.9429563879966736,0.8871252204585539,0.0087890625,35,22.14737910086593,0.8477917458001748,1.1055323894171423,21.453377106701385,0.03338911375264952,15.915888280338232,683.2707967228862
torus_T_3_4,3,4,8,3,0.003,curvature_density,0.1,9,82,240,4,42,0.5121951103210449,0.4375000298023224,0.1020408163265306,0.03125,28,21.66753945958455,0.8772674636264852,1.1311980695927664,21.86552630184415,0.034758036727521216,14.48769762199896,508.0164332186037
torus_T_3_4,3,4,8,3,0.003,curvature_density,0.1,17,290,864,4,110,0.37931033968925476,0.7104166746139526,0.48444444444444446,0.02734375,28,21.66753945958455,0.8772674636264852,1.1311980695927664,21.86552630184415,0.034758036727521216,14.48769762199896,508.0164332186037
torus_T_3_4,3,4,8,3,0.003,curvature_density,0.1,33,1090,3264,4,274,0.2513761520385742,0.8548386693000793,0.6711758584807492,0.0234375,28,21.66753945958455,0.8772674636264852,1.1311980695927664,21.86552630184415,0.034758036727521216,14.48769762199896,508.0164332186037
torus_T_3_4,3,4,8,3,0.003,curvature_density,0.1,65,4226,12672,4,572,0.13535258173942566,0.926339328289032,0.834719072814311,0.02783203125,28,21.66753945958455,0.8772674636264852,1.1311980695927664,21.86552630184415,0.034758036727521216,14.48769762199896,508.0164332186037
torus_T_3_4,3,4,8,3,0.003,curvature_density,0.18,9,82,240,4,46,0.5609756112098694,0.6160714626312256,0.02040816326530612,0.046875,28,21.66753945958455,0.8772674636264852,1.1311980695927664,21.86552630184415,0.034758036727521216,14.48769762199896,508.0164332186037
torus_T_3_4,3,4,8,3,0.003,curvature_density,0.18,17,290,864,4,112,0.38620689511299133,0.7916666865348816,0.4666666666666667,0.01953125,28,21.66753945958455,0.8772674636264852,1.1311980695927664,21.86552630184415,0.034758036727521216,14.48769762199896,508.0164332186037
torus_T_3_4,3,4,8,3,0.003,curvature_density,0.18,33,1090,3264,4,248,0.22752293944358826,0.8901209235191345,0.7252861602497399,0.0234375,28,21.66753945958455,0.8772674636264852,1.1311980695927664,21.86552630184415,0.034758036727521216,14.48769762199896,508.0164332186037
torus_T_3_4,3,4,8,3,0.003,curvature_density,0.18,65,4226,12672,4,478,0.11310932040214539,0.9470486640930176,0.8820861678004536,0.020263671875,28,21.66753945958455,0.8772674636264852,1.1311980695927664,21.86552630184415,0.034758036727521216,14.48769762199896,508.0164332186037
torus_T_3_4,3,4,8,3,0.003,signed_turning,0.1,9,82,240,4,40,0.4878048598766327,0.455357164144516,0.18367346938775508,0.03125,28,21.66753945958455,0.8772674636264852,1.1311980695927664,21.86552630184415,0.034758036727521216,14.48769762199896,508.0164332186037
torus_T_3_4,3,4,8,3,0.003,signed_turning,0.1,17,290,864,4,122,0.4206896424293518,0.7104166746139526,0.37777777777777777,0.0390625,28,21.66753945958455,0.8772674636264852,1.1311980695927664,21.86552630184415,0.034758036727521216,14.48769762199896,508.0164332186037
torus_T_3_4,3,4,8,3,0.003,signed_turning,0.1,33,1090,3264,4,282,0.25871559977531433,0.8528225421905518,0.6545265348595214,0.03125,28,21.66753945958455,0.8772674636264852,1.1311980695927664,21.86552630184415,0.034758036727521216,14.48769762199896,508.0164332186037
torus_T_3_4,3,4,8,3,0.003,signed_turning,0.1,65,4226,12672,4,564,0.13345953822135925,0.9283234477043152,0.8387503149407912,0.026611328125,28,21.66753945958455,0.8772674636264852,1.1311980695927664,21.86552630184415,0.034758036727521216,14.48769762199896,508.0164332186037
torus_T_3_4,3,4,8,3,0.003,signed_turning,0.18,9,82,240,4,42,0.5121951103210449,0.5714285969734192,0.1020408163265306,0.03125,28,21.66753945958455,0.8772674636264852,1.1311980695927664,21.86552630184415,0.034758036727521216,14.48769762199896,508.0164332186037
torus_T_3_4,3,4,8,3,0.003,signed_turning,0.18,17,290,864,4,96,0.33103448152542114,0.768750011920929,0.6088888888888889,0.03515625,28,21.66753945958455,0.8772674636264852,1.1311980695927664,21.86552630184415,0.034758036727521216,14.48769762199896,508.0164332186037
torus_T_3_4,3,4,8,3,0.003,signed_turning,0.18,33,1090,3264,4,226,0.20733945071697235,0.8845765590667725,0.7710718002081166,0.01953125,28,21.66753945958455,0.8772674636264852,1.1311980695927664,21.86552630184415,0.034758036727521216,14.48769762199896,508.0164332186037
torus_T_3_4,3,4,8,3,0.003,signed_turning,0.18,65,4226,12672,4,480,0.11358258128166199,0.9424603581428528,0.8810783572688335,0.02001953125,28,21.66753945958455,0.8772674636264852,1.1311980695927664,21.86552630184415,0.034758036727521216,14.48769762199896,508.0164332186037
torus_T_3_4,3,4,8,4,0.01,curvature_density,0.1,9,82,240,4,38,0.46341460943222046,0.4196428656578064,0.26530612244897955,0.0625,20,20.54555940220759,0.9554609642884184,1.179060426584111,22.667187645263553,0.037428141293694435,11.774100733962172,266.40462344573575
torus_T_3_4,3,4,8,4,0.01,curvature_density,0.1,17,290,864,4,136,0.4689655303955078,0.706250011920929,0.25333333333333335,0.0703125,20,20.54555940220759,0.9554609642884184,1.179060426584111,22.667187645263553,0.037428141293694435,11.774100733962172,266.40462344573575
torus_T_3_4,3,4,8,4,0.01,curvature_density,0.1,33,1090,3264,4,290,0.26605504751205444,0.8477822542190552,0.6378772112382936,0.060546875,20,20.54555940220759,0.9554609642884184,1.179060426584111,22.667187645263553,0.037428141293694435,11.774100733962172,266.40462344573575
torus_T_3_4,3,4,8,4,0.01,curvature_density,0.1,65,4226,12672,4,584,0.13819214701652527,0.9253472685813904,0.8286722096245906,0.066650390625,20,20.54555940220759,0.9554609642884184,1.179060426584111,22.667187645263553,0.037428141293694435,11.774100733962172,266.40462344573575
torus_T_3_4,3,4,8,4,0.01,curvature_density,0.18,9,82,240,4,44,0.5365853309631348,0.6160714626312256,0.1020408163265306,0.078125,20,20.54555940220759,0.9554609642884184,1.179060426584111,22.667187645263553,0.037428141293694435,11.774100733962172,266.40462344573575
torus_T_3_4,3,4,8,4,0.01,curvature_density,0.18,17,290,864,4,108,0.3724137842655182,0.7979167103767395,0.5022222222222222,0.02734375,20,20.54555940220759,0.9554609642884184,1.179060426584111,22.667187645263553,0.037428141293694435,11.774100733962172,266.40462344573575
torus_T_3_4,3,4,8,4,0.01,curvature_density,0.18,33,1090,3264,4,242,0.22201834619045258,0.8921370506286621,0.7377731529656608,0.0556640625,20,20.54555940220759,0.9554609642884184,1.179060426584111,22.667187645263553,0.037428141293694435,11.774100733962172,266.40462344573575
torus_T_3_4,3,4,8,4,0.01,curvature_density,0.18,65,4226,12672,4,484,0.11452910304069519,0.9471727013587952,0.8790627362055934,0.047119140625,20,20.54555940220759,0.9554609642884184,1.179060426584111,22.667187645263553,0.037428141293694435,11.774100733962172,266.40462344573575
torus_T_3_4,3,4,8,4,0.01,signed_turning,0.1,9,82,240,4,40,0.4878048598766327,0.4464285969734192,0.18367346938775508,0.046875,20,20.54555940220759,0.9554609642884184,1.179060426584111,22.667187645263553,0.037428141293694435,11.774100733962172,266.40462344573575
torus_T_3_4,3,4,8,4,0.01,signed_turning,0.1,17,290,864,4,120,0.41379308700561523,0.7041667103767395,0.39555555555555555,0.0546875,20,20.54555940220759,0.9554609642884184,1.179060426584111,22.667187645263553,0.037428141293694435,11.774100733962172,266.40462344573575
torus_T_3_4,3,4,8,4,0.01,signed_turning,0.1,33,1090,3264,4,286,0.2623853087425232,0.8528225421905518,0.6462018730489074,0.0634765625,20,20.54555940220759,0.9554609642884184,1.179060426584111,22.667187645263553,0.037428141293694435,11.774100733962172,266.40462344573575
torus_T_3_4,3,4,8,4,0.01,signed_turning,0.1,65,4226,12672,4,566,0.13393279910087585,0.9284474849700928,0.8377425044091712,0.059814453125,20,20.54555940220759,0.9554609642884184,1.179060426584111,22.667187645263553,0.037428141293694435,11.774100733962172,266.40462344573575
torus_T_3_4,3,4,8,4,0.01,signed_turning,0.18,9,82,240,4,40,0.4878048598766327,0.5803571939468384,0.18367346938775508,0.0625,20,20.54555940220759,0.9554609642884184,1.179060426584111,22.667187645263553,0.037428141293694435,11.774100733962172,266.40462344573575
torus_T_3_4,3,4,8,4,0.01,signed_turning,0.18,17,290,864,4,100,0.3448275923728943,0.7666667103767395,0.5733333333333334,0.0703125,20,20.54555940220759,0.9554609642884184,1.179060426584111,22.667187645263553,0.037428141293694435,11.774100733962172,266.40462344573575
torus_T_3_4,3,4,8,4,0.01,signed_turning,0.18,33,1090,3264,4,224,0.20550459623336792,0.8876007795333862,0.7752341311134235,0.046875,20,20.54555940220759,0.9554609642884184,1.179060426584111,22.667187645263553,0.037428141293694435,11.774100733962172,266.40462344573575
torus_T_3_4,3,4,8,4,0.01,signed_turning,0.18,65,4226,12672,4,466,0.11026975512504578,0.9434524178504944,0.8881330309901739,0.041748046875,20,20.54555940220759,0.9554609642884184,1.179060426584111,22.667187645263553,0.037428141293694435,11.774100733962172,266.40462344573575
torus_T_3_4,3,4,8,5,0.03,curvature_density,0.1,9,82,240,4,34,0.4146341383457184,0.3839285969734192,0.42857142857142855,0.078125,13,18.901082719324773,1.0709455294647863,1.3210997381913439,23.450574051526853,0.0369269636626343,9.131641959215976,118.51510185558206
torus_T_3_4,3,4,8,5,0.03,curvature_density,0.1,17,290,864,4,134,0.46206897497177124,0.706250011920929,0.27111111111111114,0.1015625,13,18.901082719324773,1.0709455294647863,1.3210997381913439,23.450574051526853,0.0369269636626343,9.131641959215976,118.51510185558206
torus_T_3_4,3,4,8,5,0.03,curvature_density,0.1,33,1090,3264,4,304,0.27889907360076904,0.8447580337524414,0.6087408949011447,0.0849609375,13,18.901082719324773,1.0709455294647863,1.3210997381913439,23.450574051526853,0.0369269636626343,9.131641959215976,118.51510185558206
torus_T_3_4,3,4,8,5,0.03,curvature_density,0.1,65,4226,12672,4,604,0.14292475581169128,0.924231231212616,0.8185941043083901,0.092529296875,13,18.901082719324773,1.0709455294647863,1.3210997381913439,23.450574051526853,0.0369269636626343,9.131641959215976,118.51510185558206
torus_T_3_4,3,4,8,5,0.03,curvature_density,0.18,9,82,240,4,46,0.5609756112098694,0.625,0.02040816326530612,0.0625,13,18.901082719324773,1.0709455294647863,1.3210997381913439,23.450574051526853,0.0369269636626343,9.131641959215976,118.51510185558206
torus_T_3_4,3,4,8,5,0.03,curvature_density,0.18,17,290,864,4,118,0.40689656138420105,0.7791666984558105,0.4311111111111111,0.06640625,13,18.901082719324773,1.0709455294647863,1.3210997381913439,23.450574051526853,0.0369269636626343,9.131641959215976,118.51510185558206
torus_T_3_4,3,4,8,5,0.03,curvature_density,0.18,33,1090,3264,4,252,0.2311926633119583,0.8886088728904724,0.7169614984391259,0.0859375,13,18.901082719324773,1.0709455294647863,1.3210997381913439,23.450574051526853,0.0369269636626343,9.131641959215976,118.51510185558206
torus_T_3_4,3,4,8,5,0.03,curvature_density,0.18,65,4226,12672,4,502,0.1187884509563446,0.9455605745315552,0.869992441421013,0.082275390625,13,18.901082719324773,1.0709455294647863,1.3210997381913439,23.450574051526853,0.0369269636626343,9.131641959215976,118.51510185558206
torus_T_3_4,3,4,8,5,0.03,signed_turning,0.1,9,82,240,4,34,0.4146341383457184,0.392857164144516,0.42857142857142855,0.078125,13,18.901082719324773,1.0709455294647863,1.3210997381913439,23.450574051526853,0.0369269636626343,9.131641959215976,118.51510185558206
torus_T_3_4,3,4,8,5,0.03,signed_turning,0.1,17,290,864,4,124,0.4275861978530884,0.6979166865348816,0.36,0.06640625,13,18.901082719324773,1.0709455294647863,1.3210997381913439,23.450574051526853,0.0369269636626343,9.131641959215976,118.51510185558206
torus_T_3_4,3,4,8,5,0.03,signed_turning,0.1,33,1090,3264,4,278,0.2550458610057831,0.8538306355476379,0.6628511966701354,0.0771484375,13,18.901082719324773,1.0709455294647863,1.3210997381913439,23.450574051526853,0.0369269636626343,9.131641959215976,118.51510185558206
torus_T_3_4,3,4,8,5,0.03,signed_turning,0.1,65,4226,12672,4,590,0.13961192965507507,0.92671138048172,0.8256487780297305,0.08154296875,13,18.901082719324773,1.0709455294647863,1.3210997381913439,23.450574051526853,0.0369269636626343,9.131641959215976,118.51510185558206
torus_T_3_4,3,4,8,5,0.03,signed_turning,0.18,9,82,240,4,42,0.5121951103210449,0.6071428656578064,0.18367346938775508,0.046875,13,18.901082719324773,1.0709455294647863,1.3210997381913439,23.450574051526853,0.0369269636626343,9.131641959215976,118.51510185558206
torus_T_3_4,3,4,8,5,0.03,signed_turning,0.18,17,290,864,4,104,0.35862070322036743,0.7729167342185974,0.5377777777777778,0.078125,13,18.901082719324773,1.0709455294647863,1.3210997381913439,23.450574051526853,0.0369269636626343,9.131641959215976,118.51510185558206
torus_T_3_4,3,4,8,5,0.03,signed_turning,0.18,33,1090,3264,4,230,0.2110091745853424,0.8855846524238586,0.7627471383975026,0.060546875,13,18.901082719324773,1.0709455294647863,1.3210997381913439,23.450574051526853,0.0369269636626343,9.131641959215976,118.51510185558206
torus_T_3_4,3,4,8,5,0.03,signed_turning,0.18,65,4226,12672,4,474,0.11216279864311218,0.9427083730697632,0.8841017888636937,0.056396484375,13,18.901082719324773,1.0709455294647863,1.3210997381913439,23.450574051526853,0.0369269636626343,9.131641959215976,118.51510185558206
torus_T_3_4,3,4,8,6,0.1,curvature_density,0.1,9,82,240,4,38,0.46341460943222046,0.5,0.26530612244897955,0.15625,8,15.408574093014465,1.3445434749922516,2.205921141902181,28.61582124435526,0.030022593021126642,6.148034558590275,56.799406663865746
torus_T_3_4,3,4,8,6,0.1,curvature_density,0.1,17,290,864,4,128,0.4413793087005615,0.7166666984558105,0.3244444444444444,0.21484375,8,15.408574093014465,1.3445434749922516,2.205921141902181,28.61582124435526,0.030022593021126642,6.148034558590275,56.799406663865746
torus_T_3_4,3,4,8,6,0.1,curvature_density,0.1,33,1090,3264,4,300,0.2752293646335602,0.8513104319572449,0.6170655567117587,0.1767578125,8,15.408574093014465,1.3445434749922516,2.205921141902181,28.61582124435526,0.030022593021126642,6.148034558590275,56.799406663865746
torus_T_3_4,3,4,8,6,0.1,curvature_density,0.1,65,4226,12672,4,598,0.14150497317314148,0.9265873432159424,0.8216175359032503,0.176513671875,8,15.408574093014465,1.3445434749922516,2.205921141902181,28.61582124435526,0.030022593021126642,6.148034558590275,56.799406663865746
torus_T_3_4,3,4,8,6,0.1,curvature_density,0.18,9,82,240,4,38,0.46341460943222046,0.5714285969734192,0.26530612244897955,0.15625,8,15.408574093014465,1.3445434749922516,2.205921141902181,28.61582124435526,0.030022593021126642,6.148034558590275,56.799406663865746
torus_T_3_4,3,4,8,6,0.1,curvature_density,0.18,17,290,864,4,116,0.4000000059604645,0.768750011920929,0.4311111111111111,0.16015625,8,15.408574093014465,1.3445434749922516,2.205921141902181,28.61582124435526,0.030022593021126642,6.148034558590275,56.799406663865746
torus_T_3_4,3,4,8,6,0.1,curvature_density,0.18,33,1090,3264,4,230,0.2110091745853424,0.8881047964096069,0.7627471383975026,0.138671875,8,15.408574093014465,1.3445434749922516,2.205921141902181,28.61582124435526,0.030022593021126642,6.148034558590275,56.799406663865746
torus_T_3_4,3,4,8,6,0.1,curvature_density,0.18,65,4226,12672,4,484,0.11452910304069519,0.9445685148239136,0.8790627362055934,0.141845703125,8,15.408574093014465,1.3445434749922516,2.205921141902181,28.61582124435526,0.030022593021126642,6.148034558590275,56.799406663865746
torus_T_3_4,3,4,8,6,0.1,signed_turning,0.1,9,82,240,4,34,0.4146341383457184,0.4910714626312256,0.3469387755102041,0.171875,8,15.408574093014465,1.3445434749922516,2.205921141902181,28.61582124435526,0.030022593021126642,6.148034558590275,56.799406663865746
torus_T_3_4,3,4,8,6,0.1,signed_turning,0.1,17,290,864,4,122,0.4206896424293518,0.7437500357627869,0.37777777777777777,0.17578125,8,15.408574093014465,1.3445434749922516,2.205921141902181,28.61582124435526,0.030022593021126642,6.148034558590275,56.799406663865746
torus_T_3_4,3,4,8,6,0.1,signed_turning,0.1,33,1090,3264,4,258,0.236697256565094,0.8629031777381897,0.704474505723205,0.1904296875,8,15.408574093014465,1.3445434749922516,2.205921141902181,28.61582124435526,0.030022593021126642,6.148034558590275,56.799406663865746
torus_T_3_4,3,4,8,6,0.1,signed_turning,0.1,65,4226,12672,4,562,0.13298627734184265,0.9294395446777344,0.8387503149407912,0.193359375,8,15.408574093014465,1.3445434749922516,2.205921141902181,28.61582124435526,0.030022593021126642,6.148034558590275,56.799406663865746
torus_T_3_4,3,4,8,6,0.1,signed_turning,0.18,9,82,240,4,32,0.39024388790130615,0.5267857313156128,0.42857142857142855,0.203125,8,15.408574093014465,1.3445434749922516,2.205921141902181,28.61582124435526,0.030022593021126642,6.148034558590275,56.799406663865746
torus_T_3_4,3,4,8,6,0.1,signed_turning,0.18,17,290,864,4,114,0.3931034505367279,0.7583333849906921,0.4488888888888889,0.12109375,8,15.408574093014465,1.3445434749922516,2.205921141902181,28.61582124435526,0.030022593021126642,6.148034558590275,56.799406663865746
torus_T_3_4,3,4,8,6,0.1,signed_turning,0.18,33,1090,3264,4,230,0.2110091745853424,0.8840725421905518,0.7627471383975026,0.1416015625,8,15.408574093014465,1.3445434749922516,2.205921141902181,28.61582124435526,0.030022593021126642,6.148034558590275,56.799406663865746
torus_T_3_4,3,4,8,6,0.1,signed_turning,0.18,65,4226,12672,4,480,0.11358258128166199,0.9424603581428528,0.8810783572688335,0.1376953125,8,15.408574093014465,1.3445434749922516,2.205921141902181,28.61582124435526,0.030022593021126642,6.148034558590275,56.799406663865746
torus_T_3_4,3,4,8,7,0.3,curvature_density,0.1,9,82,240,4,36,0.4390243887901306,0.5178571939468384,0.3469387755102041,0.375,4,6.968997730009615,4.126862155896751,40.307378543587056,190.7394996015728,0.014597591735727144,1.4505758738070114,5.5302485216815995
torus_T_3_4,3,4,8,7,0.3,curvature_density,0.1,17,290,864,4,106,0.3655172288417816,0.7333333492279053,0.52,0.30078125,4,6.968997730009615,4.126862155896751,40.307378543587056,190.7394996015728,0.014597591735727144,1.4505758738070114,5.5302485216815995
torus_T_3_4,3,4,8,7,0.3,curvature_density,0.1,33,1090,3264,4,222,0.2036697268486023,0.8689515590667725,0.7835587929240375,0.30078125,4,6.968997730009615,4.126862155896751,40.307378543587056,190.7394996015728,0.014597591735727144,1.4505758738070114,5.5302485216815995
torus_T_3_4,3,4,8,7,0.3,curvature_density,0.1,65,4226,12672,4,484,0.11452910304069519,0.9335318207740784,0.8800705467372135,0.315673828125,4,6.968997730009615,4.126862155896751,40.307378543587056,190.7394996015728,0.014597591735727144,1.4505758738070114,5.5302485216815995
torus_T_3_4,3,4,8,7,0.3,curvature_density,0.18,9,82,240,4,22,0.2682926654815674,0.625,0.7551020408163265,0.359375,4,6.968997730009615,4.126862155896751,40.307378543587056,190.7394996015728,0.014597591735727144,1.4505758738070114,5.5302485216815995
torus_T_3_4,3,4,8,7,0.3,curvature_density,0.18,17,290,864,4,76,0.2620689570903778,0.7937500476837158,0.7511111111111111,0.359375,4,6.968997730009615,4.126862155896751,40.307378543587056,190.7394996015728,0.014597591735727144,1.4505758738070114,5.5302485216815995
torus_T_3_4,3,4,8,7,0.3,curvature_density,0.18,33,1090,3264,4,184,0.16880734264850616,0.8986895084381104,0.8501560874089491,0.3330078125,4,6.968997730009615,4.126862155896751,40.307378543587056,190.7394996015728,0.014597591735727144,1.4505758738070114,5.5302485216815995
torus_T_3_4,3,4,8,7,0.3,curvature_density,0.18,65,4226,12672,4,376,0.0889730229973793,0.9496528506278992,0.9314688838498363,0.3388671875,4,6.968997730009615,4.126862155896751,40.307378543587056,190.7394996015728,0.014597591735727144,1.4505758738070114,5.5302485216815995
torus_T_3_4,3,4,8,7,0.3,signed_turning,0.1,9,82,240,4,32,0.39024388790130615,0.4642857313156128,0.5102040816326531,0.625,4,6.968997730009615,4.126862155896751,40.307378543587056,190.7394996015728,0.014597591735727144,1.4505758738070114,5.5302485216815995
torus_T_3_4,3,4,8,7,0.3,signed_turning,0.1,17,290,864,4,108,0.3724137842655182,0.737500011920929,0.5022222222222222,0.64453125,4,6.968997730009615,4.126862155896751,40.307378543587056,190.7394996015728,0.014597591735727144,1.4505758738070114,5.5302485216815995
torus_T_3_4,3,4,8,7,0.3,signed_turning,0.1,33,1090,3264,4,238,0.21834862232208252,0.8704636693000793,0.7460978147762748,0.6328125,4,6.968997730009615,4.126862155896751,40.307378543587056,190.7394996015728,0.014597591735727144,1.4505758738070114,5.5302485216815995
torus_T_3_4,3,4,8,7,0.3,signed_turning,0.1,65,4226,12672,4,482,0.11405584216117859,0.9355159401893616,0.8800705467372135,0.6240234375,4,6.968997730009615,4.126862155896751,40.307378543587056,190.7394996015728,0.014597591735727144,1.4505758738070114,5.5302485216815995
torus_T_3_4,3,4,8,7,0.3,signed_turning,0.18,9,82,240,4,28,0.3414633870124817,0.625,0.673469387755102,0.65625,4,6.968997730009615,4.126862155896751,40.307378543587056,190.7394996015728,0.014597591735727144,1.4505758738070114,5.5302485216815995
torus_T_3_4,3,4,8,7,0.3,signed_turning,0.18,17,290,864,4,76,0.2620689570903778,0.8062500357627869,0.7866666666666666,0.69921875,4,6.968997730009615,4.126862155896751,40.307378543587056,190.7394996015728,0.014597591735727144,1.4505758738070114,5.5302485216815995
torus_T_3_4,3,4,8,7,0.3,signed_turning,0.18,33,1090,3264,4,182,0.16697247326374054,0.9037297964096069,0.86264308012487,0.669921875,4,6.968997730009615,4.126862155896751,40.307378543587056,190.7394996015728,0.014597591735727144,1.4505758738070114,5.5302485216815995
torus_T_3_4,3,4,8,7,0.3,signed_turning,0.18,65,4226,12672,4,384,0.09086606651544571,0.9515129327774048,0.9294532627865962,0.67333984375,4,6.968997730009615,4.126862155896751,40.307378543587056,190.7394996015728,0.014597591735727144,1.4505758738070114,5.5302485216815995
torus_T_3_4,3,4,8,8,1.0,curvature_density,0.1,9,82,240,4,36,0.4390243887901306,0.5178571939468384,0.5102040816326531,0.3125,2,6.2831547817309605,1.000054445325314,1.01359928555931,6.284063991970939,0.012270996101885997,1.0000064769236066,1.0000647692557159
torus_T_3_4,3,4,8,8,1.0,curvature_density,0.1,17,290,864,4,104,0.35862070322036743,0.7500000596046448,0.5733333333333334,0.31640625,2,6.2831547817309605,1.000054445325314,1.01359928555931,6.284063991970939,0.012270996101885997,1.0000064769236066,1.0000647692557159
torus_T_3_4,3,4,8,8,1.0,curvature_density,0.1,33,1090,3264,4,232,0.21284404397010803,0.8770161271095276,0.7669094693028097,0.3330078125,2,6.2831547817309605,1.000054445325314,1.01359928555931,6.284063991970939,0.012270996101885997,1.0000064769236066,1.0000647692557159
torus_T_3_4,3,4,8,8,1.0,curvature_density,0.1,65,4226,12672,4,480,0.11358258128166199,0.939484179019928,0.8830939783320737,0.3291015625,2,6.2831547817309605,1.000054445325314,1.01359928555931,6.284063991970939,0.012270996101885997,1.0000064769236066,1.0000647692557159
torus_T_3_4,3,4,8,8,1.0,curvature_density,0.18,9,82,240,4,48,0.5853658318519592,0.5,-0.14285714285714285,0.328125,2,6.2831547817309605,1.000054445325314,1.01359928555931,6.284063991970939,0.012270996101885997,1.0000064769236066,1.0000647692557159
torus_T_3_4,3,4,8,8,1.0,curvature_density,0.18,17,290,864,4,112,0.38620689511299133,0.7583333849906921,0.5022222222222222,0.33984375,2,6.2831547817309605,1.000054445325314,1.01359928555931,6.284063991970939,0.012270996101885997,1.0000064769236066,1.0000647692557159
torus_T_3_4,3,4,8,8,1.0,curvature_density,0.18,33,1090,3264,4,232,0.21284404397010803,0.8830645084381104,0.7669094693028097,0.3310546875,2,6.2831547817309605,1.000054445325314,1.01359928555931,6.284063991970939,0.012270996101885997,1.0000064769236066,1.0000647692557159
torus_T_3_4,3,4,8,8,1.0,curvature_density,0.18,65,4226,12672,4,492,0.1164221465587616,0.941964328289032,0.8770471151423533,0.327392578125,2,6.2831547817309605,1.000054445325314,1.01359928555931,6.284063991970939,0.012270996101885997,1.0000064769236066,1.0000647692557159
torus_T_3_4,3,4,8,8,1.0,signed_turning,0.1,9,82,240,4,36,0.4390243887901306,0.5,0.673469387755102,0.6875,2,6.2831547817309605,1.000054445325314,1.01359928555931,6.284063991970939,0.012270996101885997,1.0000064769236066,1.0000647692557159
torus_T_3_4,3,4,8,8,1.0,signed_turning,0.1,17,290,864,4,108,0.3724137842655182,0.7500000596046448,0.5733333333333334,0.6640625,2,6.2831547817309605,1.000054445325314,1.01359928555931,6.284063991970939,0.012270996101885997,1.0000064769236066,1.0000647692557159
torus_T_3_4,3,4,8,8,1.0,signed_turning,0.1,33,1090,3264,4,228,0.20917432010173798,0.8770161271095276,0.7835587929240375,0.669921875,2,6.2831547817309605,1.000054445325314,1.01359928555931,6.284063991970939,0.012270996101885997,1.0000064769236066,1.0000647692557159
torus_T_3_4,3,4,8,8,1.0,signed_turning,0.1,65,4226,12672,4,484,0.11452910304069519,0.939484179019928,0.8830939783320737,0.656005859375,2,6.2831547817309605,1.000054445325314,1.01359928555931,6.284063991970939,0.012270996101885997,1.0000064769236066,1.0000647692557159
torus_T_3_4,3,4,8,8,1.0,signed_turning,0.18,9,82,240,4,52,0.6341463327407837,0.5,-0.14285714285714285,0.671875,2,6.2831547817309605,1.000054445325314,1.01359928555931,6.284063991970939,0.012270996101885997,1.0000064769236066,1.0000647692557159
torus_T_3_4,3,4,8,8,1.0,signed_turning,0.18,17,290,864,4,116,0.4000000059604645,0.7583333849906921,0.5022222222222222,0.6796875,2,6.2831547817309605,1.000054445325314,1.01359928555931,6.284063991970939,0.012270996101885997,1.0000064769236066,1.0000647692557159
torus_T_3_4,3,4,8,8,1.0,signed_turning,0.18,33,1090,3264,4,236,0.2165137678384781,0.8830645084381104,0.7669094693028097,0.6767578125,2,6.2831547817309605,1.000054445325314,1.01359928555931,6.284063991970939,0.012270996101885997,1.0000064769236066,1.0000647692557159
torus_T_3_4,3,4,8,8,1.0,signed_turning,0.18,65,4226,12672,4,492,0.1164221465587616,0.9424603581428528,0.8790627362055934,0.676025390625,2,6.2831547817309605,1.000054445325314,1.01359928555931,6.284063991970939,0.012270996101885997,1.0000064769236066,1.0000647692557159
