hurst,sample_id,grid_size,periodic_resolution,estimated_hurst,vertex_count,edge_count,odd_degree_vertex_count,odd_degree_vertex_fraction,chromatic_number,main_diagonal_fraction,neighbor_diagonal_sign_agreement,predicted_neighbor_diagonal_sign_agreement,neighbor_sign_agreement_residual,mean_absolute_mixed_curvature
0.1,0,17,64,0.27826952934265137,290,864,110,0.37931033968925476,4,0.49609375,0.3333333432674408,0.3583007242442551,-0.02496737241744995,1.1744401454925537
0.1,1,17,64,0.3028252124786377,290,864,116,0.4000000059604645,4,0.50390625,0.3229166865348816,0.3583007242442551,-0.035384029150009155,1.305550456047058
0.1,2,17,64,0.2937345504760742,290,864,116,0.4000000059604645,4,0.48828125,0.3187500238418579,0.3583007242442551,-0.03955069184303284,1.071732521057129
0.1,3,17,64,0.3021024465560913,290,864,118,0.40689656138420105,4,0.5,0.3750000298023224,0.3583007242442551,0.01669931411743164,1.0530834197998047
0.1,4,17,64,0.27121609449386597,290,864,106,0.3655172288417816,4,0.4921875,0.3541666865348816,0.3583007242442551,-0.004134029150009155,1.2479711771011353
0.1,5,17,64,0.27755898237228394,290,864,130,0.4482758641242981,4,0.5,0.37708336114883423,0.3583007242442551,0.01878264546394348,1.0219824314117432
0.1,6,17,64,0.3042246699333191,290,864,102,0.35172414779663086,4,0.4765625,0.36666667461395264,0.3583007242442551,0.00836595892906189,1.1037828922271729
0.1,7,17,64,0.31702902913093567,290,864,120,0.41379308700561523,4,0.51953125,0.39791667461395264,0.3583007242442551,0.03961595892906189,1.04488205909729
0.1,8,17,64,0.3201363980770111,290,864,106,0.3655172288417816,4,0.5078125,0.31041666865348816,0.3583007242442551,-0.04788404703140259,1.0933990478515625
0.1,9,17,64,0.3077101707458496,290,864,122,0.4206896424293518,4,0.453125,0.35625001788139343,0.3583007242442551,-0.0020506978034973145,0.9727472066879272
0.1,10,17,64,0.28653663396835327,290,864,118,0.40689656138420105,4,0.48046875,0.3375000059604645,0.3583007242442551,-0.02080070972442627,1.3665589094161987
0.1,11,17,64,0.2938525676727295,290,864,118,0.40689656138420105,4,0.5,0.3333333432674408,0.3583007242442551,-0.02496737241744995,1.1449846029281616
0.1,12,17,64,0.2994649112224579,290,864,120,0.41379308700561523,4,0.5,0.37708336114883423,0.3583007242442551,0.01878264546394348,1.2895961999893188
0.1,13,17,64,0.32593587040901184,290,864,120,0.41379308700561523,4,0.48828125,0.3604166805744171,0.3583007242442551,0.002115964889526367,1.1582419872283936
0.1,14,17,64,0.33233168721199036,290,864,116,0.4000000059604645,4,0.5078125,0.35208335518836975,0.3583007242442551,-0.006217360496520996,1.1473231315612793
0.1,15,17,64,0.3031846880912781,290,864,114,0.3931034505367279,4,0.53125,0.3375000059604645,0.3583007242442551,-0.02080070972442627,1.1572805643081665
0.1,16,17,64,0.31203508377075195,290,864,110,0.37931033968925476,4,0.49609375,0.3604166805744171,0.3583007242442551,0.002115964889526367,0.9282830953598022
0.1,17,17,64,0.3257732391357422,290,864,114,0.3931034505367279,4,0.51171875,0.34583336114883423,0.3583007242442551,-0.012467354536056519,1.05393648147583
0.1,18,17,64,0.3060162663459778,290,864,110,0.37931033968925476,4,0.4921875,0.3583333492279053,0.3583007242442551,3.263354301452637e-05,1.0092096328735352
0.1,19,17,64,0.29642075300216675,290,864,106,0.3655172288417816,4,0.5,0.3062500059604645,0.3583007242442551,-0.05205070972442627,1.1945936679840088
0.1,20,17,64,0.2996455729007721,290,864,116,0.4000000059604645,4,0.5,0.34791669249534607,0.3583007242442551,-0.010384023189544678,1.3353307247161865
0.1,21,17,64,0.3354252576828003,290,864,134,0.46206897497177124,4,0.48046875,0.39791667461395264,0.3583007242442551,0.03961595892906189,1.0532166957855225
0.1,22,17,64,0.32032454013824463,290,864,126,0.43448275327682495,4,0.4765625,0.35208335518836975,0.3583007242442551,-0.006217360496520996,1.012571096420288
0.1,23,17,64,0.31984907388687134,290,864,120,0.41379308700561523,4,0.52734375,0.3895833492279053,0.3583007242442551,0.031282633543014526,1.1189634799957275
0.1,24,17,64,0.3089214861392975,290,864,128,0.4413793087005615,4,0.48046875,0.34583336114883423,0.3583007242442551,-0.012467354536056519,1.194077730178833
0.1,25,17,64,0.3105781078338623,290,864,132,0.45517241954803467,4,0.4765625,0.4062500298023224,0.3583007242442551,0.04794931411743164,1.0083768367767334
0.1,26,17,64,0.32845160365104675,290,864,128,0.4413793087005615,4,0.5,0.41041669249534607,0.3583007242442551,0.05211597681045532,1.0480676889419556
0.1,27,17,64,0.29390785098075867,290,864,126,0.43448275327682495,4,0.47265625,0.3375000059604645,0.3583007242442551,-0.02080070972442627,1.1869375705718994
0.1,28,17,64,0.31552669405937195,290,864,120,0.41379308700561523,4,0.484375,0.3229166865348816,0.3583007242442551,-0.035384029150009155,0.9624584317207336
0.1,29,17,64,0.31369853019714355,290,864,130,0.4482758641242981,4,0.50390625,0.3541666865348816,0.3583007242442551,-0.004134029150009155,1.025198221206665
0.1,30,17,64,0.3011167347431183,290,864,132,0.45517241954803467,4,0.5078125,0.3854166865348816,0.3583007242442551,0.027115970849990845,1.0406447649002075
0.1,31,17,64,0.28826045989990234,290,864,124,0.4275861978530884,4,0.5078125,0.3645833432674408,0.3583007242442551,0.006282627582550049,1.192650318145752
0.1,32,17,64,0.3330226540565491,290,864,112,0.38620689511299133,4,0.51171875,0.3500000238418579,0.3583007242442551,-0.008300691843032837,0.9545910358428955
0.1,33,17,64,0.3098137080669403,290,864,122,0.4206896424293518,4,0.51171875,0.3750000298023224,0.3583007242442551,0.01669931411743164,1.0242772102355957
0.1,34,17,64,0.3039774000644684,290,864,120,0.41379308700561523,4,0.48046875,0.39375001192092896,0.3583007242442551,0.03544929623603821,0.9282667636871338
0.1,35,17,64,0.3621891736984253,290,864,136,0.4689655303955078,4,0.4765625,0.3687500059604645,0.3583007242442551,0.01044929027557373,0.7240309715270996
0.1,36,17,64,0.28616705536842346,290,864,98,0.3379310369491577,4,0.5,0.3375000059604645,0.3583007242442551,-0.02080070972442627,1.1156857013702393
0.1,37,17,64,0.31617528200149536,290,864,122,0.4206896424293518,4,0.46875,0.3708333671092987,0.3583007242442551,0.012532651424407959,1.0429505109786987
0.1,38,17,64,0.3036051094532013,290,864,112,0.38620689511299133,4,0.48046875,0.3583333492279053,0.3583007242442551,3.263354301452637e-05,0.9978427886962891
0.1,39,17,64,0.30741798877716064,290,864,110,0.37931033968925476,4,0.49609375,0.3229166865348816,0.3583007242442551,-0.035384029150009155,1.16152024269104
0.1,40,17,64,0.3243125379085541,290,864,116,0.4000000059604645,4,0.48828125,0.34583336114883423,0.3583007242442551,-0.012467354536056519,1.1177281141281128
0.1,41,17,64,0.31456777453422546,290,864,110,0.37931033968925476,4,0.5078125,0.3375000059604645,0.3583007242442551,-0.02080070972442627,0.9432003498077393
0.1,42,17,64,0.29672718048095703,290,864,118,0.40689656138420105,4,0.48828125,0.36666667461395264,0.3583007242442551,0.00836595892906189,1.0681262016296387
0.1,43,17,64,0.29997241497039795,290,864,116,0.4000000059604645,4,0.51171875,0.35208335518836975,0.3583007242442551,-0.006217360496520996,1.0892088413238525
0.1,44,17,64,0.2929895222187042,290,864,128,0.4413793087005615,4,0.5,0.3583333492279053,0.3583007242442551,3.263354301452637e-05,1.1884901523590088
0.1,45,17,64,0.2880307137966156,290,864,110,0.37931033968925476,4,0.5078125,0.34791669249534607,0.3583007242442551,-0.010384023189544678,1.2134380340576172
0.1,46,17,64,0.2939258813858032,290,864,108,0.3724137842655182,4,0.49609375,0.3229166865348816,0.3583007242442551,-0.035384029150009155,1.1683636903762817
0.1,47,17,64,0.29393693804740906,290,864,122,0.4206896424293518,4,0.5078125,0.37916669249534607,0.3583007242442551,0.020865976810455322,1.1882504224777222
0.1,48,17,64,0.2755177617073059,290,864,126,0.43448275327682495,4,0.51953125,0.3895833492279053,0.3583007242442551,0.031282633543014526,1.236824631690979
0.1,49,17,64,0.3130345046520233,290,864,120,0.41379308700561523,4,0.4921875,0.38333335518836975,0.3583007242442551,0.025032639503479004,0.8708568811416626
0.1,50,17,64,0.3201541006565094,290,864,134,0.46206897497177124,4,0.51953125,0.36666667461395264,0.3583007242442551,0.00836595892906189,0.8884384036064148
0.1,51,17,64,0.3299044072628021,290,864,130,0.4482758641242981,4,0.515625,0.3645833432674408,0.3583007242442551,0.006282627582550049,0.8481440544128418
0.1,52,17,64,0.29883819818496704,290,864,124,0.4275861978530884,4,0.5,0.4020833671092987,0.3583007242442551,0.04378265142440796,1.104900598526001
0.1,53,17,64,0.3080396354198456,290,864,114,0.3931034505367279,4,0.5078125,0.3604166805744171,0.3583007242442551,0.002115964889526367,1.0830214023590088
0.1,54,17,64,0.31181198358535767,290,864,106,0.3655172288417816,4,0.50390625,0.31666669249534607,0.3583007242442551,-0.04163402318954468,1.078004002571106
0.1,55,17,64,0.28887268900871277,290,864,98,0.3379310369491577,4,0.4765625,0.3083333373069763,0.3583007242442551,-0.04996737837791443,1.1697778701782227
0.1,56,17,64,0.2998516857624054,290,864,124,0.4275861978530884,4,0.49609375,0.3604166805744171,0.3583007242442551,0.002115964889526367,1.1109709739685059
0.1,57,17,64,0.3108525574207306,290,864,112,0.38620689511299133,4,0.47265625,0.34166669845581055,0.3583007242442551,-0.0166340172290802,0.9396592974662781
0.1,58,17,64,0.3116382956504822,290,864,132,0.45517241954803467,4,0.5390625,0.3708333671092987,0.3583007242442551,0.012532651424407959,0.9919953346252441
0.1,59,17,64,0.32677820324897766,290,864,116,0.4000000059604645,4,0.47265625,0.3395833373069763,0.3583007242442551,-0.01871737837791443,0.98439621925354
0.1,60,17,64,0.3037821054458618,290,864,132,0.45517241954803467,4,0.4921875,0.3750000298023224,0.3583007242442551,0.01669931411743164,1.155900239944458
0.1,61,17,64,0.2628948390483856,290,864,108,0.3724137842655182,4,0.5078125,0.3125000298023224,0.3583007242442551,-0.04580068588256836,1.2923957109451294
0.1,62,17,64,0.3238089680671692,290,864,114,0.3931034505367279,4,0.48046875,0.3333333432674408,0.3583007242442551,-0.02496737241744995,1.130037784576416
0.1,63,17,64,0.31532448530197144,290,864,134,0.46206897497177124,4,0.4921875,0.41875001788139343,0.3583007242442551,0.060449302196502686,0.9106446504592896
0.1,64,17,64,0.2888050973415375,290,864,114,0.3931034505367279,4,0.46484375,0.3500000238418579,0.3583007242442551,-0.008300691843032837,1.1521984338760376
0.1,65,17,64,0.3264363706111908,290,864,114,0.3931034505367279,4,0.5,0.34791669249534607,0.3583007242442551,-0.010384023189544678,1.0033528804779053
0.1,66,17,64,0.2727590799331665,290,864,118,0.40689656138420105,4,0.53125,0.3125000298023224,0.3583007242442551,-0.04580068588256836,1.2171216011047363
0.1,67,17,64,0.28323277831077576,290,864,122,0.4206896424293518,4,0.50390625,0.3541666865348816,0.3583007242442551,-0.004134029150009155,1.0044218301773071
0.1,68,17,64,0.33378171920776367,290,864,132,0.45517241954803467,4,0.49609375,0.3708333671092987,0.3583007242442551,0.012532651424407959,1.1014418601989746
0.1,69,17,64,0.3130882978439331,290,864,116,0.4000000059604645,4,0.484375,0.3604166805744171,0.3583007242442551,0.002115964889526367,1.0992220640182495
0.1,70,17,64,0.30487173795700073,290,864,118,0.40689656138420105,4,0.5,0.34166669845581055,0.3583007242442551,-0.0166340172290802,0.9463177919387817
0.1,71,17,64,0.284356027841568,290,864,120,0.41379308700561523,4,0.5,0.3395833373069763,0.3583007242442551,-0.01871737837791443,1.061385154724121
0.1,72,17,64,0.2953057587146759,290,864,96,0.33103448152542114,4,0.51953125,0.31041666865348816,0.3583007242442551,-0.04788404703140259,1.031293511390686
0.1,73,17,64,0.3193996846675873,290,864,124,0.4275861978530884,4,0.52734375,0.3750000298023224,0.3583007242442551,0.01669931411743164,0.7994046211242676
0.1,74,17,64,0.31840983033180237,290,864,116,0.4000000059604645,4,0.5,0.34583336114883423,0.3583007242442551,-0.012467354536056519,1.119282841682434
0.1,75,17,64,0.2704279124736786,290,864,128,0.4413793087005615,4,0.50390625,0.35208335518836975,0.3583007242442551,-0.006217360496520996,1.085524320602417
0.1,76,17,64,0.3056943416595459,290,864,124,0.4275861978530884,4,0.4765625,0.3604166805744171,0.3583007242442551,0.002115964889526367,1.2209620475769043
0.1,77,17,64,0.32732850313186646,290,864,110,0.37931033968925476,4,0.4921875,0.33125001192092896,0.3583007242442551,-0.027050703763961792,0.9982756972312927
0.1,78,17,64,0.2833681106567383,290,864,116,0.4000000059604645,4,0.51171875,0.35208335518836975,0.3583007242442551,-0.006217360496520996,1.0859994888305664
0.1,79,17,64,0.30624309182167053,290,864,110,0.37931033968925476,4,0.49609375,0.37916669249534607,0.3583007242442551,0.020865976810455322,1.0553014278411865
0.1,80,17,64,0.3288939893245697,290,864,122,0.4206896424293518,4,0.50390625,0.3541666865348816,0.3583007242442551,-0.004134029150009155,0.9166518449783325
0.1,81,17,64,0.33357471227645874,290,864,118,0.40689656138420105,4,0.50390625,0.3500000238418579,0.3583007242442551,-0.008300691843032837,0.8597888350486755
0.1,82,17,64,0.317927747964859,290,864,140,0.48275861144065857,4,0.5,0.35625001788139343,0.3583007242442551,-0.0020506978034973145,1.1714165210723877
0.1,83,17,64,0.3117976486682892,290,864,140,0.48275861144065857,4,0.4765625,0.37291669845581055,0.3583007242442551,0.0146159827709198,0.882625937461853
0.1,84,17,64,0.31772613525390625,290,864,116,0.4000000059604645,4,0.49609375,0.36666667461395264,0.3583007242442551,0.00836595892906189,1.1284698247909546
0.1,85,17,64,0.31388792395591736,290,864,116,0.4000000059604645,4,0.48046875,0.33541667461395264,0.3583007242442551,-0.02288404107093811,0.9805606007575989
0.1,86,17,64,0.2922150194644928,290,864,118,0.40689656138420105,4,0.51171875,0.32500001788139343,0.3583007242442551,-0.033300697803497314,1.1484591960906982
0.1,87,17,64,0.3426280617713928,290,864,130,0.4482758641242981,4,0.52734375,0.38750001788139343,0.3583007242442551,0.029199302196502686,0.7977853417396545
0.1,88,17,64,0.3183870315551758,290,864,114,0.3931034505367279,4,0.48828125,0.34791669249534607,0.3583007242442551,-0.010384023189544678,1.1834213733673096
0.1,89,17,64,0.3075738251209259,290,864,118,0.40689656138420105,4,0.49609375,0.36250001192092896,0.3583007242442551,0.004199296236038208,1.0982632637023926
0.1,90,17,64,0.31170758605003357,290,864,118,0.40689656138420105,4,0.46875,0.3270833492279053,0.3583007242442551,-0.031217366456985474,1.160260558128357
0.1,91,17,64,0.2902299463748932,290,864,114,0.3931034505367279,4,0.484375,0.3708333671092987,0.3583007242442551,0.012532651424407959,0.9242982268333435
0.1,92,17,64,0.3066639304161072,290,864,106,0.3655172288417816,4,0.5078125,0.3500000238418579,0.3583007242442551,-0.008300691843032837,0.9892327189445496
0.1,93,17,64,0.3136478066444397,290,864,132,0.45517241954803467,4,0.50390625,0.37291669845581055,0.3583007242442551,0.0146159827709198,1.1932222843170166
0.1,94,17,64,0.3262098431587219,290,864,130,0.4482758641242981,4,0.50390625,0.3437500298023224,0.3583007242442551,-0.01455068588256836,0.9636558890342712
0.1,95,17,64,0.31004422903060913,290,864,120,0.41379308700561523,4,0.5,0.3604166805744171,0.3583007242442551,0.002115964889526367,0.9539574384689331
0.1,96,17,64,0.3253246247768402,290,864,106,0.3655172288417816,4,0.484375,0.31458336114883423,0.3583007242442551,-0.04371735453605652,1.211321473121643
0.1,97,17,64,0.30823856592178345,290,864,112,0.38620689511299133,4,0.49609375,0.34166669845581055,0.3583007242442551,-0.0166340172290802,1.307616949081421
0.1,98,17,64,0.29774245619773865,290,864,134,0.46206897497177124,4,0.46875,0.4020833671092987,0.3583007242442551,0.04378265142440796,1.0640575885772705
0.1,99,17,64,0.31870749592781067,290,864,138,0.475862056016922,4,0.49609375,0.3750000298023224,0.3583007242442551,0.01669931411743164,1.0307403802871704
0.1,100,17,64,0.3037598431110382,290,864,120,0.41379308700561523,4,0.48828125,0.38750001788139343,0.3583007242442551,0.029199302196502686,1.0242245197296143
0.1,101,17,64,0.2735983431339264,290,864,108,0.3724137842655182,4,0.51953125,0.3333333432674408,0.3583007242442551,-0.02496737241744995,1.2399475574493408
0.1,102,17,64,0.3014304041862488,290,864,108,0.3724137842655182,4,0.5,0.3083333373069763,0.3583007242442551,-0.04996737837791443,1.011628270149231
0.1,103,17,64,0.30601760745048523,290,864,128,0.4413793087005615,4,0.5,0.3583333492279053,0.3583007242442551,3.263354301452637e-05,1.09530508518219
0.1,104,17,64,0.33495450019836426,290,864,112,0.38620689511299133,4,0.50390625,0.3437500298023224,0.3583007242442551,-0.01455068588256836,0.9853639602661133
0.1,105,17,64,0.30392730236053467,290,864,132,0.45517241954803467,4,0.50390625,0.3687500059604645,0.3583007242442551,0.01044929027557373,1.0963246822357178
0.1,106,17,64,0.318800687789917,290,864,124,0.4275861978530884,4,0.49609375,0.3854166865348816,0.3583007242442551,0.027115970849990845,1.0725573301315308
0.1,107,17,64,0.29769638180732727,290,864,120,0.41379308700561523,4,0.49609375,0.35625001788139343,0.3583007242442551,-0.0020506978034973145,1.066540002822876
0.1,108,17,64,0.302590548992157,290,864,126,0.43448275327682495,4,0.51953125,0.3687500059604645,0.3583007242442551,0.01044929027557373,1.2495503425598145
0.1,109,17,64,0.3054081201553345,290,864,112,0.38620689511299133,4,0.50390625,0.35625001788139343,0.3583007242442551,-0.0020506978034973145,1.2296383380889893
0.1,110,17,64,0.28434017300605774,290,864,114,0.3931034505367279,4,0.52734375,0.35208335518836975,0.3583007242442551,-0.006217360496520996,1.135513424873352
0.1,111,17,64,0.3170127868652344,290,864,122,0.4206896424293518,4,0.5078125,0.36250001192092896,0.3583007242442551,0.004199296236038208,1.2111767530441284
0.1,112,17,64,0.2832200825214386,290,864,114,0.3931034505367279,4,0.515625,0.34166669845581055,0.3583007242442551,-0.0166340172290802,1.1627452373504639
0.1,113,17,64,0.2867942750453949,290,864,124,0.4275861978530884,4,0.49609375,0.35625001788139343,0.3583007242442551,-0.0020506978034973145,1.0901238918304443
0.1,114,17,64,0.31287556886672974,290,864,118,0.40689656138420105,4,0.5,0.37291669845581055,0.3583007242442551,0.0146159827709198,0.9986345171928406
0.1,115,17,64,0.3190052807331085,290,864,124,0.4275861978530884,4,0.51171875,0.39375001192092896,0.3583007242442551,0.03544929623603821,1.0050921440124512
0.1,116,17,64,0.3155280649662018,290,864,110,0.37931033968925476,4,0.48046875,0.3291666805744171,0.3583007242442551,-0.029134035110473633,1.2944772243499756
0.1,117,17,64,0.32126280665397644,290,864,116,0.4000000059604645,4,0.50390625,0.40000003576278687,0.3583007242442551,0.04169932007789612,0.9132006168365479
0.1,118,17,64,0.29582053422927856,290,864,114,0.3931034505367279,4,0.50390625,0.32500001788139343,0.3583007242442551,-0.033300697803497314,1.0892854928970337
0.1,119,17,64,0.2873915135860443,290,864,114,0.3931034505367279,4,0.51953125,0.34583336114883423,0.3583007242442551,-0.012467354536056519,1.144338846206665
0.1,120,17,64,0.3048335015773773,290,864,144,0.4965517222881317,4,0.4921875,0.3895833492279053,0.3583007242442551,0.031282633543014526,0.9599639773368835
0.1,121,17,64,0.31321313977241516,290,864,118,0.40689656138420105,4,0.4765625,0.34791669249534607,0.3583007242442551,-0.010384023189544678,1.0381994247436523
0.1,122,17,64,0.29812386631965637,290,864,138,0.475862056016922,4,0.49609375,0.3854166865348816,0.3583007242442551,0.027115970849990845,1.0821746587753296
0.1,123,17,64,0.34657323360443115,290,864,114,0.3931034505367279,4,0.50390625,0.3687500059604645,0.3583007242442551,0.01044929027557373,0.9525107145309448
0.1,124,17,64,0.292206734418869,290,864,118,0.40689656138420105,4,0.5078125,0.3187500238418579,0.3583007242442551,-0.03955069184303284,1.3086448907852173
0.1,125,17,64,0.32106536626815796,290,864,114,0.3931034505367279,4,0.50390625,0.34166669845581055,0.3583007242442551,-0.0166340172290802,1.091530680656433
0.1,126,17,64,0.3164035975933075,290,864,128,0.4413793087005615,4,0.48046875,0.3750000298023224,0.3583007242442551,0.01669931411743164,0.9405114650726318
0.1,127,17,64,0.2836870551109314,290,864,124,0.4275861978530884,4,0.49609375,0.3604166805744171,0.3583007242442551,0.002115964889526367,1.2329001426696777
0.1,128,17,64,0.29848629236221313,290,864,124,0.4275861978530884,4,0.5234375,0.3395833373069763,0.3583007242442551,-0.01871737837791443,1.0912001132965088
0.1,129,17,64,0.31282955408096313,290,864,116,0.4000000059604645,4,0.53125,0.3604166805744171,0.3583007242442551,0.002115964889526367,1.0425505638122559
0.1,130,17,64,0.27349820733070374,290,864,116,0.4000000059604645,4,0.49609375,0.34583336114883423,0.3583007242442551,-0.012467354536056519,1.064946174621582
0.1,131,17,64,0.29915040731430054,290,864,130,0.4482758641242981,4,0.48828125,0.4125000238418579,0.3583007242442551,0.05419930815696716,1.0341486930847168
0.1,132,17,64,0.2929912805557251,290,864,106,0.3655172288417816,4,0.51171875,0.37291669845581055,0.3583007242442551,0.0146159827709198,1.1507586240768433
0.1,133,17,64,0.2692045271396637,290,864,106,0.3655172288417816,4,0.5078125,0.2979166805744171,0.3583007242442551,-0.06038403511047363,1.3485095500946045
0.1,134,17,64,0.2962362766265869,290,864,128,0.4413793087005615,4,0.4921875,0.40000003576278687,0.3583007242442551,0.04169932007789612,0.9454061985015869
0.1,135,17,64,0.31899723410606384,290,864,136,0.4689655303955078,4,0.49609375,0.4062500298023224,0.3583007242442551,0.04794931411743164,0.9890469312667847
0.1,136,17,64,0.31257420778274536,290,864,126,0.43448275327682495,4,0.47265625,0.34791669249534607,0.3583007242442551,-0.010384023189544678,1.0956535339355469
0.1,137,17,64,0.2479097694158554,290,864,124,0.4275861978530884,4,0.5234375,0.36666667461395264,0.3583007242442551,0.00836595892906189,1.3677093982696533
0.1,138,17,64,0.2760932743549347,290,864,114,0.3931034505367279,4,0.50390625,0.3645833432674408,0.3583007242442551,0.006282627582550049,1.1572617292404175
0.1,139,17,64,0.2726390063762665,290,864,110,0.37931033968925476,4,0.49609375,0.3291666805744171,0.3583007242442551,-0.029134035110473633,1.4753143787384033
0.1,140,17,64,0.31203868985176086,290,864,130,0.4482758641242981,4,0.46875,0.3541666865348816,0.3583007242442551,-0.004134029150009155,1.0783771276474
0.1,141,17,64,0.32259097695350647,290,864,126,0.43448275327682495,4,0.49609375,0.3375000059604645,0.3583007242442551,-0.02080070972442627,1.1738734245300293
0.1,142,17,64,0.2862759232521057,290,864,110,0.37931033968925476,4,0.5234375,0.34166669845581055,0.3583007242442551,-0.0166340172290802,0.9953235983848572
0.1,143,17,64,0.3032147288322449,290,864,126,0.43448275327682495,4,0.48828125,0.3604166805744171,0.3583007242442551,0.002115964889526367,1.1579599380493164
0.1,144,17,64,0.30791765451431274,290,864,100,0.3448275923728943,4,0.50390625,0.3291666805744171,0.3583007242442551,-0.029134035110473633,0.9622905254364014
0.1,145,17,64,0.296987920999527,290,864,126,0.43448275327682495,4,0.484375,0.36250001192092896,0.3583007242442551,0.004199296236038208,1.2063682079315186
0.1,146,17,64,0.3403930962085724,290,864,116,0.4000000059604645,4,0.46484375,0.3895833492279053,0.3583007242442551,0.031282633543014526,1.0052003860473633
0.1,147,17,64,0.32394808530807495,290,864,122,0.4206896424293518,4,0.53515625,0.39375001192092896,0.3583007242442551,0.03544929623603821,0.978493332862854
0.1,148,17,64,0.29388993978500366,290,864,118,0.40689656138420105,4,0.5234375,0.34583336114883423,0.3583007242442551,-0.012467354536056519,1.1985108852386475
0.1,149,17,64,0.31727951765060425,290,864,132,0.45517241954803467,4,0.4765625,0.3645833432674408,0.3583007242442551,0.006282627582550049,1.0094785690307617
0.1,150,17,64,0.2859867215156555,290,864,140,0.48275861144065857,4,0.5078125,0.3916666805744171,0.3583007242442551,0.03336596488952637,1.1479244232177734
0.1,151,17,64,0.30224770307540894,290,864,114,0.3931034505367279,4,0.5078125,0.35208335518836975,0.3583007242442551,-0.006217360496520996,1.2392420768737793
0.1,152,17,64,0.2738106846809387,290,864,110,0.37931033968925476,4,0.51171875,0.33541667461395264,0.3583007242442551,-0.02288404107093811,1.0248366594314575
0.1,153,17,64,0.2947693467140198,290,864,112,0.38620689511299133,4,0.52734375,0.33125001192092896,0.3583007242442551,-0.027050703763961792,0.8946725130081177
0.1,154,17,64,0.3291756212711334,290,864,120,0.41379308700561523,4,0.4609375,0.3687500059604645,0.3583007242442551,0.01044929027557373,1.0833197832107544
0.1,155,17,64,0.32633888721466064,290,864,140,0.48275861144065857,4,0.4765625,0.40000003576278687,0.3583007242442551,0.04169932007789612,1.0197422504425049
0.1,156,17,64,0.3327760696411133,290,864,122,0.4206896424293518,4,0.49609375,0.35208335518836975,0.3583007242442551,-0.006217360496520996,1.0154368877410889
0.1,157,17,64,0.3220411241054535,290,864,124,0.4275861978530884,4,0.48046875,0.34166669845581055,0.3583007242442551,-0.0166340172290802,1.1251018047332764
0.1,158,17,64,0.2978261411190033,290,864,116,0.4000000059604645,4,0.4921875,0.36666667461395264,0.3583007242442551,0.00836595892906189,1.0256086587905884
0.1,159,17,64,0.281205952167511,290,864,134,0.46206897497177124,4,0.51953125,0.4020833671092987,0.3583007242442551,0.04378265142440796,1.0554461479187012
0.1,160,17,64,0.29550617933273315,290,864,128,0.4413793087005615,4,0.5,0.3270833492279053,0.3583007242442551,-0.031217366456985474,1.11832594871521
0.1,161,17,64,0.28473982214927673,290,864,108,0.3724137842655182,4,0.50390625,0.3437500298023224,0.3583007242442551,-0.01455068588256836,1.1908504962921143
0.1,162,17,64,0.29416424036026,290,864,120,0.41379308700561523,4,0.49609375,0.3687500059604645,0.3583007242442551,0.01044929027557373,1.1562533378601074
0.1,163,17,64,0.3094603717327118,290,864,124,0.4275861978530884,4,0.50390625,0.3541666865348816,0.3583007242442551,-0.004134029150009155,1.117874026298523
0.1,164,17,64,0.2989724278450012,290,864,120,0.41379308700561523,4,0.48046875,0.3541666865348816,0.3583007242442551,-0.004134029150009155,1.1808220148086548
0.1,165,17,64,0.31828707456588745,290,864,120,0.41379308700561523,4,0.5078125,0.3604166805744171,0.3583007242442551,0.002115964889526367,1.0025718212127686
0.1,166,17,64,0.28377124667167664,290,864,126,0.43448275327682495,4,0.51171875,0.37291669845581055,0.3583007242442551,0.0146159827709198,0.9399240016937256
0.1,167,17,64,0.28715652227401733,290,864,120,0.41379308700561523,4,0.5078125,0.39375001192092896,0.3583007242442551,0.03544929623603821,1.1854193210601807
0.1,168,17,64,0.31668636202812195,290,864,130,0.4482758641242981,4,0.46875,0.3604166805744171,0.3583007242442551,0.002115964889526367,1.0779545307159424
0.1,169,17,64,0.2902887463569641,290,864,126,0.43448275327682495,4,0.4921875,0.3333333432674408,0.3583007242442551,-0.02496737241744995,1.015641212463379
0.1,170,17,64,0.2863921821117401,290,864,108,0.3724137842655182,4,0.50390625,0.3437500298023224,0.3583007242442551,-0.01455068588256836,1.1810258626937866
0.1,171,17,64,0.30734843015670776,290,864,120,0.41379308700561523,4,0.4765625,0.37916669249534607,0.3583007242442551,0.020865976810455322,0.8828738331794739
0.1,172,17,64,0.30914610624313354,290,864,114,0.3931034505367279,4,0.51171875,0.3395833373069763,0.3583007242442551,-0.01871737837791443,1.1210005283355713
0.1,173,17,64,0.3429398834705353,290,864,124,0.4275861978530884,4,0.48046875,0.36250001192092896,0.3583007242442551,0.004199296236038208,1.1074620485305786
0.1,174,17,64,0.28849369287490845,290,864,112,0.38620689511299133,4,0.515625,0.3333333432674408,0.3583007242442551,-0.02496737241744995,1.1764016151428223
0.1,175,17,64,0.30293339490890503,290,864,126,0.43448275327682495,4,0.49609375,0.3812500238418579,0.3583007242442551,0.022949308156967163,1.2021851539611816
0.1,176,17,64,0.2982861399650574,290,864,122,0.4206896424293518,4,0.5078125,0.37708336114883423,0.3583007242442551,0.01878264546394348,1.011860966682434
0.1,177,17,64,0.3166774809360504,290,864,122,0.4206896424293518,4,0.49609375,0.3750000298023224,0.3583007242442551,0.01669931411743164,0.9544060230255127
0.1,178,17,64,0.2936179041862488,290,864,116,0.4000000059604645,4,0.515625,0.3541666865348816,0.3583007242442551,-0.004134029150009155,1.2379555702209473
0.1,179,17,64,0.3081619441509247,290,864,134,0.46206897497177124,4,0.51953125,0.4020833671092987,0.3583007242442551,0.04378265142440796,1.0771400928497314
0.1,180,17,64,0.29119616746902466,290,864,116,0.4000000059604645,4,0.5234375,0.35208335518836975,0.3583007242442551,-0.006217360496520996,1.1016703844070435
0.1,181,17,64,0.26967549324035645,290,864,114,0.3931034505367279,4,0.49609375,0.3291666805744171,0.3583007242442551,-0.029134035110473633,1.223850965499878
0.1,182,17,64,0.2975733280181885,290,864,106,0.3655172288417816,4,0.515625,0.35208335518836975,0.3583007242442551,-0.006217360496520996,1.118730068206787
0.1,183,17,64,0.2898942530155182,290,864,118,0.40689656138420105,4,0.515625,0.33541667461395264,0.3583007242442551,-0.02288404107093811,0.9703855514526367
0.1,184,17,64,0.30957216024398804,290,864,126,0.43448275327682495,4,0.47265625,0.3708333671092987,0.3583007242442551,0.012532651424407959,0.968259334564209
0.1,185,17,64,0.3253270387649536,290,864,120,0.41379308700561523,4,0.46875,0.3645833432674408,0.3583007242442551,0.006282627582550049,0.9284365177154541
0.1,186,17,64,0.34038814902305603,290,864,130,0.4482758641242981,4,0.484375,0.35625001788139343,0.3583007242442551,-0.0020506978034973145,1.1070877313613892
0.1,187,17,64,0.31622937321662903,290,864,120,0.41379308700561523,4,0.5,0.3437500298023224,0.3583007242442551,-0.01455068588256836,1.1482536792755127
0.1,188,17,64,0.3296256363391876,290,864,132,0.45517241954803467,4,0.50390625,0.37916669249534607,0.3583007242442551,0.020865976810455322,0.9562765955924988
0.1,189,17,64,0.3019202947616577,290,864,118,0.40689656138420105,4,0.51953125,0.3395833373069763,0.3583007242442551,-0.01871737837791443,1.1813856363296509
0.1,190,17,64,0.3025791347026825,290,864,120,0.41379308700561523,4,0.5390625,0.3500000238418579,0.3583007242442551,-0.008300691843032837,1.1393932104110718
0.1,191,17,64,0.2691217064857483,290,864,126,0.43448275327682495,4,0.5078125,0.3750000298023224,0.3583007242442551,0.01669931411743164,1.1092205047607422
0.1,192,17,64,0.3102288246154785,290,864,116,0.4000000059604645,4,0.4921875,0.3541666865348816,0.3583007242442551,-0.004134029150009155,1.222367525100708
0.1,193,17,64,0.2854083478450775,290,864,106,0.3655172288417816,4,0.49609375,0.33125001192092896,0.3583007242442551,-0.027050703763961792,1.140834927558899
0.1,194,17,64,0.2904478907585144,290,864,118,0.40689656138420105,4,0.51953125,0.4020833671092987,0.3583007242442551,0.04378265142440796,1.0676461458206177
0.1,195,17,64,0.2797395586967468,290,864,120,0.41379308700561523,4,0.46484375,0.34583336114883423,0.3583007242442551,-0.012467354536056519,1.209193229675293
0.1,196,17,64,0.34643152356147766,290,864,110,0.37931033968925476,4,0.51171875,0.3375000059604645,0.3583007242442551,-0.02080070972442627,0.9711169004440308
0.1,197,17,64,0.3227695822715759,290,864,128,0.4413793087005615,4,0.51953125,0.3687500059604645,0.3583007242442551,0.01044929027557373,0.9233348369598389
0.1,198,17,64,0.3290492594242096,290,864,114,0.3931034505367279,4,0.48828125,0.34583336114883423,0.3583007242442551,-0.012467354536056519,0.9352813959121704
0.1,199,17,64,0.3441419303417206,290,864,138,0.475862056016922,4,0.46484375,0.3895833492279053,0.3583007242442551,0.031282633543014526,0.9342972636222839
0.1,200,17,64,0.29099389910697937,290,864,124,0.4275861978530884,4,0.53515625,0.3604166805744171,0.3583007242442551,0.002115964889526367,1.1243535280227661
0.1,201,17,64,0.29042813181877136,290,864,120,0.41379308700561523,4,0.50390625,0.3604166805744171,0.3583007242442551,0.002115964889526367,1.089463710784912
0.1,202,17,64,0.2954403758049011,290,864,116,0.4000000059604645,4,0.49609375,0.32083335518836975,0.3583007242442551,-0.037467360496520996,0.9621745347976685
0.1,203,17,64,0.2776526212692261,290,864,112,0.38620689511299133,4,0.50390625,0.34583336114883423,0.3583007242442551,-0.012467354536056519,1.1490113735198975
0.1,204,17,64,0.2983050048351288,290,864,114,0.3931034505367279,4,0.48828125,0.35625001788139343,0.3583007242442551,-0.0020506978034973145,1.0020560026168823
0.1,205,17,64,0.30273738503456116,290,864,128,0.4413793087005615,4,0.49609375,0.3854166865348816,0.3583007242442551,0.027115970849990845,0.9111164808273315
0.1,206,17,64,0.31342563033103943,290,864,112,0.38620689511299133,4,0.49609375,0.36666667461395264,0.3583007242442551,0.00836595892906189,1.1353487968444824
0.1,207,17,64,0.3351403772830963,290,864,114,0.3931034505367279,4,0.50390625,0.35208335518836975,0.3583007242442551,-0.006217360496520996,1.018251895904541
0.1,208,17,64,0.2765418291091919,290,864,122,0.4206896424293518,4,0.484375,0.3645833432674408,0.3583007242442551,0.006282627582550049,1.2027791738510132
0.1,209,17,64,0.29797038435935974,290,864,116,0.4000000059604645,4,0.51953125,0.3333333432674408,0.3583007242442551,-0.02496737241744995,1.10723876953125
0.1,210,17,64,0.28741756081581116,290,864,120,0.41379308700561523,4,0.48046875,0.35625001788139343,0.3583007242442551,-0.0020506978034973145,0.9346213936805725
0.1,211,17,64,0.3004050552845001,290,864,114,0.3931034505367279,4,0.48046875,0.34166669845581055,0.3583007242442551,-0.0166340172290802,1.0798850059509277
0.1,212,17,64,0.3210177719593048,290,864,134,0.46206897497177124,4,0.46875,0.38750001788139343,0.3583007242442551,0.029199302196502686,1.0189454555511475
0.1,213,17,64,0.29887276887893677,290,864,116,0.4000000059604645,4,0.50390625,0.3291666805744171,0.3583007242442551,-0.029134035110473633,1.0807666778564453
0.1,214,17,64,0.3205401301383972,290,864,128,0.4413793087005615,4,0.53515625,0.3916666805744171,0.3583007242442551,0.03336596488952637,0.9715718626976013
0.1,215,17,64,0.30681127309799194,290,864,120,0.41379308700561523,4,0.5,0.3750000298023224,0.3583007242442551,0.01669931411743164,1.0750577449798584
0.1,216,17,64,0.29893115162849426,290,864,128,0.4413793087005615,4,0.50390625,0.36250001192092896,0.3583007242442551,0.004199296236038208,1.0978398323059082
0.1,217,17,64,0.3249320387840271,290,864,112,0.38620689511299133,4,0.51171875,0.3687500059604645,0.3583007242442551,0.01044929027557373,0.7053290605545044
0.1,218,17,64,0.34223562479019165,290,864,122,0.4206896424293518,4,0.5,0.3395833373069763,0.3583007242442551,-0.01871737837791443,0.8720300197601318
0.1,219,17,64,0.31613674759864807,290,864,114,0.3931034505367279,4,0.51953125,0.3291666805744171,0.3583007242442551,-0.029134035110473633,0.9693119525909424
0.1,220,17,64,0.3173030912876129,290,864,120,0.41379308700561523,4,0.5078125,0.3270833492279053,0.3583007242442551,-0.031217366456985474,1.125037670135498
0.1,221,17,64,0.3258255124092102,290,864,132,0.45517241954803467,4,0.484375,0.3687500059604645,0.3583007242442551,0.01044929027557373,1.0677387714385986
0.1,222,17,64,0.30099841952323914,290,864,116,0.4000000059604645,4,0.47265625,0.3395833373069763,0.3583007242442551,-0.01871737837791443,1.0910670757293701
0.1,223,17,64,0.3080117702484131,290,864,104,0.35862070322036743,4,0.515625,0.3270833492279053,0.3583007242442551,-0.031217366456985474,1.096979022026062
0.1,224,17,64,0.32568180561065674,290,864,116,0.4000000059604645,4,0.5390625,0.37291669845581055,0.3583007242442551,0.0146159827709198,0.8808268308639526
0.1,225,17,64,0.3385116159915924,290,864,116,0.4000000059604645,4,0.51171875,0.39791667461395264,0.3583007242442551,0.03961595892906189,1.0616697072982788
0.1,226,17,64,0.31104037165641785,290,864,116,0.4000000059604645,4,0.48828125,0.3187500238418579,0.3583007242442551,-0.03955069184303284,1.2964903116226196
0.1,227,17,64,0.30001556873321533,290,864,118,0.40689656138420105,4,0.48046875,0.3583333492279053,0.3583007242442551,3.263354301452637e-05,1.284806728363037
0.1,228,17,64,0.317917138338089,290,864,114,0.3931034505367279,4,0.4921875,0.3437500298023224,0.3583007242442551,-0.01455068588256836,1.1676710844039917
0.1,229,17,64,0.2887036204338074,290,864,112,0.38620689511299133,4,0.50390625,0.3333333432674408,0.3583007242442551,-0.02496737241744995,1.0619574785232544
0.1,230,17,64,0.27972638607025146,290,864,116,0.4000000059604645,4,0.5078125,0.36666667461395264,0.3583007242442551,0.00836595892906189,1.1646699905395508
0.1,231,17,64,0.31808149814605713,290,864,128,0.4413793087005615,4,0.484375,0.36250001192092896,0.3583007242442551,0.004199296236038208,0.8755548000335693
0.1,232,17,64,0.29691776633262634,290,864,126,0.43448275327682495,4,0.48046875,0.38750001788139343,0.3583007242442551,0.029199302196502686,0.8066563010215759
0.1,233,17,64,0.29991614818573,290,864,124,0.4275861978530884,4,0.49609375,0.3604166805744171,0.3583007242442551,0.002115964889526367,1.0145920515060425
0.1,234,17,64,0.2871790826320648,290,864,126,0.43448275327682495,4,0.51171875,0.3854166865348816,0.3583007242442551,0.027115970849990845,0.9665336608886719
0.1,235,17,64,0.31919917464256287,290,864,108,0.3724137842655182,4,0.515625,0.32500001788139343,0.3583007242442551,-0.033300697803497314,1.2603782415390015
0.1,236,17,64,0.30734747648239136,290,864,132,0.45517241954803467,4,0.49609375,0.3750000298023224,0.3583007242442551,0.01669931411743164,1.156742811203003
0.1,237,17,64,0.3282308876514435,290,864,128,0.4413793087005615,4,0.5,0.39375001192092896,0.3583007242442551,0.03544929623603821,0.8726310729980469
0.1,238,17,64,0.3208194375038147,290,864,128,0.4413793087005615,4,0.5,0.37291669845581055,0.3583007242442551,0.0146159827709198,0.9697424173355103
0.1,239,17,64,0.311125785112381,290,864,126,0.43448275327682495,4,0.50390625,0.3812500238418579,0.3583007242442551,0.022949308156967163,0.9758256673812866
0.1,240,17,64,0.30378443002700806,290,864,118,0.40689656138420105,4,0.5078125,0.3270833492279053,0.3583007242442551,-0.031217366456985474,1.215765118598938
0.1,241,17,64,0.2952896058559418,290,864,120,0.41379308700561523,4,0.52734375,0.3395833373069763,0.3583007242442551,-0.01871737837791443,0.9966877102851868
0.1,242,17,64,0.33106186985969543,290,864,116,0.4000000059604645,4,0.53125,0.3645833432674408,0.3583007242442551,0.006282627582550049,1.020284652709961
0.1,243,17,64,0.28755536675453186,290,864,124,0.4275861978530884,4,0.5234375,0.3541666865348816,0.3583007242442551,-0.004134029150009155,1.180210828781128
0.1,244,17,64,0.26361963152885437,290,864,100,0.3448275923728943,4,0.48046875,0.3291666805744171,0.3583007242442551,-0.029134035110473633,1.4274824857711792
0.1,245,17,64,0.3181787133216858,290,864,116,0.4000000059604645,4,0.50390625,0.3541666865348816,0.3583007242442551,-0.004134029150009155,1.1140835285186768
0.1,246,17,64,0.2889247238636017,290,864,124,0.4275861978530884,4,0.4765625,0.3229166865348816,0.3583007242442551,-0.035384029150009155,1.053063988685608
0.1,247,17,64,0.3474409580230713,290,864,124,0.4275861978530884,4,0.48828125,0.3645833432674408,0.3583007242442551,0.006282627582550049,1.1117346286773682
0.1,248,17,64,0.2810463309288025,290,864,134,0.46206897497177124,4,0.5234375,0.3812500238418579,0.3583007242442551,0.022949308156967163,1.1695451736450195
0.1,249,17,64,0.2938847243785858,290,864,130,0.4482758641242981,4,0.5,0.3645833432674408,0.3583007242442551,0.006282627582550049,1.1041491031646729
0.1,250,17,64,0.32491666078567505,290,864,128,0.4413793087005615,4,0.4765625,0.3604166805744171,0.3583007242442551,0.002115964889526367,0.9027607440948486
0.1,251,17,64,0.34145885705947876,290,864,126,0.43448275327682495,4,0.5078125,0.3645833432674408,0.3583007242442551,0.006282627582550049,1.1983907222747803
0.1,252,17,64,0.2941892147064209,290,864,112,0.38620689511299133,4,0.52734375,0.37708336114883423,0.3583007242442551,0.01878264546394348,1.05928635597229
0.1,253,17,64,0.3152579963207245,290,864,120,0.41379308700561523,4,0.5234375,0.3583333492279053,0.3583007242442551,3.263354301452637e-05,1.1549031734466553
0.1,254,17,64,0.2998273968696594,290,864,108,0.3724137842655182,4,0.48828125,0.35625001788139343,0.3583007242442551,-0.0020506978034973145,1.2199583053588867
0.1,255,17,64,0.3110400438308716,290,864,116,0.4000000059604645,4,0.5078125,0.3687500059604645,0.3583007242442551,0.01044929027557373,1.1132205724716187
0.1,0,33,64,0.27826952934265137,1090,3264,438,0.4018348753452301,4,0.50390625,0.34879031777381897,0.3659033211589331,-0.01711300015449524,0.9253020286560059
0.1,1,33,64,0.3028252124786377,1090,3264,512,0.46972477436065674,4,0.5009765625,0.38104838132858276,0.3659033211589331,0.015145063400268555,0.9545882940292358
0.1,2,33,64,0.2937345504760742,1090,3264,478,0.43853211402893066,4,0.501953125,0.359375,0.3659033211589331,-0.006528317928314209,0.8866442441940308
0.1,3,33,64,0.3021024465560913,1090,3264,464,0.42568808794021606,4,0.5146484375,0.3639112710952759,0.3659033211589331,-0.00199204683303833,0.8468595743179321
0.1,4,33,64,0.27121609449386597,1090,3264,452,0.4146789014339447,4,0.5048828125,0.3719758093357086,0.3659033211589331,0.006072491407394409,0.998772382736206
0.1,5,33,64,0.27755898237228394,1090,3264,460,0.4220183491706848,4,0.4892578125,0.3492943346500397,0.3659033211589331,-0.016608983278274536,0.9614183902740479
0.1,6,33,64,0.3042246699333191,1090,3264,484,0.44403669238090515,4,0.5,0.3719758093357086,0.3659033211589331,0.006072491407394409,0.8214954137802124
0.1,7,33,64,0.31702902913093567,1090,3264,488,0.4477064311504364,4,0.521484375,0.36844757199287415,0.3659033211589331,0.0025442540645599365,0.8310402631759644
0.1,8,33,64,0.3201363980770111,1090,3264,480,0.4403669834136963,4,0.4951171875,0.3603830635547638,0.3659033211589331,-0.005520254373550415,0.8561240434646606
0.1,9,33,64,0.3077101707458496,1090,3264,480,0.4403669834136963,4,0.5048828125,0.3719758093357086,0.3659033211589331,0.006072491407394409,0.770155668258667
0.1,10,33,64,0.28653663396835327,1090,3264,470,0.43119266629219055,4,0.48046875,0.34979838132858276,0.3659033211589331,-0.016104936599731445,1.080540418624878
0.1,11,33,64,0.2938525676727295,1090,3264,456,0.41834864020347595,4,0.5009765625,0.3709677457809448,0.3659033211589331,0.005064427852630615,0.9431080222129822
0.1,12,33,64,0.2994649112224579,1090,3264,492,0.45137614011764526,4,0.48828125,0.3739919364452362,0.3659033211589331,0.008088618516921997,1.0033031702041626
0.1,13,33,64,0.32593587040901184,1090,3264,484,0.44403669238090515,4,0.5048828125,0.3755040168762207,0.3659033211589331,0.009600698947906494,0.8366219997406006
0.1,14,33,64,0.33233168721199036,1090,3264,476,0.43669724464416504,4,0.5185546875,0.3724798262119293,0.3659033211589331,0.006576508283615112,0.776288628578186
0.1,15,33,64,0.3031846880912781,1090,3264,456,0.41834864020347595,4,0.4970703125,0.3563508093357086,0.3659033211589331,-0.00955250859260559,1.0065802335739136
0.1,16,33,64,0.31203508377075195,1090,3264,474,0.4348623752593994,4,0.48046875,0.3623991906642914,0.3659033211589331,-0.003504127264022827,0.7503820061683655
0.1,17,33,64,0.3257732391357422,1090,3264,456,0.41834864020347595,4,0.509765625,0.3568548262119293,0.3659033211589331,-0.009048491716384888,0.8632223606109619
0.1,18,33,64,0.3060162663459778,1090,3264,468,0.4293577969074249,4,0.5087890625,0.375,0.3659033211589331,0.009096682071685791,0.8336533308029175
0.1,19,33,64,0.29642075300216675,1090,3264,432,0.3963302671909332,4,0.505859375,0.3911290168762207,0.3659033211589331,0.025225698947906494,0.8915809392929077
0.1,20,33,64,0.2996455729007721,1090,3264,472,0.4330275356769562,4,0.4921875,0.36743950843811035,0.3659033211589331,0.0015361905097961426,0.9490196704864502
0.1,21,33,64,0.3354252576828003,1090,3264,494,0.4532110095024109,4,0.5009765625,0.3765120804309845,0.3659033211589331,0.010608762502670288,0.815717339515686
0.1,22,33,64,0.32032454013824463,1090,3264,470,0.43119266629219055,4,0.513671875,0.3744959533214569,0.3659033211589331,0.0085926353931427,0.7863495349884033
0.1,23,33,64,0.31984907388687134,1090,3264,416,0.381651371717453,4,0.51171875,0.3568548262119293,0.3659033211589331,-0.009048491716384888,0.8336318731307983
0.1,24,33,64,0.3089214861392975,1090,3264,474,0.4348623752593994,4,0.5068359375,0.3780241906642914,0.3659033211589331,0.012120872735977173,0.8734797239303589
0.1,25,33,64,0.3105781078338623,1090,3264,480,0.4403669834136963,4,0.521484375,0.36794352531433105,0.3659033211589331,0.0020402073860168457,0.860894501209259
0.1,26,33,64,0.32845160365104675,1090,3264,476,0.43669724464416504,4,0.50390625,0.3649193346500397,0.3659033211589331,-0.0009839832782745361,0.8369849920272827
0.1,27,33,64,0.29390785098075867,1090,3264,458,0.4201834797859192,4,0.515625,0.3477822542190552,0.3659033211589331,-0.018121063709259033,0.9971250295639038
0.1,28,33,64,0.31552669405937195,1090,3264,458,0.4201834797859192,4,0.4970703125,0.3603830635547638,0.3659033211589331,-0.005520254373550415,0.8029630780220032
0.1,29,33,64,0.31369853019714355,1090,3264,498,0.45688074827194214,4,0.5029296875,0.38004031777381897,0.3659033211589331,0.01413699984550476,0.7933123707771301
0.1,30,33,64,0.3011167347431183,1090,3264,454,0.4165137708187103,4,0.5,0.35332658886909485,0.3659033211589331,-0.01257672905921936,0.9240233898162842
0.1,31,33,64,0.28826045989990234,1090,3264,472,0.4330275356769562,4,0.5126953125,0.36592739820480347,0.3659033211589331,2.4080276489257812e-05,0.9983869791030884
0.1,32,33,64,0.3330226540565491,1090,3264,466,0.4275229275226593,4,0.494140625,0.3724798262119293,0.3659033211589331,0.006576508283615112,0.7501437664031982
0.1,33,33,64,0.3098137080669403,1090,3264,454,0.4165137708187103,4,0.509765625,0.3467741906642914,0.3659033211589331,-0.019129127264022827,0.9170209169387817
0.1,34,33,64,0.3039774000644684,1090,3264,444,0.4073394536972046,4,0.5078125,0.35332658886909485,0.3659033211589331,-0.01257672905921936,0.8562413454055786
0.1,35,33,64,0.3621891736984253,1090,3264,462,0.42385321855545044,4,0.49609375,0.3881048262119293,0.3659033211589331,0.022201508283615112,0.5834835767745972
0.1,36,33,64,0.28616705536842346,1090,3264,482,0.4422018527984619,4,0.498046875,0.3613911271095276,0.3659033211589331,-0.004512190818786621,0.8407456874847412
0.1,37,33,64,0.31617528200149536,1090,3264,468,0.4293577969074249,4,0.51171875,0.3729838728904724,0.3659033211589331,0.007080554962158203,0.8580499887466431
0.1,38,33,64,0.3036051094532013,1090,3264,472,0.4330275356769562,4,0.4912109375,0.3583669364452362,0.3659033211589331,-0.007536381483078003,0.8227318525314331
0.1,39,33,64,0.30741798877716064,1090,3264,472,0.4330275356769562,4,0.494140625,0.36945563554763794,0.3659033211589331,0.0035523176193237305,0.8967466354370117
0.1,40,33,64,0.3243125379085541,1090,3264,464,0.42568808794021606,4,0.4951171875,0.3760080635547638,0.3659033211589331,0.010104745626449585,0.8440005779266357
0.1,41,33,64,0.31456777453422546,1090,3264,472,0.4330275356769562,4,0.4892578125,0.3553427457809448,0.3659033211589331,-0.010560572147369385,0.7498292326927185
0.1,42,33,64,0.29672718048095703,1090,3264,476,0.43669724464416504,4,0.4921875,0.3755040168762207,0.3659033211589331,0.009600698947906494,0.8720247745513916
0.1,43,33,64,0.29997241497039795,1090,3264,464,0.42568808794021606,4,0.5087890625,0.3467741906642914,0.3659033211589331,-0.019129127264022827,0.8988081216812134
0.1,44,33,64,0.2929895222187042,1090,3264,464,0.42568808794021606,4,0.513671875,0.36643144488334656,0.3659033211589331,0.0005281269550323486,0.9024819135665894
0.1,45,33,64,0.2880307137966156,1090,3264,458,0.4201834797859192,4,0.4970703125,0.3608870804309845,0.3659033211589331,-0.005016237497329712,0.9099606871604919
0.1,46,33,64,0.2939258813858032,1090,3264,444,0.4073394536972046,4,0.4873046875,0.35080644488334656,0.3659033211589331,-0.015096873044967651,0.9803755283355713
0.1,47,33,64,0.29393693804740906,1090,3264,468,0.4293577969074249,4,0.4912109375,0.35231852531433105,0.3659033211589331,-0.013584792613983154,0.9376535415649414
0.1,48,33,64,0.2755177617073059,1090,3264,480,0.4403669834136963,4,0.4921875,0.3709677457809448,0.3659033211589331,0.005064427852630615,1.0257304906845093
0.1,49,33,64,0.3130345046520233,1090,3264,476,0.43669724464416504,4,0.5068359375,0.3709677457809448,0.3659033211589331,0.005064427852630615,0.7284319400787354
0.1,50,33,64,0.3201541006565094,1090,3264,466,0.4275229275226593,4,0.5087890625,0.3734878897666931,0.3659033211589331,0.007584571838378906,0.7788614630699158
0.1,51,33,64,0.3299044072628021,1090,3264,480,0.4403669834136963,4,0.5009765625,0.37046369910240173,0.3659033211589331,0.004560381174087524,0.7004016637802124
0.1,52,33,64,0.29883819818496704,1090,3264,474,0.4348623752593994,4,0.5107421875,0.36441531777381897,0.3659033211589331,-0.0014880001544952393,0.8999308943748474
0.1,53,33,64,0.3080396354198456,1090,3264,442,0.40550458431243896,4,0.4873046875,0.3719758093357086,0.3659033211589331,0.006072491407394409,0.8656479716300964
0.1,54,33,64,0.31181198358535767,1090,3264,494,0.4532110095024109,4,0.49609375,0.4042338728904724,0.3659033211589331,0.0383305549621582,0.8134101629257202
0.1,55,33,64,0.28887268900871277,1090,3264,482,0.4422018527984619,4,0.521484375,0.3770161271095276,0.3659033211589331,0.011112809181213379,0.8989284634590149
0.1,56,33,64,0.2998516857624054,1090,3264,448,0.41100919246673584,4,0.5009765625,0.36743950843811035,0.3659033211589331,0.0015361905097961426,0.8513776063919067
0.1,57,33,64,0.3108525574207306,1090,3264,476,0.43669724464416504,4,0.5029296875,0.3760080635547638,0.3659033211589331,0.010104745626449585,0.7758387327194214
0.1,58,33,64,0.3116382956504822,1090,3264,462,0.42385321855545044,4,0.513671875,0.36794352531433105,0.3659033211589331,0.0020402073860168457,0.7991453409194946
0.1,59,33,64,0.32677820324897766,1090,3264,482,0.4422018527984619,4,0.4990234375,0.3891128897666931,0.3659033211589331,0.023209571838378906,0.7772732377052307
0.1,60,33,64,0.3037821054458618,1090,3264,466,0.4275229275226593,4,0.5048828125,0.3765120804309845,0.3659033211589331,0.010608762502670288,0.8563733100891113
0.1,61,33,64,0.2628948390483856,1090,3264,490,0.449541300535202,4,0.4794921875,0.3755040168762207,0.3659033211589331,0.009600698947906494,0.9937392473220825
0.1,62,33,64,0.3238089680671692,1090,3264,468,0.4293577969074249,4,0.4970703125,0.36844757199287415,0.3659033211589331,0.0025442540645599365,0.7504079341888428
0.1,63,33,64,0.31532448530197144,1090,3264,474,0.4348623752593994,4,0.4990234375,0.38306450843811035,0.3659033211589331,0.017161190509796143,0.8087892532348633
0.1,64,33,64,0.2888050973415375,1090,3264,470,0.43119266629219055,4,0.50390625,0.3558467626571655,0.3659033211589331,-0.010056555271148682,0.9444478750228882
0.1,65,33,64,0.3264363706111908,1090,3264,456,0.41834864020347595,4,0.5009765625,0.3629032075405121,0.3659033211589331,-0.003000110387802124,0.7409207820892334
0.1,66,33,64,0.2727590799331665,1090,3264,442,0.40550458431243896,4,0.5107421875,0.3402217626571655,0.3659033211589331,-0.02568155527114868,0.9263110160827637
0.1,67,33,64,0.28323277831077576,1090,3264,486,0.4458715617656708,4,0.4873046875,0.375,0.3659033211589331,0.009096682071685791,0.8279054164886475
0.1,68,33,64,0.33378171920776367,1090,3264,486,0.4458715617656708,4,0.494140625,0.375,0.3659033211589331,0.009096682071685791,0.9341288208961487
0.1,69,33,64,0.3130882978439331,1090,3264,458,0.4201834797859192,4,0.501953125,0.36693546175956726,0.3659033211589331,0.0010321438312530518,0.849063515663147
0.1,70,33,64,0.30487173795700073,1090,3264,474,0.4348623752593994,4,0.505859375,0.36542338132858276,0.3659033211589331,-0.0004799365997314453,0.7668566107749939
0.1,71,33,64,0.284356027841568,1090,3264,456,0.41834864020347595,4,0.484375,0.3603830635547638,0.3659033211589331,-0.005520254373550415,0.8527095913887024
0.1,72,33,64,0.2953057587146759,1090,3264,464,0.42568808794021606,4,0.498046875,0.35433465242385864,0.3659033211589331,-0.011568665504455566,0.8300502896308899
0.1,73,33,64,0.3193996846675873,1090,3264,464,0.42568808794021606,4,0.4833984375,0.3639112710952759,0.3659033211589331,-0.00199204683303833,0.7604863047599792
0.1,74,33,64,0.31840983033180237,1090,3264,456,0.41834864020347595,4,0.5107421875,0.36995965242385864,0.3659033211589331,0.004056334495544434,0.871817409992218
0.1,75,33,64,0.2704279124736786,1090,3264,454,0.4165137708187103,4,0.52734375,0.3472782075405121,0.3659033211589331,-0.018625110387802124,1.0333960056304932
0.1,76,33,64,0.3056943416595459,1090,3264,498,0.45688074827194214,4,0.50390625,0.38004031777381897,0.3659033211589331,0.01413699984550476,0.9362926483154297
0.1,77,33,64,0.32732850313186646,1090,3264,498,0.45688074827194214,4,0.5048828125,0.3734878897666931,0.3659033211589331,0.007584571838378906,0.7723299264907837
0.1,78,33,64,0.2833681106567383,1090,3264,456,0.41834864020347595,4,0.490234375,0.3629032075405121,0.3659033211589331,-0.003000110387802124,0.8829923868179321
0.1,79,33,64,0.30624309182167053,1090,3264,462,0.42385321855545044,4,0.4912109375,0.35030239820480347,0.3659033211589331,-0.015600919723510742,0.9231122732162476
0.1,80,33,64,0.3288939893245697,1090,3264,460,0.4220183491706848,4,0.505859375,0.35483869910240173,0.3659033211589331,-0.011064618825912476,0.713830292224884
0.1,81,33,64,0.33357471227645874,1090,3264,466,0.4275229275226593,4,0.5029296875,0.3618951439857483,0.3659033211589331,-0.004008173942565918,0.7098978161811829
0.1,82,33,64,0.317927747964859,1090,3264,482,0.4422018527984619,4,0.4833984375,0.38004031777381897,0.3659033211589331,0.01413699984550476,0.8367946743965149
0.1,83,33,64,0.3117976486682892,1090,3264,470,0.43119266629219055,4,0.490234375,0.359375,0.3659033211589331,-0.006528317928314209,0.7503859996795654
0.1,84,33,64,0.31772613525390625,1090,3264,466,0.4275229275226593,4,0.517578125,0.36995965242385864,0.3659033211589331,0.004056334495544434,0.8841526508331299
0.1,85,33,64,0.31388792395591736,1090,3264,474,0.4348623752593994,4,0.5068359375,0.3719758093357086,0.3659033211589331,0.006072491407394409,0.7622159123420715
0.1,86,33,64,0.2922150194644928,1090,3264,440,0.40366971492767334,4,0.494140625,0.3588709533214569,0.3659033211589331,-0.0070323646068573,0.8791629076004028
0.1,87,33,64,0.3426280617713928,1090,3264,468,0.4293577969074249,4,0.5,0.36995965242385864,0.3659033211589331,0.004056334495544434,0.6936200857162476
0.1,88,33,64,0.3183870315551758,1090,3264,456,0.41834864020347595,4,0.4970703125,0.35080644488334656,0.3659033211589331,-0.015096873044967651,0.9078523516654968
0.1,89,33,64,0.3075738251209259,1090,3264,464,0.42568808794021606,4,0.51171875,0.3553427457809448,0.3659033211589331,-0.010560572147369385,0.8837367296218872
0.1,90,33,64,0.31170758605003357,1090,3264,464,0.42568808794021606,4,0.4970703125,0.3603830635547638,0.3659033211589331,-0.005520254373550415,0.9168604612350464
0.1,91,33,64,0.2902299463748932,1090,3264,440,0.40366971492767334,4,0.5029296875,0.35383063554763794,0.3659033211589331,-0.01207268238067627,0.7863463163375854
0.1,92,33,64,0.3066639304161072,1090,3264,488,0.4477064311504364,4,0.50390625,0.3724798262119293,0.3659033211589331,0.006576508283615112,0.7969533801078796
0.1,93,33,64,0.3136478066444397,1090,3264,486,0.4458715617656708,4,0.48828125,0.3870967626571655,0.3659033211589331,0.02119344472885132,0.8878018856048584
0.1,94,33,64,0.3262098431587219,1090,3264,454,0.4165137708187103,4,0.4921875,0.35282257199287415,0.3659033211589331,-0.013080745935440063,0.8431488871574402
0.1,95,33,64,0.31004422903060913,1090,3264,466,0.4275229275226593,4,0.4951171875,0.3598790168762207,0.3659033211589331,-0.006024301052093506,0.7643207311630249
0.1,96,33,64,0.3253246247768402,1090,3264,516,0.473394513130188,4,0.4912109375,0.38407257199287415,0.3659033211589331,0.018169254064559937,0.8890419006347656
0.1,97,33,64,0.30823856592178345,1090,3264,464,0.42568808794021606,4,0.486328125,0.3477822542190552,0.3659033211589331,-0.018121063709259033,0.9297388792037964
0.1,98,33,64,0.29774245619773865,1090,3264,462,0.42385321855545044,4,0.5029296875,0.3623991906642914,0.3659033211589331,-0.003504127264022827,0.8944195508956909
0.1,99,33,64,0.31870749592781067,1090,3264,456,0.41834864020347595,4,0.5,0.36794352531433105,0.3659033211589331,0.0020402073860168457,0.8945733308792114
0.1,100,33,64,0.3037598431110382,1090,3264,452,0.4146789014339447,4,0.4853515625,0.3775201439857483,0.3659033211589331,0.011616826057434082,0.9159414768218994
0.1,101,33,64,0.2735983431339264,1090,3264,492,0.45137614011764526,4,0.5166015625,0.3714717626571655,0.3659033211589331,0.005568444728851318,0.9548530578613281
0.1,102,33,64,0.3014304041862488,1090,3264,466,0.4275229275226593,4,0.490234375,0.36995965242385864,0.3659033211589331,0.004056334495544434,0.8118829727172852
0.1,103,33,64,0.30601760745048523,1090,3264,464,0.42568808794021606,4,0.498046875,0.36542338132858276,0.3659033211589331,-0.0004799365997314453,0.8443607687950134
0.1,104,33,64,0.33495450019836426,1090,3264,436,0.4000000059604645,4,0.5,0.3472782075405121,0.3659033211589331,-0.018625110387802124,0.7565985918045044
0.1,105,33,64,0.30392730236053467,1090,3264,454,0.4165137708187103,4,0.5107421875,0.36844757199287415,0.3659033211589331,0.0025442540645599365,0.8914403915405273
0.1,106,33,64,0.318800687789917,1090,3264,482,0.4422018527984619,4,0.5029296875,0.38558465242385864,0.3659033211589331,0.019681334495544434,0.8534845113754272
0.1,107,33,64,0.29769638180732727,1090,3264,484,0.44403669238090515,4,0.4892578125,0.36794352531433105,0.3659033211589331,0.0020402073860168457,0.8565224409103394
0.1,108,33,64,0.302590548992157,1090,3264,482,0.4422018527984619,4,0.4892578125,0.3739919364452362,0.3659033211589331,0.008088618516921997,0.9734051823616028
0.1,109,33,64,0.3054081201553345,1090,3264,456,0.41834864020347595,4,0.501953125,0.3724798262119293,0.3659033211589331,0.006576508283615112,0.9050921201705933
0.1,110,33,64,0.28434017300605774,1090,3264,472,0.4330275356769562,4,0.4921875,0.38356852531433105,0.3659033211589331,0.017665207386016846,0.9056577682495117
0.1,111,33,64,0.3170127868652344,1090,3264,464,0.42568808794021606,4,0.509765625,0.36542338132858276,0.3659033211589331,-0.0004799365997314453,0.880304217338562
0.1,112,33,64,0.2832200825214386,1090,3264,454,0.4165137708187103,4,0.5126953125,0.3629032075405121,0.3659033211589331,-0.003000110387802124,0.9846867918968201
0.1,113,33,64,0.2867942750453949,1090,3264,450,0.4128440320491791,4,0.5068359375,0.35483869910240173,0.3659033211589331,-0.011064618825912476,0.8846310377120972
0.1,114,33,64,0.31287556886672974,1090,3264,470,0.43119266629219055,4,0.494140625,0.3603830635547638,0.3659033211589331,-0.005520254373550415,0.8410148620605469
0.1,115,33,64,0.3190052807331085,1090,3264,506,0.46422019600868225,4,0.5078125,0.3780241906642914,0.3659033211589331,0.012120872735977173,0.804696798324585
0.1,116,33,64,0.3155280649662018,1090,3264,488,0.4477064311504364,4,0.501953125,0.3719758093357086,0.3659033211589331,0.006072491407394409,0.888658344745636
0.1,117,33,64,0.32126280665397644,1090,3264,446,0.4091743230819702,4,0.5107421875,0.3578628897666931,0.3659033211589331,-0.008040428161621094,0.7834463119506836
0.1,118,33,64,0.29582053422927856,1090,3264,472,0.4330275356769562,4,0.4990234375,0.34979838132858276,0.3659033211589331,-0.016104936599731445,0.873060405254364
0.1,119,33,64,0.2873915135860443,1090,3264,466,0.4275229275226593,4,0.4794921875,0.35231852531433105,0.3659033211589331,-0.013584792613983154,0.957577109336853
0.1,120,33,64,0.3048335015773773,1090,3264,466,0.4275229275226593,4,0.490234375,0.36441531777381897,0.3659033211589331,-0.0014880001544952393,0.7496161460876465
0.1,121,33,64,0.31321313977241516,1090,3264,504,0.4623853266239166,4,0.5087890625,0.3775201439857483,0.3659033211589331,0.011616826057434082,0.816356897354126
0.1,122,33,64,0.29812386631965637,1090,3264,472,0.4330275356769562,4,0.4951171875,0.3603830635547638,0.3659033211589331,-0.005520254373550415,0.9354747533798218
0.1,123,33,64,0.34657323360443115,1090,3264,464,0.42568808794021606,4,0.5029296875,0.37046369910240173,0.3659033211589331,0.004560381174087524,0.7328360676765442
0.1,124,33,64,0.292206734418869,1090,3264,484,0.44403669238090515,4,0.4833984375,0.36794352531433105,0.3659033211589331,0.0020402073860168457,0.9694081544876099
0.1,125,33,64,0.32106536626815796,1090,3264,472,0.4330275356769562,4,0.48828125,0.3790322542190552,0.3659033211589331,0.013128936290740967,0.7995665669441223
0.1,126,33,64,0.3164035975933075,1090,3264,488,0.4477064311504364,4,0.5087890625,0.38306450843811035,0.3659033211589331,0.017161190509796143,0.8185274600982666
0.1,127,33,64,0.2836870551109314,1090,3264,488,0.4477064311504364,4,0.5,0.3588709533214569,0.3659033211589331,-0.0070323646068573,0.9407567977905273
0.1,128,33,64,0.29848629236221313,1090,3264,476,0.43669724464416504,4,0.505859375,0.38004031777381897,0.3659033211589331,0.01413699984550476,0.839723527431488
0.1,129,33,64,0.31282955408096313,1090,3264,466,0.4275229275226593,4,0.5087890625,0.3618951439857483,0.3659033211589331,-0.004008173942565918,0.8206712007522583
0.1,130,33,64,0.27349820733070374,1090,3264,456,0.41834864020347595,4,0.5087890625,0.3618951439857483,0.3659033211589331,-0.004008173942565918,0.9246461391448975
0.1,131,33,64,0.29915040731430054,1090,3264,456,0.41834864020347595,4,0.5078125,0.36693546175956726,0.3659033211589331,0.0010321438312530518,0.8784321546554565
0.1,132,33,64,0.2929912805557251,1090,3264,472,0.4330275356769562,4,0.5166015625,0.3634072542190552,0.3659033211589331,-0.002496063709259033,0.8393154144287109
0.1,133,33,64,0.2692045271396637,1090,3264,444,0.4073394536972046,4,0.486328125,0.3603830635547638,0.3659033211589331,-0.005520254373550415,0.9848183989524841
0.1,134,33,64,0.2962362766265869,1090,3264,486,0.4458715617656708,4,0.5029296875,0.3734878897666931,0.3659033211589331,0.007584571838378906,0.8216588497161865
0.1,135,33,64,0.31899723410606384,1090,3264,488,0.4477064311504364,4,0.49609375,0.36693546175956726,0.3659033211589331,0.0010321438312530518,0.8239631056785583
0.1,136,33,64,0.31257420778274536,1090,3264,520,0.47706422209739685,4,0.49609375,0.38004031777381897,0.3659033211589331,0.01413699984550476,0.8636236190795898
0.1,137,33,64,0.2479097694158554,1090,3264,450,0.4128440320491791,4,0.4912109375,0.3634072542190552,0.3659033211589331,-0.002496063709259033,1.1217459440231323
0.1,138,33,64,0.2760932743549347,1090,3264,468,0.4293577969074249,4,0.505859375,0.36895158886909485,0.3659033211589331,0.0030482709407806396,0.8902434706687927
0.1,139,33,64,0.2726390063762665,1090,3264,452,0.4146789014339447,4,0.501953125,0.3623991906642914,0.3659033211589331,-0.003504127264022827,1.0489250421524048
0.1,140,33,64,0.31203868985176086,1090,3264,474,0.4348623752593994,4,0.5,0.38104838132858276,0.3659033211589331,0.015145063400268555,0.8181048035621643
0.1,141,33,64,0.32259097695350647,1090,3264,486,0.4458715617656708,4,0.5,0.3558467626571655,0.3659033211589331,-0.010056555271148682,0.9012758731842041
0.1,142,33,64,0.2862759232521057,1090,3264,468,0.4293577969074249,4,0.4931640625,0.3719758093357086,0.3659033211589331,0.006072491407394409,0.8201688528060913
0.1,143,33,64,0.3032147288322449,1090,3264,474,0.4348623752593994,4,0.51171875,0.3795362710952759,0.3659033211589331,0.01363295316696167,0.8948765993118286
0.1,144,33,64,0.30791765451431274,1090,3264,472,0.4330275356769562,4,0.501953125,0.3780241906642914,0.3659033211589331,0.012120872735977173,0.7861220240592957
0.1,145,33,64,0.296987920999527,1090,3264,490,0.449541300535202,4,0.5205078125,0.36844757199287415,0.3659033211589331,0.0025442540645599365,0.9349044561386108
0.1,146,33,64,0.3403930962085724,1090,3264,446,0.4091743230819702,4,0.49609375,0.3588709533214569,0.3659033211589331,-0.0070323646068573,0.7671558856964111
0.1,147,33,64,0.32394808530807495,1090,3264,476,0.43669724464416504,4,0.5,0.36441531777381897,0.3659033211589331,-0.0014880001544952393,0.7696372866630554
0.1,148,33,64,0.29388993978500366,1090,3264,462,0.42385321855545044,4,0.5087890625,0.36693546175956726,0.3659033211589331,0.0010321438312530518,0.9756094217300415
0.1,149,33,64,0.31727951765060425,1090,3264,484,0.44403669238090515,4,0.4951171875,0.3734878897666931,0.3659033211589331,0.007584571838378906,0.7670133113861084
0.1,150,33,64,0.2859867215156555,1090,3264,444,0.4073394536972046,4,0.5087890625,0.3558467626571655,0.3659033211589331,-0.010056555271148682,0.9360035061836243
0.1,151,33,64,0.30224770307540894,1090,3264,454,0.4165137708187103,4,0.498046875,0.35231852531433105,0.3659033211589331,-0.013584792613983154,0.9313256740570068
0.1,152,33,64,0.2738106846809387,1090,3264,456,0.41834864020347595,4,0.50390625,0.3634072542190552,0.3659033211589331,-0.002496063709259033,0.8440873622894287
0.1,153,33,64,0.2947693467140198,1090,3264,448,0.41100919246673584,4,0.4951171875,0.3578628897666931,0.3659033211589331,-0.008040428161621094,0.7798023819923401
0.1,154,33,64,0.3291756212711334,1090,3264,466,0.4275229275226593,4,0.5087890625,0.3649193346500397,0.3659033211589331,-0.0009839832782745361,0.8373159766197205
0.1,155,33,64,0.32633888721466064,1090,3264,466,0.4275229275226593,4,0.5078125,0.3744959533214569,0.3659033211589331,0.0085926353931427,0.8820548057556152
0.1,156,33,64,0.3327760696411133,1090,3264,498,0.45688074827194214,4,0.498046875,0.38306450843811035,0.3659033211589331,0.017161190509796143,0.8051260709762573
0.1,157,33,64,0.3220411241054535,1090,3264,446,0.4091743230819702,4,0.4931640625,0.36441531777381897,0.3659033211589331,-0.0014880001544952393,0.8378874063491821
0.1,158,33,64,0.2978261411190033,1090,3264,468,0.4293577969074249,4,0.5029296875,0.3558467626571655,0.3659033211589331,-0.010056555271148682,0.8257716298103333
0.1,159,33,64,0.281205952167511,1090,3264,474,0.4348623752593994,4,0.498046875,0.36441531777381897,0.3659033211589331,-0.0014880001544952393,0.8864096999168396
0.1,160,33,64,0.29550617933273315,1090,3264,506,0.46422019600868225,4,0.498046875,0.3881048262119293,0.3659033211589331,0.022201508283615112,0.8508260250091553
0.1,161,33,64,0.28473982214927673,1090,3264,478,0.43853211402893066,4,0.4814453125,0.3805443346500397,0.3659033211589331,0.014641016721725464,0.8900373578071594
0.1,162,33,64,0.29416424036026,1090,3264,508,0.4660550355911255,4,0.5009765625,0.3760080635547638,0.3659033211589331,0.010104745626449585,0.8648420572280884
0.1,163,33,64,0.3094603717327118,1090,3264,458,0.4201834797859192,4,0.5048828125,0.3553427457809448,0.3659033211589331,-0.010560572147369385,0.8398101329803467
0.1,164,33,64,0.2989724278450012,1090,3264,448,0.41100919246673584,4,0.4873046875,0.3709677457809448,0.3659033211589331,0.005064427852630615,0.8361519575119019
0.1,165,33,64,0.31828707456588745,1090,3264,456,0.41834864020347595,4,0.49609375,0.3608870804309845,0.3659033211589331,-0.005016237497329712,0.8171937465667725
0.1,166,33,64,0.28377124667167664,1090,3264,450,0.4128440320491791,4,0.5048828125,0.3603830635547638,0.3659033211589331,-0.005520254373550415,0.8765841126441956
0.1,167,33,64,0.28715652227401733,1090,3264,490,0.449541300535202,4,0.5009765625,0.3578628897666931,0.3659033211589331,-0.008040428161621094,0.9967526793479919
0.1,168,33,64,0.31668636202812195,1090,3264,486,0.4458715617656708,4,0.501953125,0.3739919364452362,0.3659033211589331,0.008088618516921997,0.8841997385025024
0.1,169,33,64,0.2902887463569641,1090,3264,474,0.4348623752593994,4,0.50390625,0.3719758093357086,0.3659033211589331,0.006072491407394409,0.8107151985168457
0.1,170,33,64,0.2863921821117401,1090,3264,450,0.4128440320491791,4,0.5029296875,0.3634072542190552,0.3659033211589331,-0.002496063709259033,0.976650595664978
0.1,171,33,64,0.30734843015670776,1090,3264,450,0.4128440320491791,4,0.50390625,0.36592739820480347,0.3659033211589331,2.4080276489257812e-05,0.7578905820846558
0.1,172,33,64,0.30914610624313354,1090,3264,492,0.45137614011764526,4,0.490234375,0.3760080635547638,0.3659033211589331,0.010104745626449585,0.9246443510055542
0.1,173,33,64,0.3429398834705353,1090,3264,460,0.4220183491706848,4,0.486328125,0.3583669364452362,0.3659033211589331,-0.007536381483078003,0.8056672811508179
0.1,174,33,64,0.28849369287490845,1090,3264,478,0.43853211402893066,4,0.501953125,0.3583669364452362,0.3659033211589331,-0.007536381483078003,0.935578465461731
0.1,175,33,64,0.30293339490890503,1090,3264,478,0.43853211402893066,4,0.494140625,0.3598790168762207,0.3659033211589331,-0.006024301052093506,0.9082452654838562
0.1,176,33,64,0.2982861399650574,1090,3264,468,0.4293577969074249,4,0.5146484375,0.37046369910240173,0.3659033211589331,0.004560381174087524,0.8626653552055359
0.1,177,33,64,0.3166774809360504,1090,3264,424,0.3889908194541931,4,0.5185546875,0.33770158886909485,0.3659033211589331,-0.02820172905921936,0.851062536239624
0.1,178,33,64,0.2936179041862488,1090,3264,480,0.4403669834136963,4,0.4931640625,0.3770161271095276,0.3659033211589331,0.011112809181213379,0.8919954895973206
0.1,179,33,64,0.3081619441509247,1090,3264,450,0.4128440320491791,4,0.494140625,0.3583669364452362,0.3659033211589331,-0.007536381483078003,0.8849131464958191
0.1,180,33,64,0.29119616746902466,1090,3264,466,0.4275229275226593,4,0.5078125,0.36743950843811035,0.3659033211589331,0.0015361905097961426,0.8683410882949829
0.1,181,33,64,0.26967549324035645,1090,3264,476,0.43669724464416504,4,0.5146484375,0.3558467626571655,0.3659033211589331,-0.010056555271148682,1.0078494548797607
0.1,182,33,64,0.2975733280181885,1090,3264,468,0.4293577969074249,4,0.49609375,0.38356852531433105,0.3659033211589331,0.017665207386016846,0.9128407835960388
0.1,183,33,64,0.2898942530155182,1090,3264,488,0.4477064311504364,4,0.5,0.3623991906642914,0.3659033211589331,-0.003504127264022827,0.8995084166526794
0.1,184,33,64,0.30957216024398804,1090,3264,486,0.4458715617656708,4,0.501953125,0.3916330635547638,0.3659033211589331,0.025729745626449585,0.7859793901443481
0.1,185,33,64,0.3253270387649536,1090,3264,436,0.4000000059604645,4,0.4892578125,0.3457661271095276,0.3659033211589331,-0.02013719081878662,0.7905601263046265
0.1,186,33,64,0.34038814902305603,1090,3264,460,0.4220183491706848,4,0.4912109375,0.3805443346500397,0.3659033211589331,0.014641016721725464,0.8502990007400513
0.1,187,33,64,0.31622937321662903,1090,3264,480,0.4403669834136963,4,0.50390625,0.36441531777381897,0.3659033211589331,-0.0014880001544952393,0.8772612810134888
0.1,188,33,64,0.3296256363391876,1090,3264,442,0.40550458431243896,4,0.490234375,0.3588709533214569,0.3659033211589331,-0.0070323646068573,0.7443438768386841
0.1,189,33,64,0.3019202947616577,1090,3264,474,0.4348623752593994,4,0.4892578125,0.38104838132858276,0.3659033211589331,0.015145063400268555,0.9382722973823547
0.1,190,33,64,0.3025791347026825,1090,3264,480,0.4403669834136963,4,0.51171875,0.36693546175956726,0.3659033211589331,0.0010321438312530518,0.8968923687934875
0.1,191,33,64,0.2691217064857483,1090,3264,448,0.41100919246673584,4,0.4921875,0.3603830635547638,0.3659033211589331,-0.005520254373550415,0.9848827123641968
0.1,192,33,64,0.3102288246154785,1090,3264,490,0.449541300535202,4,0.501953125,0.38508063554763794,0.3659033211589331,0.01917731761932373,0.8967357873916626
0.1,193,33,64,0.2854083478450775,1090,3264,480,0.4403669834136963,4,0.5068359375,0.39969757199287415,0.3659033211589331,0.033794254064559937,0.8756163716316223
0.1,194,33,64,0.2904478907585144,1090,3264,490,0.449541300535202,4,0.5078125,0.38155239820480347,0.3659033211589331,0.015649080276489258,0.9266202449798584
0.1,195,33,64,0.2797395586967468,1090,3264,466,0.4275229275226593,4,0.494140625,0.35282257199287415,0.3659033211589331,-0.013080745935440063,0.9460412263870239
0.1,196,33,64,0.34643152356147766,1090,3264,494,0.4532110095024109,4,0.5009765625,0.3775201439857483,0.3659033211589331,0.011616826057434082,0.7259544730186462
0.1,197,33,64,0.3227695822715759,1090,3264,446,0.4091743230819702,4,0.4921875,0.35433465242385864,0.3659033211589331,-0.011568665504455566,0.7425358295440674
0.1,198,33,64,0.3290492594242096,1090,3264,484,0.44403669238090515,4,0.4990234375,0.375,0.3659033211589331,0.009096682071685791,0.7815684080123901
0.1,199,33,64,0.3441419303417206,1090,3264,484,0.44403669238090515,4,0.4921875,0.3629032075405121,0.3659033211589331,-0.003000110387802124,0.7466771602630615
0.1,200,33,64,0.29099389910697937,1090,3264,484,0.44403669238090515,4,0.5048828125,0.3739919364452362,0.3659033211589331,0.008088618516921997,0.9664671421051025
0.1,201,33,64,0.29042813181877136,1090,3264,452,0.4146789014339447,4,0.4931640625,0.36441531777381897,0.3659033211589331,-0.0014880001544952393,0.8602703809738159
0.1,202,33,64,0.2954403758049011,1090,3264,458,0.4201834797859192,4,0.505859375,0.3634072542190552,0.3659033211589331,-0.002496063709259033,0.8024213910102844
0.1,203,33,64,0.2776526212692261,1090,3264,492,0.45137614011764526,4,0.4931640625,0.3734878897666931,0.3659033211589331,0.007584571838378906,0.9506152868270874
0.1,204,33,64,0.2983050048351288,1090,3264,460,0.4220183491706848,4,0.5087890625,0.3598790168762207,0.3659033211589331,-0.006024301052093506,0.7999957799911499
0.1,205,33,64,0.30273738503456116,1090,3264,472,0.4330275356769562,4,0.48828125,0.3649193346500397,0.3659033211589331,-0.0009839832782745361,0.7985973358154297
0.1,206,33,64,0.31342563033103943,1090,3264,460,0.4220183491706848,4,0.501953125,0.3553427457809448,0.3659033211589331,-0.010560572147369385,0.9485306143760681
0.1,207,33,64,0.3351403772830963,1090,3264,460,0.4220183491706848,4,0.5224609375,0.3634072542190552,0.3659033211589331,-0.002496063709259033,0.8051097393035889
0.1,208,33,64,0.2765418291091919,1090,3264,452,0.4146789014339447,4,0.5,0.3477822542190552,0.3659033211589331,-0.018121063709259033,1.0306907892227173
0.1,209,33,64,0.29797038435935974,1090,3264,440,0.40366971492767334,4,0.4912109375,0.36643144488334656,0.3659033211589331,0.0005281269550323486,0.9273018836975098
0.1,210,33,64,0.28741756081581116,1090,3264,442,0.40550458431243896,4,0.5029296875,0.35231852531433105,0.3659033211589331,-0.013584792613983154,0.832716166973114
0.1,211,33,64,0.3004050552845001,1090,3264,458,0.4201834797859192,4,0.4912109375,0.3457661271095276,0.3659033211589331,-0.02013719081878662,0.9258095026016235
0.1,212,33,64,0.3210177719593048,1090,3264,450,0.4128440320491791,4,0.498046875,0.36441531777381897,0.3659033211589331,-0.0014880001544952393,0.8003842830657959
0.1,213,33,64,0.29887276887893677,1090,3264,422,0.3871559798717499,4,0.49609375,0.3336693346500397,0.3659033211589331,-0.032233983278274536,0.8697359561920166
0.1,214,33,64,0.3205401301383972,1090,3264,464,0.42568808794021606,4,0.5087890625,0.35030239820480347,0.3659033211589331,-0.015600919723510742,0.7710566520690918
0.1,215,33,64,0.30681127309799194,1090,3264,432,0.3963302671909332,4,0.5078125,0.3432459533214569,0.3659033211589331,-0.0226573646068573,0.8407734632492065
0.1,216,33,64,0.29893115162849426,1090,3264,458,0.4201834797859192,4,0.5078125,0.3623991906642914,0.3659033211589331,-0.003504127264022827,0.8838062286376953
0.1,217,33,64,0.3249320387840271,1090,3264,462,0.42385321855545044,4,0.4931640625,0.3603830635547638,0.3659033211589331,-0.005520254373550415,0.6739917993545532
0.1,218,33,64,0.34223562479019165,1090,3264,452,0.4146789014339447,4,0.5087890625,0.3558467626571655,0.3659033211589331,-0.010056555271148682,0.6593832969665527
0.1,219,33,64,0.31613674759864807,1090,3264,450,0.4128440320491791,4,0.48046875,0.3618951439857483,0.3659033211589331,-0.004008173942565918,0.8055499792098999
0.1,220,33,64,0.3173030912876129,1090,3264,460,0.4220183491706848,4,0.5048828125,0.3462701439857483,0.3659033211589331,-0.019633173942565918,0.91928631067276
0.1,221,33,64,0.3258255124092102,1090,3264,462,0.42385321855545044,4,0.490234375,0.36743950843811035,0.3659033211589331,0.0015361905097961426,0.7854210138320923
0.1,222,33,64,0.30099841952323914,1090,3264,470,0.43119266629219055,4,0.505859375,0.3760080635547638,0.3659033211589331,0.010104745626449585,0.843411386013031
0.1,223,33,64,0.3080117702484131,1090,3264,502,0.460550457239151,4,0.5146484375,0.38004031777381897,0.3659033211589331,0.01413699984550476,0.8002772331237793
0.1,224,33,64,0.32568180561065674,1090,3264,478,0.43853211402893066,4,0.49609375,0.36743950843811035,0.3659033211589331,0.0015361905097961426,0.8403854966163635
0.1,225,33,64,0.3385116159915924,1090,3264,476,0.43669724464416504,4,0.4990234375,0.3765120804309845,0.3659033211589331,0.010608762502670288,0.8170002698898315
0.1,226,33,64,0.31104037165641785,1090,3264,488,0.4477064311504364,4,0.5009765625,0.3886088728904724,0.3659033211589331,0.022705554962158203,0.9198991060256958
0.1,227,33,64,0.30001556873321533,1090,3264,484,0.44403669238090515,4,0.4921875,0.36995965242385864,0.3659033211589331,0.004056334495544434,0.9254400730133057
0.1,228,33,64,0.317917138338089,1090,3264,470,0.43119266629219055,4,0.4814453125,0.3583669364452362,0.3659033211589331,-0.007536381483078003,0.9126931428909302
0.1,229,33,64,0.2887036204338074,1090,3264,476,0.43669724464416504,4,0.4873046875,0.3724798262119293,0.3659033211589331,0.006576508283615112,0.930296778678894
0.1,230,33,64,0.27972638607025146,1090,3264,478,0.43853211402893066,4,0.4970703125,0.3618951439857483,0.3659033211589331,-0.004008173942565918,0.9972851276397705
0.1,231,33,64,0.31808149814605713,1090,3264,476,0.43669724464416504,4,0.4931640625,0.35332658886909485,0.3659033211589331,-0.01257672905921936,0.7783489227294922
0.1,232,33,64,0.29691776633262634,1090,3264,476,0.43669724464416504,4,0.5,0.3457661271095276,0.3659033211589331,-0.02013719081878662,0.7653805613517761
0.1,233,33,64,0.29991614818573,1090,3264,452,0.4146789014339447,4,0.4951171875,0.36895158886909485,0.3659033211589331,0.0030482709407806396,0.8826014399528503
0.1,234,33,64,0.2871790826320648,1090,3264,478,0.43853211402893066,4,0.5078125,0.3608870804309845,0.3659033211589331,-0.005016237497329712,0.8625272512435913
0.1,235,33,64,0.31919917464256287,1090,3264,498,0.45688074827194214,4,0.49609375,0.3629032075405121,0.3659033211589331,-0.003000110387802124,0.8948887586593628
0.1,236,33,64,0.30734747648239136,1090,3264,454,0.4165137708187103,4,0.517578125,0.35282257199287415,0.3659033211589331,-0.013080745935440063,0.9331458806991577
0.1,237,33,64,0.3282308876514435,1090,3264,460,0.4220183491706848,4,0.482421875,0.3588709533214569,0.3659033211589331,-0.0070323646068573,0.7309242486953735
0.1,238,33,64,0.3208194375038147,1090,3264,456,0.41834864020347595,4,0.498046875,0.3649193346500397,0.3659033211589331,-0.0009839832782745361,0.7856024503707886
0.1,239,33,64,0.311125785112381,1090,3264,490,0.449541300535202,4,0.501953125,0.3785282075405121,0.3659033211589331,0.012624889612197876,0.8152204155921936
0.1,240,33,64,0.30378443002700806,1090,3264,498,0.45688074827194214,4,0.49609375,0.3780241906642914,0.3659033211589331,0.012120872735977173,0.9153827428817749
0.1,241,33,64,0.2952896058559418,1090,3264,472,0.4330275356769562,4,0.501953125,0.3795362710952759,0.3659033211589331,0.01363295316696167,0.8191462755203247
0.1,242,33,64,0.33106186985969543,1090,3264,482,0.4422018527984619,4,0.5,0.3714717626571655,0.3659033211589331,0.005568444728851318,0.8115343451499939
0.1,243,33,64,0.28755536675453186,1090,3264,484,0.44403669238090515,4,0.5,0.3734878897666931,0.3659033211589331,0.007584571838378906,0.8755694627761841
0.1,244,33,64,0.26361963152885437,1090,3264,432,0.3963302671909332,4,0.4892578125,0.3563508093357086,0.3659033211589331,-0.00955250859260559,1.1191868782043457
0.1,245,33,64,0.3181787133216858,1090,3264,456,0.41834864020347595,4,0.505859375,0.3623991906642914,0.3659033211589331,-0.003504127264022827,0.8866671323776245
0.1,246,33,64,0.2889247238636017,1090,3264,488,0.4477064311504364,4,0.5078125,0.3613911271095276,0.3659033211589331,-0.004512190818786621,0.8885968327522278
0.1,247,33,64,0.3474409580230713,1090,3264,488,0.4477064311504364,4,0.51171875,0.3760080635547638,0.3659033211589331,0.010104745626449585,0.7993810176849365
0.1,248,33,64,0.2810463309288025,1090,3264,470,0.43119266629219055,4,0.501953125,0.3568548262119293,0.3659033211589331,-0.009048491716384888,0.9221886396408081
0.1,249,33,64,0.2938847243785858,1090,3264,476,0.43669724464416504,4,0.501953125,0.3724798262119293,0.3659033211589331,0.006576508283615112,0.8538088202476501
0.1,250,33,64,0.32491666078567505,1090,3264,478,0.43853211402893066,4,0.5234375,0.3583669364452362,0.3659033211589331,-0.007536381483078003,0.7245743274688721
0.1,251,33,64,0.34145885705947876,1090,3264,462,0.42385321855545044,4,0.4892578125,0.3739919364452362,0.3659033211589331,0.008088618516921997,0.8594526052474976
0.1,252,33,64,0.2941892147064209,1090,3264,464,0.42568808794021606,4,0.5048828125,0.3629032075405121,0.3659033211589331,-0.003000110387802124,0.8686546087265015
0.1,253,33,64,0.3152579963207245,1090,3264,442,0.40550458431243896,4,0.5146484375,0.3472782075405121,0.3659033211589331,-0.018625110387802124,0.9404215812683105
0.1,254,33,64,0.2998273968696594,1090,3264,470,0.43119266629219055,4,0.49609375,0.3553427457809448,0.3659033211589331,-0.010560572147369385,0.9220003485679626
0.1,255,33,64,0.3110400438308716,1090,3264,466,0.4275229275226593,4,0.5029296875,0.3649193346500397,0.3659033211589331,-0.0009839832782745361,0.8367612361907959
0.1,0,65,64,0.27826952934265137,4226,12672,1930,0.45669662952423096,4,0.498291015625,0.4166666865348816,0.40886600782279675,0.007800668478012085,0.6182711124420166
0.1,1,65,64,0.3028252124786377,4226,12672,1958,0.4633222818374634,4,0.504638671875,0.4164186716079712,0.40886600782279675,0.007552653551101685,0.6165659427642822
0.1,2,65,64,0.2937345504760742,4226,12672,1990,0.470894455909729,4,0.5029296875,0.4056299924850464,0.40886600782279675,-0.00323602557182312,0.5743470191955566
0.1,3,65,64,0.3021024465560913,4226,12672,1932,0.45716989040374756,4,0.4970703125,0.410342276096344,0.40886600782279675,0.0014762580394744873,0.5600335597991943
0.1,4,65,64,0.27121609449386597,4226,12672,1938,0.45858967304229736,4,0.502197265625,0.414434552192688,0.40886600782279675,0.0055685341358184814,0.6512752771377563
0.1,5,65,64,0.27755898237228394,4226,12672,1940,0.45906293392181396,4,0.504638671875,0.409102201461792,0.40886600782279675,0.00023618340492248535,0.6216515302658081
0.1,6,65,64,0.3042246699333191,4226,12672,2018,0.4775201082229614,4,0.49951171875,0.4124504327774048,0.40886600782279675,0.0035844147205352783,0.5743420720100403
0.1,7,65,64,0.31702902913093567,4226,12672,1936,0.45811641216278076,4,0.5,0.4032738208770752,0.40886600782279675,-0.0055921971797943115,0.5518118143081665
0.1,8,65,64,0.3201363980770111,4226,12672,1958,0.4633222818374634,4,0.49755859375,0.4068700671195984,0.40886600782279675,-0.001995950937271118,0.5516843795776367
0.1,9,65,64,0.3077101707458496,4226,12672,1932,0.45716989040374756,4,0.499755859375,0.4155506193637848,0.40886600782279675,0.006684601306915283,0.5148557424545288
0.1,10,65,64,0.28653663396835327,4226,12672,1982,0.4690014123916626,4,0.49853515625,0.4108383059501648,0.40886600782279675,0.001972287893295288,0.6554960012435913
0.1,11,65,64,0.2938525676727295,4226,12672,1996,0.4723142385482788,4,0.49169921875,0.4086061716079712,0.40886600782279675,-0.00025984644889831543,0.620632529258728
0.1,12,65,64,0.2994649112224579,4226,12672,1952,0.4619024991989136,4,0.50048828125,0.4107142984867096,0.40886600782279675,0.0018482804298400879,0.6566997766494751
0.1,13,65,64,0.32593587040901184,4226,12672,1942,0.45953619480133057,4,0.495361328125,0.4014137089252472,0.40886600782279675,-0.0074523091316223145,0.5721965432167053
0.1,14,65,64,0.33233168721199036,4226,12672,1898,0.44912445545196533,4,0.493408203125,0.4077381193637848,0.40886600782279675,-0.0011278986930847168,0.5202466249465942
0.1,15,65,64,0.3031846880912781,4226,12672,2022,0.47846662998199463,4,0.49755859375,0.4104662835597992,0.40886600782279675,0.0016002655029296875,0.6397194862365723
0.1,16,65,64,0.31203508377075195,4226,12672,1900,0.44959771633148193,4,0.498779296875,0.4058780074119568,0.40886600782279675,-0.0029880106449127197,0.49992644786834717
0.1,17,65,64,0.3257732391357422,4226,12672,1976,0.4675816297531128,4,0.5009765625,0.4069940745830536,0.40886600782279675,-0.001871943473815918,0.5557835102081299
0.1,18,65,64,0.3060162663459778,4226,12672,2006,0.4746805429458618,4,0.49951171875,0.4043899178504944,0.40886600782279675,-0.004476100206375122,0.5587223768234253
0.1,19,65,64,0.29642075300216675,4226,12672,2008,0.4751538038253784,4,0.50146484375,0.4067460596561432,0.40886600782279675,-0.0021199584007263184,0.6054612398147583
0.1,20,65,64,0.2996455729007721,4226,12672,1962,0.4642688035964966,4,0.50830078125,0.4172867238521576,0.40886600782279675,0.008420705795288086,0.6086205244064331
0.1,21,65,64,0.3354252576828003,4226,12672,1906,0.45101749897003174,4,0.492919921875,0.408482164144516,0.40886600782279675,-0.0003838539123535156,0.5489364266395569
0.1,22,65,64,0.32032454013824463,4226,12672,1960,0.46379554271698,4,0.502197265625,0.4112103283405304,0.40886600782279675,0.0023443102836608887,0.5359764099121094
0.1,23,65,64,0.31984907388687134,4226,12672,1922,0.45480358600616455,4,0.51123046875,0.4069940745830536,0.40886600782279675,-0.001871943473815918,0.55674147605896
0.1,24,65,64,0.3089214861392975,4226,12672,2016,0.4770468473434448,4,0.498046875,0.4155506193637848,0.40886600782279675,0.006684601306915283,0.5815200805664062
0.1,25,65,64,0.3105781078338623,4226,12672,1952,0.4619024991989136,4,0.496337890625,0.4021577537059784,0.40886600782279675,-0.006708264350891113,0.5866168141365051
0.1,26,65,64,0.32845160365104675,4226,12672,2014,0.4765735864639282,4,0.501953125,0.4124504327774048,0.40886600782279675,0.0035844147205352783,0.5676096677780151
0.1,27,65,64,0.29390785098075867,4226,12672,1944,0.46000945568084717,4,0.503173828125,0.4107142984867096,0.40886600782279675,0.0018482804298400879,0.6185271739959717
0.1,28,65,64,0.31552669405937195,4226,12672,1968,0.4656885862350464,4,0.490478515625,0.409722238779068,0.40886600782279675,0.0008562207221984863,0.5310940146446228
0.1,29,65,64,0.31369853019714355,4226,12672,1934,0.45764315128326416,4,0.502197265625,0.4114583432674408,0.40886600782279675,0.002592325210571289,0.5244153141975403
0.1,30,65,64,0.3011167347431183,4226,12672,2004,0.4742072820663452,4,0.50244140625,0.4130704700946808,0.40886600782279675,0.004204452037811279,0.6045147180557251
0.1,31,65,64,0.28826045989990234,4226,12672,1896,0.44865119457244873,4,0.505126953125,0.4035218358039856,0.40886600782279675,-0.005344182252883911,0.6805558204650879
0.1,32,65,64,0.3330226540565491,4226,12672,1948,0.46095597743988037,4,0.501708984375,0.3990575671195984,0.40886600782279675,-0.009808450937271118,0.5344199538230896
0.1,33,65,64,0.3098137080669403,4226,12672,2010,0.475627064704895,4,0.497314453125,0.4117063581943512,0.40886600782279675,0.0028403401374816895,0.5782043933868408
0.1,34,65,64,0.3039774000644684,4226,12672,2000,0.473260760307312,4,0.501708984375,0.4104662835597992,0.40886600782279675,0.0016002655029296875,0.5567399859428406
0.1,35,65,64,0.3621891736984253,4226,12672,1984,0.4694746732711792,4,0.500732421875,0.4017857313156128,0.40886600782279675,-0.007080286741256714,0.3996630609035492
0.1,36,65,64,0.28616705536842346,4226,12672,1988,0.4704211950302124,4,0.490478515625,0.4061260223388672,0.40886600782279675,-0.0027399957180023193,0.5604403614997864
0.1,37,65,64,0.31617528200149536,4226,12672,1912,0.45243728160858154,4,0.501220703125,0.4104662835597992,0.40886600782279675,0.0016002655029296875,0.5803366899490356
0.1,38,65,64,0.3036051094532013,4226,12672,2010,0.475627064704895,4,0.50390625,0.415054589509964,0.40886600782279675,0.006188571453094482,0.542555570602417
0.1,39,65,64,0.30741798877716064,4226,12672,1974,0.4671083688735962,4,0.498046875,0.4105902910232544,0.40886600782279675,0.0017242729663848877,0.6112791299819946
0.1,40,65,64,0.3243125379085541,4226,12672,1950,0.461429238319397,4,0.5107421875,0.400669664144516,0.40886600782279675,-0.008196353912353516,0.5871661901473999
0.1,41,65,64,0.31456777453422546,4226,12672,2008,0.4751538038253784,4,0.499755859375,0.4157986342906952,0.40886600782279675,0.006932616233825684,0.492249995470047
0.1,42,65,64,0.29672718048095703,4226,12672,1928,0.45622336864471436,4,0.495849609375,0.4095982313156128,0.40886600782279675,0.0007322132587432861,0.5779471397399902
0.1,43,65,64,0.29997241497039795,4226,12672,1884,0.4458116292953491,4,0.502685546875,0.4056299924850464,0.40886600782279675,-0.00323602557182312,0.5994257926940918
0.1,44,65,64,0.2929895222187042,4226,12672,2006,0.4746805429458618,4,0.4970703125,0.4079861342906952,0.40886600782279675,-0.0008798837661743164,0.5958016514778137
0.1,45,65,64,0.2880307137966156,4226,12672,1966,0.4652153253555298,4,0.501953125,0.4143105447292328,0.40886600782279675,0.005444526672363281,0.5761386156082153
0.1,46,65,64,0.2939258813858032,4226,12672,1912,0.45243728160858154,4,0.49169921875,0.4128224551677704,0.40886600782279675,0.003956437110900879,0.6341016292572021
0.1,47,65,64,0.29393693804740906,4226,12672,2050,0.48509228229522705,4,0.499267578125,0.4232391119003296,0.40886600782279675,0.014373093843460083,0.5805131196975708
0.1,48,65,64,0.2755177617073059,4226,12672,1964,0.4647420644760132,4,0.503173828125,0.4033978283405304,0.40886600782279675,-0.005468189716339111,0.6954786777496338
0.1,49,65,64,0.3130345046520233,4226,12672,1950,0.461429238319397,4,0.4921875,0.407242089509964,0.40886600782279675,-0.0016239285469055176,0.5123460292816162
0.1,50,65,64,0.3201541006565094,4226,12672,1968,0.4656885862350464,4,0.505615234375,0.4042659103870392,0.40886600782279675,-0.004600107669830322,0.5238013863563538
0.1,51,65,64,0.3299044072628021,4226,12672,1938,0.45858967304229736,4,0.501220703125,0.4024057686328888,0.40886600782279675,-0.006460249423980713,0.4615752398967743
0.1,52,65,64,0.29883819818496704,4226,12672,1994,0.4718409776687622,4,0.50390625,0.4165426790714264,0.40886600782279675,0.007676661014556885,0.5905230045318604
0.1,53,65,64,0.3080396354198456,4226,12672,2016,0.4770468473434448,4,0.499267578125,0.4126984477043152,0.40886600782279675,0.0038324296474456787,0.567663311958313
0.1,54,65,64,0.31181198358535767,4226,12672,1994,0.4718409776687622,4,0.4931640625,0.4069940745830536,0.40886600782279675,-0.001871943473815918,0.5537406206130981
0.1,55,65,64,0.28887268900871277,4226,12672,1958,0.4633222818374634,4,0.5068359375,0.4043899178504944,0.40886600782279675,-0.004476100206375122,0.6220844388008118
0.1,56,65,64,0.2998516857624054,4226,12672,1956,0.4628490209579468,4,0.495849609375,0.4112103283405304,0.40886600782279675,0.0023443102836608887,0.5807856321334839
0.1,57,65,64,0.3108525574207306,4226,12672,1908,0.45149075984954834,4,0.494140625,0.3990575671195984,0.40886600782279675,-0.009808450937271118,0.5110491514205933
0.1,58,65,64,0.3116382956504822,4226,12672,1912,0.45243728160858154,4,0.498291015625,0.4073660969734192,0.40886600782279675,-0.0014999210834503174,0.5067234635353088
0.1,59,65,64,0.32677820324897766,4226,12672,1962,0.4642688035964966,4,0.49853515625,0.4063740372657776,0.40886600782279675,-0.002491980791091919,0.5216860771179199
0.1,60,65,64,0.3037821054458618,4226,12672,2004,0.4742072820663452,4,0.49560546875,0.4093502163887024,0.40886600782279675,0.00048419833183288574,0.5730509757995605
0.1,61,65,64,0.2628948390483856,4226,12672,1968,0.4656885862350464,4,0.5048828125,0.4086061716079712,0.40886600782279675,-0.00025984644889831543,0.6693940162658691
0.1,62,65,64,0.3238089680671692,4226,12672,1942,0.45953619480133057,4,0.495849609375,0.4098462462425232,0.40886600782279675,0.0009802281856536865,0.5130906105041504
0.1,63,65,64,0.31532448530197144,4226,12672,1978,0.4680548906326294,4,0.5029296875,0.40314981341362,0.40886600782279675,-0.005716204643249512,0.5506405830383301
0.1,64,65,64,0.2888050973415375,4226,12672,1962,0.4642688035964966,4,0.502197265625,0.3990575671195984,0.40886600782279675,-0.009808450937271118,0.6258713006973267
0.1,65,65,64,0.3264363706111908,4226,12672,1932,0.45716989040374756,4,0.506103515625,0.4123264253139496,0.40886600782279675,0.003460407257080078,0.5082346200942993
0.1,66,65,64,0.2727590799331665,4226,12672,1960,0.46379554271698,4,0.506591796875,0.4098462462425232,0.40886600782279675,0.0009802281856536865,0.6134605407714844
0.1,67,65,64,0.28323277831077576,4226,12672,1950,0.461429238319397,4,0.49951171875,0.4014137089252472,0.40886600782279675,-0.0074523091316223145,0.5692751407623291
0.1,68,65,64,0.33378171920776367,4226,12672,1970,0.466161847114563,4,0.49365234375,0.4124504327774048,0.40886600782279675,0.0035844147205352783,0.591229259967804
0.1,69,65,64,0.3130882978439331,4226,12672,1954,0.4623757600784302,4,0.5078125,0.399429589509964,0.40886600782279675,-0.009436428546905518,0.5844647884368896
0.1,70,65,64,0.30487173795700073,4226,12672,1948,0.46095597743988037,4,0.4951171875,0.4057539999485016,0.40886600782279675,-0.00311201810836792,0.5242519378662109
0.1,71,65,64,0.284356027841568,4226,12672,1892,0.4477046728134155,4,0.499267578125,0.4035218358039856,0.40886600782279675,-0.005344182252883911,0.5705499649047852
0.1,72,65,64,0.2953057587146759,4226,12672,1978,0.4680548906326294,4,0.499755859375,0.4165426790714264,0.40886600782279675,0.007676661014556885,0.5341895818710327
0.1,73,65,64,0.3193996846675873,4226,12672,1986,0.4699479341506958,4,0.50439453125,0.4120784103870392,0.40886600782279675,0.0032123923301696777,0.5051972270011902
0.1,74,65,64,0.31840983033180237,4226,12672,1924,0.45527684688568115,4,0.503662109375,0.4067460596561432,0.40886600782279675,-0.0021199584007263184,0.5944129228591919
0.1,75,65,64,0.2704279124736786,4226,12672,1954,0.4623757600784302,4,0.497314453125,0.4048859477043152,0.40886600782279675,-0.003980070352554321,0.6604546308517456
0.1,76,65,64,0.3056943416595459,4226,12672,1980,0.468528151512146,4,0.48876953125,0.404141902923584,0.40886600782279675,-0.0047241151332855225,0.6248236894607544
0.1,77,65,64,0.32732850313186646,4226,12672,1998,0.4727874994277954,4,0.504150390625,0.4095982313156128,0.40886600782279675,0.0007322132587432861,0.5203540325164795
0.1,78,65,64,0.2833681106567383,4226,12672,1948,0.46095597743988037,4,0.50048828125,0.4105902910232544,0.40886600782279675,0.0017242729663848877,0.5873386263847351
0.1,79,65,64,0.30624309182167053,4226,12672,1988,0.4704211950302124,4,0.5,0.4136905074119568,0.40886600782279675,0.00482448935508728,0.6134194135665894
0.1,80,65,64,0.3288939893245697,4226,12672,1972,0.4666351079940796,4,0.4990234375,0.409722238779068,0.40886600782279675,0.0008562207221984863,0.47402000427246094
0.1,81,65,64,0.33357471227645874,4226,12672,1972,0.4666351079940796,4,0.50146484375,0.4157986342906952,0.40886600782279675,0.006932616233825684,0.47393882274627686
0.1,82,65,64,0.317927747964859,4226,12672,1942,0.45953619480133057,4,0.498779296875,0.4067460596561432,0.40886600782279675,-0.0021199584007263184,0.5670292973518372
0.1,83,65,64,0.3117976486682892,4226,12672,1974,0.4671083688735962,4,0.5009765625,0.3983135223388672,0.40886600782279675,-0.01055249571800232,0.519668698310852
0.1,84,65,64,0.31772613525390625,4226,12672,1926,0.45575010776519775,4,0.489501953125,0.4063740372657776,0.40886600782279675,-0.002491980791091919,0.565482497215271
0.1,85,65,64,0.31388792395591736,4226,12672,1970,0.466161847114563,4,0.5029296875,0.41567462682724,0.40886600782279675,0.006808608770370483,0.5004749298095703
0.1,86,65,64,0.2922150194644928,4226,12672,1932,0.45716989040374756,4,0.49462890625,0.40004962682724,0.40886600782279675,-0.008816391229629517,0.605677604675293
0.1,87,65,64,0.3426280617713928,4226,12672,2016,0.4770468473434448,4,0.502197265625,0.411582350730896,0.40886600782279675,0.0027163326740264893,0.4715020954608917
0.1,88,65,64,0.3183870315551758,4226,12672,1926,0.45575010776519775,4,0.49951171875,0.410342276096344,0.40886600782279675,0.0014762580394744873,0.5705389380455017
0.1,89,65,64,0.3075738251209259,4226,12672,1964,0.4647420644760132,4,0.5068359375,0.407242089509964,0.40886600782279675,-0.0016239285469055176,0.5962834358215332
0.1,90,65,64,0.31170758605003357,4226,12672,1900,0.44959771633148193,4,0.505126953125,0.3993055820465088,0.40886600782279675,-0.009560436010360718,0.6121761798858643
0.1,91,65,64,0.2902299463748932,4226,12672,1972,0.4666351079940796,4,0.51171875,0.40476194024086,0.40886600782279675,-0.0041040778160095215,0.5441817045211792
0.1,92,65,64,0.3066639304161072,4226,12672,1974,0.4671083688735962,4,0.49853515625,0.4073660969734192,0.40886600782279675,-0.0014999210834503174,0.5122708678245544
0.1,93,65,64,0.3136478066444397,4226,12672,1988,0.4704211950302124,4,0.4921875,0.4057539999485016,0.40886600782279675,-0.00311201810836792,0.5645868182182312
0.1,94,65,64,0.3262098431587219,4226,12672,1970,0.466161847114563,4,0.49951171875,0.4046379327774048,0.40886600782279675,-0.004228085279464722,0.5363080501556396
0.1,95,65,64,0.31004422903060913,4226,12672,1982,0.4690014123916626,4,0.494873046875,0.41096231341362,0.40886600782279675,0.0020962953567504883,0.5040608644485474
0.1,96,65,64,0.3253246247768402,4226,12672,1920,0.45433032512664795,4,0.498779296875,0.4122024178504944,0.40886600782279675,0.003336399793624878,0.5619416236877441
0.1,97,65,64,0.30823856592178345,4226,12672,1974,0.4671083688735962,4,0.50390625,0.4110863208770752,0.40886600782279675,0.0022203028202056885,0.5991818904876709
0.1,98,65,64,0.29774245619773865,4226,12672,2006,0.4746805429458618,4,0.504638671875,0.4166666865348816,0.40886600782279675,0.007800668478012085,0.5845121741294861
0.1,99,65,64,0.31870749592781067,4226,12672,1950,0.461429238319397,4,0.505615234375,0.4086061716079712,0.40886600782279675,-0.00025984644889831543,0.5880939960479736
0.1,100,65,64,0.3037598431110382,4226,12672,1960,0.46379554271698,4,0.5048828125,0.4035218358039856,0.40886600782279675,-0.005344182252883911,0.5646341443061829
0.1,101,65,64,0.2735983431339264,4226,12672,1926,0.45575010776519775,4,0.4990234375,0.4095982313156128,0.40886600782279675,0.0007322132587432861,0.6245514154434204
0.1,102,65,64,0.3014304041862488,4226,12672,2008,0.4751538038253784,4,0.497314453125,0.4164186716079712,0.40886600782279675,0.007552653551101685,0.5424259901046753
0.1,103,65,64,0.30601760745048523,4226,12672,1992,0.4713677167892456,4,0.502197265625,0.4007936716079712,0.40886600782279675,-0.008072346448898315,0.5745601654052734
0.1,104,65,64,0.33495450019836426,4226,12672,1944,0.46000945568084717,4,0.499267578125,0.4083581566810608,0.40886600782279675,-0.0005078613758087158,0.5121759176254272
0.1,105,65,64,0.30392730236053467,4226,12672,2020,0.477993369102478,4,0.494873046875,0.41096231341362,0.40886600782279675,0.0020962953567504883,0.5888519287109375
0.1,106,65,64,0.318800687789917,4226,12672,1972,0.4666351079940796,4,0.495849609375,0.4064980447292328,0.40886600782279675,-0.0023679733276367188,0.5784500241279602
0.1,107,65,64,0.29769638180732727,4226,12672,1990,0.470894455909729,4,0.497802734375,0.4157986342906952,0.40886600782279675,0.006932616233825684,0.6052324175834656
0.1,108,65,64,0.302590548992157,4226,12672,2020,0.477993369102478,4,0.5009765625,0.4129464626312256,0.40886600782279675,0.004080444574356079,0.6185592412948608
0.1,109,65,64,0.3054081201553345,4226,12672,1928,0.45622336864471436,4,0.494873046875,0.4074901044368744,0.40886600782279675,-0.0013759136199951172,0.6029113531112671
0.1,110,65,64,0.28434017300605774,4226,12672,1958,0.4633222818374634,4,0.4990234375,0.4179067611694336,0.40886600782279675,0.009040743112564087,0.6296443939208984
0.1,111,65,64,0.3170127868652344,4226,12672,1962,0.4642688035964966,4,0.4990234375,0.4081101417541504,0.40886600782279675,-0.0007558763027191162,0.5915161371231079
0.1,112,65,64,0.2832200825214386,4226,12672,1978,0.4680548906326294,4,0.50244140625,0.4146825671195984,0.40886600782279675,0.005816549062728882,0.6370455026626587
0.1,113,65,64,0.2867942750453949,4226,12672,1980,0.468528151512146,4,0.503662109375,0.4108383059501648,0.40886600782279675,0.001972287893295288,0.5626394748687744
0.1,114,65,64,0.31287556886672974,4226,12672,1956,0.4628490209579468,4,0.50341796875,0.409102201461792,0.40886600782279675,0.00023618340492248535,0.5744473934173584
0.1,115,65,64,0.3190052807331085,4226,12672,1938,0.45858967304229736,4,0.499267578125,0.4042659103870392,0.40886600782279675,-0.004600107669830322,0.5512995719909668
0.1,116,65,64,0.3155280649662018,4226,12672,1978,0.4680548906326294,4,0.4990234375,0.4227430820465088,0.40886600782279675,0.013877063989639282,0.5844079852104187
0.1,117,65,64,0.32126280665397644,4226,12672,1996,0.4723142385482788,4,0.495361328125,0.4107142984867096,0.40886600782279675,0.0018482804298400879,0.5171225070953369
0.1,118,65,64,0.29582053422927856,4226,12672,1956,0.4628490209579468,4,0.4931640625,0.4068700671195984,0.40886600782279675,-0.001995950937271118,0.5670557022094727
0.1,119,65,64,0.2873915135860443,4226,12672,2048,0.48461902141571045,4,0.4990234375,0.41257444024086,0.40886600782279675,0.0037084221839904785,0.5996780395507812
0.1,120,65,64,0.3048335015773773,4226,12672,1930,0.45669662952423096,4,0.498779296875,0.4082341492176056,0.40886600782279675,-0.000631868839263916,0.4945162832736969
0.1,121,65,64,0.31321313977241516,4226,12672,1926,0.45575010776519775,4,0.50048828125,0.4143105447292328,0.40886600782279675,0.005444526672363281,0.5659027695655823
0.1,122,65,64,0.29812386631965637,4226,12672,1942,0.45953619480133057,4,0.4931640625,0.408482164144516,0.40886600782279675,-0.0003838539123535156,0.5879285931587219
0.1,123,65,64,0.34657323360443115,4226,12672,1934,0.45764315128326416,4,0.506591796875,0.4067460596561432,0.40886600782279675,-0.0021199584007263184,0.47755926847457886
0.1,124,65,64,0.292206734418869,4226,12672,1968,0.4656885862350464,4,0.4951171875,0.4077381193637848,0.40886600782279675,-0.0011278986930847168,0.6419190168380737
0.1,125,65,64,0.32106536626815796,4226,12672,1944,0.46000945568084717,4,0.50341796875,0.4122024178504944,0.40886600782279675,0.003336399793624878,0.5266474485397339
0.1,126,65,64,0.3164035975933075,4226,12672,1982,0.4690014123916626,4,0.495849609375,0.4058780074119568,0.40886600782279675,-0.0029880106449127197,0.5354002714157104
0.1,127,65,64,0.2836870551109314,4226,12672,2038,0.48225271701812744,4,0.498046875,0.406002014875412,0.40886600782279675,-0.0028640031814575195,0.6526970863342285
0.1,128,65,64,0.29848629236221313,4226,12672,1990,0.470894455909729,4,0.502197265625,0.4102182686328888,0.40886600782279675,0.0013522505760192871,0.5835589170455933
0.1,129,65,64,0.31282955408096313,4226,12672,2006,0.4746805429458618,4,0.496826171875,0.408482164144516,0.40886600782279675,-0.0003838539123535156,0.5143717527389526
0.1,130,65,64,0.27349820733070374,4226,12672,1912,0.45243728160858154,4,0.497802734375,0.4092262089252472,0.40886600782279675,0.00036019086837768555,0.6068258881568909
0.1,131,65,64,0.29915040731430054,4226,12672,1958,0.4633222818374634,4,0.499267578125,0.4092262089252472,0.40886600782279675,0.00036019086837768555,0.5917356014251709
0.1,132,65,64,0.2929912805557251,4226,12672,1976,0.4675816297531128,4,0.493896484375,0.4068700671195984,0.40886600782279675,-0.001995950937271118,0.5759308338165283
0.1,133,65,64,0.2692045271396637,4226,12672,1918,0.45385706424713135,4,0.502685546875,0.403769850730896,0.40886600782279675,-0.005096167325973511,0.6450645923614502
0.1,134,65,64,0.2962362766265869,4226,12672,1950,0.461429238319397,4,0.504150390625,0.4077381193637848,0.40886600782279675,-0.0011278986930847168,0.5551723837852478
0.1,135,65,64,0.31899723410606384,4226,12672,1960,0.46379554271698,4,0.4990234375,0.4061260223388672,0.40886600782279675,-0.0027399957180023193,0.525982141494751
0.1,136,65,64,0.31257420778274536,4226,12672,1894,0.44817793369293213,4,0.503173828125,0.4062500298023224,0.40886600782279675,-0.002615988254547119,0.5435758829116821
0.1,137,65,64,0.2479097694158554,4226,12672,1964,0.4647420644760132,4,0.501220703125,0.4046379327774048,0.40886600782279675,-0.004228085279464722,0.7118759155273438
0.1,138,65,64,0.2760932743549347,4226,12672,1998,0.4727874994277954,4,0.50634765625,0.417534738779068,0.40886600782279675,0.008668720722198486,0.6275037527084351
0.1,139,65,64,0.2726390063762665,4226,12672,1942,0.45953619480133057,4,0.49853515625,0.4020337462425232,0.40886600782279675,-0.0068322718143463135,0.6798481941223145
0.1,140,65,64,0.31203868985176086,4226,12672,1924,0.45527684688568115,4,0.500244140625,0.4033978283405304,0.40886600782279675,-0.005468189716339111,0.558924674987793
0.1,141,65,64,0.32259097695350647,4226,12672,1924,0.45527684688568115,4,0.501220703125,0.4033978283405304,0.40886600782279675,-0.005468189716339111,0.5662293434143066
0.1,142,65,64,0.2862759232521057,4226,12672,1960,0.46379554271698,4,0.500244140625,0.4048859477043152,0.40886600782279675,-0.003980070352554321,0.5657734870910645
0.1,143,65,64,0.3032147288322449,4226,12672,1952,0.4619024991989136,4,0.4970703125,0.4079861342906952,0.40886600782279675,-0.0008798837661743164,0.6240735054016113
0.1,144,65,64,0.30791765451431274,4226,12672,2000,0.473260760307312,4,0.49853515625,0.4058780074119568,0.40886600782279675,-0.0029880106449127197,0.5386157035827637
0.1,145,65,64,0.296987920999527,4226,12672,1966,0.4652153253555298,4,0.4990234375,0.4050099551677704,0.40886600782279675,-0.003856062889099121,0.6192905902862549
0.1,146,65,64,0.3403930962085724,4226,12672,1974,0.4671083688735962,4,0.507080078125,0.4110863208770752,0.40886600782279675,0.0022203028202056885,0.4909050762653351
0.1,147,65,64,0.32394808530807495,4226,12672,1920,0.45433032512664795,4,0.498291015625,0.4159226417541504,0.40886600782279675,0.007056623697280884,0.5014440417289734
0.1,148,65,64,0.29388993978500366,4226,12672,1948,0.46095597743988037,4,0.505859375,0.4086061716079712,0.40886600782279675,-0.00025984644889831543,0.6347689628601074
0.1,149,65,64,0.31727951765060425,4226,12672,1982,0.4690014123916626,4,0.50830078125,0.4042659103870392,0.40886600782279675,-0.004600107669830322,0.5126665830612183
0.1,150,65,64,0.2859867215156555,4226,12672,1932,0.45716989040374756,4,0.5029296875,0.400669664144516,0.40886600782279675,-0.008196353912353516,0.6643110513687134
0.1,151,65,64,0.30224770307540894,4226,12672,1948,0.46095597743988037,4,0.49462890625,0.4093502163887024,0.40886600782279675,0.00048419833183288574,0.6022198796272278
0.1,152,65,64,0.2738106846809387,4226,12672,1958,0.4633222818374634,4,0.50830078125,0.3980655074119568,0.40886600782279675,-0.01080051064491272,0.5761539936065674
0.1,153,65,64,0.2947693467140198,4226,12672,1982,0.4690014123916626,4,0.492919921875,0.41257444024086,0.40886600782279675,0.0037084221839904785,0.5235691070556641
0.1,154,65,64,0.3291756212711334,4226,12672,1994,0.4718409776687622,4,0.500732421875,0.4076141119003296,0.40886600782279675,-0.001251906156539917,0.5532651543617249
0.1,155,65,64,0.32633888721466064,4226,12672,2008,0.4751538038253784,4,0.503173828125,0.4071180820465088,0.40886600782279675,-0.0017479360103607178,0.5783627033233643
0.1,156,65,64,0.3327760696411133,4226,12672,1986,0.4699479341506958,4,0.49658203125,0.4112103283405304,0.40886600782279675,0.0023443102836608887,0.5400732159614563
0.1,157,65,64,0.3220411241054535,4226,12672,1970,0.466161847114563,4,0.509765625,0.4160466492176056,0.40886600782279675,0.007180631160736084,0.5706049799919128
0.1,158,65,64,0.2978261411190033,4226,12672,1974,0.4671083688735962,4,0.501708984375,0.4069940745830536,0.40886600782279675,-0.001871943473815918,0.5483335256576538
0.1,159,65,64,0.281205952167511,4226,12672,1962,0.4642688035964966,4,0.4912109375,0.4133184850215912,0.40886600782279675,0.00445246696472168,0.5760136246681213
0.1,160,65,64,0.29550617933273315,4226,12672,2006,0.4746805429458618,4,0.49609375,0.3979414999485016,0.40886600782279675,-0.01092451810836792,0.5530846118927002
0.1,161,65,64,0.28473982214927673,4226,12672,1882,0.4453383684158325,4,0.49755859375,0.3990575671195984,0.40886600782279675,-0.009808450937271118,0.5826408863067627
0.1,162,65,64,0.29416424036026,4226,12672,1936,0.45811641216278076,4,0.498779296875,0.40314981341362,0.40886600782279675,-0.005716204643249512,0.5769408941268921
0.1,163,65,64,0.3094603717327118,4226,12672,1934,0.45764315128326416,4,0.502197265625,0.4015377163887024,0.40886600782279675,-0.007328301668167114,0.5695443153381348
0.1,164,65,64,0.2989724278450012,4226,12672,1974,0.4671083688735962,4,0.49169921875,0.4062500298023224,0.40886600782279675,-0.002615988254547119,0.5984511375427246
0.1,165,65,64,0.31828707456588745,4226,12672,1980,0.468528151512146,4,0.500732421875,0.4126984477043152,0.40886600782279675,0.0038324296474456787,0.5419340133666992
0.1,166,65,64,0.28377124667167664,4226,12672,1942,0.45953619480133057,4,0.50341796875,0.405381977558136,0.40886600782279675,-0.0034840404987335205,0.5819556713104248
0.1,167,65,64,0.28715652227401733,4226,12672,1946,0.46048271656036377,4,0.49951171875,0.4166666865348816,0.40886600782279675,0.007800668478012085,0.681599497795105
0.1,168,65,64,0.31668636202812195,4226,12672,1984,0.4694746732711792,4,0.494140625,0.4165426790714264,0.40886600782279675,0.007676661014556885,0.5797588229179382
0.1,169,65,64,0.2902887463569641,4226,12672,2006,0.4746805429458618,4,0.50048828125,0.4159226417541504,0.40886600782279675,0.007056623697280884,0.5380702018737793
0.1,170,65,64,0.2863921821117401,4226,12672,1982,0.4690014123916626,4,0.496826171875,0.4118303954601288,0.40886600782279675,0.0029643774032592773,0.6397167444229126
0.1,171,65,64,0.30734843015670776,4226,12672,2010,0.475627064704895,4,0.50341796875,0.4118303954601288,0.40886600782279675,0.0029643774032592773,0.4756067097187042
0.1,172,65,64,0.30914610624313354,4226,12672,1936,0.45811641216278076,4,0.50634765625,0.409102201461792,0.40886600782279675,0.00023618340492248535,0.6033878326416016
0.1,173,65,64,0.3429398834705353,4226,12672,2016,0.4770468473434448,4,0.50048828125,0.4117063581943512,0.40886600782279675,0.0028403401374816895,0.52608323097229
0.1,174,65,64,0.28849369287490845,4226,12672,1946,0.46048271656036377,4,0.502685546875,0.4126984477043152,0.40886600782279675,0.0038324296474456787,0.5973650217056274
0.1,175,65,64,0.30293339490890503,4226,12672,1940,0.45906293392181396,4,0.49853515625,0.401909738779068,0.40886600782279675,-0.006956279277801514,0.6006696224212646
0.1,176,65,64,0.2982861399650574,4226,12672,1988,0.4704211950302124,4,0.502197265625,0.417534738779068,0.40886600782279675,0.008668720722198486,0.5685385465621948
0.1,177,65,64,0.3166774809360504,4226,12672,1912,0.45243728160858154,4,0.495361328125,0.4107142984867096,0.40886600782279675,0.0018482804298400879,0.534199059009552
0.1,178,65,64,0.2936179041862488,4226,12672,1932,0.45716989040374756,4,0.504638671875,0.4022817611694336,0.40886600782279675,-0.006584256887435913,0.5999465584754944
0.1,179,65,64,0.3081619441509247,4226,12672,1972,0.4666351079940796,4,0.50244140625,0.4055059850215912,0.40886600782279675,-0.0033600330352783203,0.6051057577133179
0.1,180,65,64,0.29119616746902466,4226,12672,2052,0.48556554317474365,4,0.5048828125,0.4068700671195984,0.40886600782279675,-0.001995950937271118,0.5858144760131836
0.1,181,65,64,0.26967549324035645,4226,12672,1932,0.45716989040374756,4,0.5029296875,0.41096231341362,0.40886600782279675,0.0020962953567504883,0.6390408277511597
0.1,182,65,64,0.2975733280181885,4226,12672,1952,0.4619024991989136,4,0.4970703125,0.4009176790714264,0.40886600782279675,-0.007948338985443115,0.6371532678604126
0.1,183,65,64,0.2898942530155182,4226,12672,1918,0.45385706424713135,4,0.493896484375,0.4030258059501648,0.40886600782279675,-0.005840212106704712,0.5874438285827637
0.1,184,65,64,0.30957216024398804,4226,12672,1932,0.45716989040374756,4,0.50244140625,0.3908730447292328,0.40886600782279675,-0.01799297332763672,0.5452781915664673
0.1,185,65,64,0.3253270387649536,4226,12672,1946,0.46048271656036377,4,0.492919921875,0.406622052192688,0.40886600782279675,-0.0022439658641815186,0.5163745880126953
0.1,186,65,64,0.34038814902305603,4226,12672,1970,0.466161847114563,4,0.50439453125,0.4076141119003296,0.40886600782279675,-0.001251906156539917,0.5277754068374634
0.1,187,65,64,0.31622937321662903,4226,12672,1966,0.4652153253555298,4,0.48583984375,0.4117063581943512,0.40886600782279675,0.0028403401374816895,0.5752926468849182
0.1,188,65,64,0.3296256363391876,4226,12672,1924,0.45527684688568115,4,0.4970703125,0.406622052192688,0.40886600782279675,-0.0022439658641815186,0.5125865340232849
0.1,189,65,64,0.3019202947616577,4226,12672,1960,0.46379554271698,4,0.500244140625,0.4073660969734192,0.40886600782279675,-0.0014999210834503174,0.6263481378555298
0.1,190,65,64,0.3025791347026825,4226,12672,1942,0.45953619480133057,4,0.49755859375,0.4083581566810608,0.40886600782279675,-0.0005078613758087158,0.5945067405700684
0.1,191,65,64,0.2691217064857483,4226,12672,2004,0.4742072820663452,4,0.505615234375,0.4206349551677704,0.40886600782279675,0.011768937110900879,0.6203511953353882
0.1,192,65,64,0.3102288246154785,4226,12672,1918,0.45385706424713135,4,0.5029296875,0.404141902923584,0.40886600782279675,-0.0047241151332855225,0.6140393018722534
0.1,193,65,64,0.2854083478450775,4226,12672,1972,0.4666351079940796,4,0.49609375,0.4082341492176056,0.40886600782279675,-0.000631868839263916,0.5867764949798584
0.1,194,65,64,0.2904478907585144,4226,12672,1888,0.4467581510543823,4,0.50537109375,0.4026537835597992,0.40886600782279675,-0.0062122344970703125,0.6423251628875732
0.1,195,65,64,0.2797395586967468,4226,12672,1968,0.4656885862350464,4,0.501708984375,0.4071180820465088,0.40886600782279675,-0.0017479360103607178,0.6355915069580078
0.1,196,65,64,0.34643152356147766,4226,12672,1934,0.45764315128326416,4,0.503173828125,0.4038938581943512,0.40886600782279675,-0.0049721598625183105,0.5003678798675537
0.1,197,65,64,0.3227695822715759,4226,12672,1932,0.45716989040374756,4,0.50244140625,0.4113343358039856,0.40886600782279675,0.002468317747116089,0.49210840463638306
0.1,198,65,64,0.3290492594242096,4226,12672,1958,0.4633222818374634,4,0.502197265625,0.4063740372657776,0.40886600782279675,-0.002491980791091919,0.5394648313522339
0.1,199,65,64,0.3441419303417206,4226,12672,1964,0.4647420644760132,4,0.49755859375,0.4108383059501648,0.40886600782279675,0.001972287893295288,0.4848634600639343
0.1,200,65,64,0.29099389910697937,4226,12672,1986,0.4699479341506958,4,0.500732421875,0.4161706566810608,0.40886600782279675,0.007304638624191284,0.6490815877914429
0.1,201,65,64,0.29042813181877136,4226,12672,1974,0.4671083688735962,4,0.496337890625,0.411582350730896,0.40886600782279675,0.0027163326740264893,0.5873576402664185
0.1,202,65,64,0.2954403758049011,4226,12672,1962,0.4642688035964966,4,0.498779296875,0.408482164144516,0.40886600782279675,-0.0003838539123535156,0.536002516746521
0.1,203,65,64,0.2776526212692261,4226,12672,1972,0.4666351079940796,4,0.50537109375,0.4153026044368744,0.40886600782279675,0.006436586380004883,0.5862507224082947
0.1,204,65,64,0.2983050048351288,4226,12672,1922,0.45480358600616455,4,0.50244140625,0.4077381193637848,0.40886600782279675,-0.0011278986930847168,0.5469646453857422
0.1,205,65,64,0.30273738503456116,4226,12672,2082,0.4926644563674927,4,0.499267578125,0.4140625298023224,0.40886600782279675,0.005196511745452881,0.5251739025115967
0.1,206,65,64,0.31342563033103943,4226,12672,1972,0.4666351079940796,4,0.49609375,0.4086061716079712,0.40886600782279675,-0.00025984644889831543,0.5982872247695923
0.1,207,65,64,0.3351403772830963,4226,12672,1950,0.461429238319397,4,0.502685546875,0.4117063581943512,0.40886600782279675,0.0028403401374816895,0.5352143049240112
0.1,208,65,64,0.2765418291091919,4226,12672,2008,0.4751538038253784,4,0.498046875,0.4200149178504944,0.40886600782279675,0.011148899793624878,0.6528385877609253
0.1,209,65,64,0.29797038435935974,4226,12672,1906,0.45101749897003174,4,0.50146484375,0.4089781939983368,0.40886600782279675,0.00011217594146728516,0.6153169870376587
0.1,210,65,64,0.28741756081581116,4226,12672,1890,0.4472314119338989,4,0.508056640625,0.4073660969734192,0.40886600782279675,-0.0014999210834503174,0.5701066255569458
0.1,211,65,64,0.3004050552845001,4226,12672,1970,0.466161847114563,4,0.50439453125,0.406002014875412,0.40886600782279675,-0.0028640031814575195,0.5951440334320068
0.1,212,65,64,0.3210177719593048,4226,12672,1996,0.4723142385482788,4,0.49853515625,0.4042659103870392,0.40886600782279675,-0.004600107669830322,0.5496993064880371
0.1,213,65,64,0.29887276887893677,4226,12672,1982,0.4690014123916626,4,0.5,0.4062500298023224,0.40886600782279675,-0.002615988254547119,0.5974830389022827
0.1,214,65,64,0.3205401301383972,4226,12672,1946,0.46048271656036377,4,0.49951171875,0.4042659103870392,0.40886600782279675,-0.004600107669830322,0.48180872201919556
0.1,215,65,64,0.30681127309799194,4226,12672,2004,0.4742072820663452,4,0.500732421875,0.4035218358039856,0.40886600782279675,-0.005344182252883911,0.5706071853637695
0.1,216,65,64,0.29893115162849426,4226,12672,2024,0.47893989086151123,4,0.5078125,0.4064980447292328,0.40886600782279675,-0.0023679733276367188,0.5963030457496643
0.1,217,65,64,0.3249320387840271,4226,12672,1960,0.46379554271698,4,0.5,0.4107142984867096,0.40886600782279675,0.0018482804298400879,0.4414469599723816
0.1,218,65,64,0.34223562479019165,4226,12672,1954,0.4623757600784302,4,0.49755859375,0.41096231341362,0.40886600782279675,0.0020962953567504883,0.44677257537841797
0.1,219,65,64,0.31613674759864807,4226,12672,1960,0.46379554271698,4,0.494384765625,0.4149305820465088,0.40886600782279675,0.006064563989639282,0.5329294204711914
0.1,220,65,64,0.3173030912876129,4226,12672,1940,0.45906293392181396,4,0.496337890625,0.4083581566810608,0.40886600782279675,-0.0005078613758087158,0.5847964882850647
0.1,221,65,64,0.3258255124092102,4226,12672,1982,0.4690014123916626,4,0.507568359375,0.4136905074119568,0.40886600782279675,0.00482448935508728,0.5349447131156921
0.1,222,65,64,0.30099841952323914,4226,12672,1984,0.4694746732711792,4,0.4990234375,0.409102201461792,0.40886600782279675,0.00023618340492248535,0.5569796562194824
0.1,223,65,64,0.3080117702484131,4226,12672,2042,0.48319923877716064,4,0.50048828125,0.4171627163887024,0.40886600782279675,0.008296698331832886,0.5092238187789917
0.1,224,65,64,0.32568180561065674,4226,12672,1990,0.470894455909729,4,0.499267578125,0.40786212682724,0.40886600782279675,-0.0010038912296295166,0.5275330543518066
0.1,225,65,64,0.3385116159915924,4226,12672,1946,0.46048271656036377,4,0.504638671875,0.40476194024086,0.40886600782279675,-0.0041040778160095215,0.5647937655448914
0.1,226,65,64,0.31104037165641785,4226,12672,1994,0.4718409776687622,4,0.5,0.4083581566810608,0.40886600782279675,-0.0005078613758087158,0.600208580493927
0.1,227,65,64,0.30001556873321533,4226,12672,1948,0.46095597743988037,4,0.50146484375,0.409102201461792,0.40886600782279675,0.00023618340492248535,0.59995436668396
0.1,228,65,64,0.317917138338089,4226,12672,1978,0.4680548906326294,4,0.49462890625,0.4030258059501648,0.40886600782279675,-0.005840212106704712,0.6058369278907776
0.1,229,65,64,0.2887036204338074,4226,12672,2012,0.4761003255844116,4,0.50390625,0.411582350730896,0.40886600782279675,0.0027163326740264893,0.6073936223983765
0.1,230,65,64,0.27972638607025146,4226,12672,1954,0.4623757600784302,4,0.50732421875,0.402529776096344,0.40886600782279675,-0.006336241960525513,0.6368940472602844
0.1,231,65,64,0.31808149814605713,4226,12672,2020,0.477993369102478,4,0.508544921875,0.4105902910232544,0.40886600782279675,0.0017242729663848877,0.4971606731414795
0.1,232,65,64,0.29691776633262634,4226,12672,1956,0.4628490209579468,4,0.506591796875,0.4062500298023224,0.40886600782279675,-0.002615988254547119,0.502769947052002
0.1,233,65,64,0.29991614818573,4226,12672,1988,0.4704211950302124,4,0.49658203125,0.4083581566810608,0.40886600782279675,-0.0005078613758087158,0.575006902217865
0.1,234,65,64,0.2871790826320648,4226,12672,1926,0.45575010776519775,4,0.503662109375,0.4089781939983368,0.40886600782279675,0.00011217594146728516,0.5781394839286804
0.1,235,65,64,0.31919917464256287,4226,12672,1928,0.45622336864471436,4,0.50634765625,0.4050099551677704,0.40886600782279675,-0.003856062889099121,0.5824344158172607
0.1,236,65,64,0.30734747648239136,4226,12672,1980,0.468528151512146,4,0.497314453125,0.411954402923584,0.40886600782279675,0.0030883848667144775,0.5936537981033325
0.1,237,65,64,0.3282308876514435,4226,12672,1940,0.45906293392181396,4,0.500244140625,0.4174107313156128,0.40886600782279675,0.008544713258743286,0.45942121744155884
0.1,238,65,64,0.3208194375038147,4226,12672,1980,0.468528151512146,4,0.493896484375,0.4081101417541504,0.40886600782279675,-0.0007558763027191162,0.5272624492645264
0.1,239,65,64,0.311125785112381,4226,12672,1946,0.46048271656036377,4,0.501220703125,0.4045139253139496,0.40886600782279675,-0.004352092742919922,0.5431538224220276
0.1,240,65,64,0.30378443002700806,4226,12672,1966,0.4652153253555298,4,0.498779296875,0.404141902923584,0.40886600782279675,-0.0047241151332855225,0.5986840724945068
0.1,241,65,64,0.2952896058559418,4226,12672,1970,0.466161847114563,4,0.504150390625,0.4141865372657776,0.40886600782279675,0.005320519208908081,0.5438486337661743
0.1,242,65,64,0.33106186985969543,4226,12672,1960,0.46379554271698,4,0.50390625,0.4268353283405304,0.40886600782279675,0.01796931028366089,0.5354322195053101
0.1,243,65,64,0.28755536675453186,4226,12672,1968,0.4656885862350464,4,0.5048828125,0.406622052192688,0.40886600782279675,-0.0022439658641815186,0.6170883178710938
0.1,244,65,64,0.26361963152885437,4226,12672,2006,0.4746805429458618,4,0.505615234375,0.4130704700946808,0.40886600782279675,0.004204452037811279,0.6876127123832703
0.1,245,65,64,0.3181787133216858,4226,12672,1952,0.4619024991989136,4,0.50341796875,0.4089781939983368,0.40886600782279675,0.00011217594146728516,0.6142000555992126
0.1,246,65,64,0.2889247238636017,4226,12672,1970,0.466161847114563,4,0.49560546875,0.4035218358039856,0.40886600782279675,-0.005344182252883911,0.5858913064002991
0.1,247,65,64,0.3474409580230713,4226,12672,1966,0.4652153253555298,4,0.497802734375,0.406622052192688,0.40886600782279675,-0.0022439658641815186,0.534546434879303
0.1,248,65,64,0.2810463309288025,4226,12672,2046,0.48414576053619385,4,0.494140625,0.4165426790714264,0.40886600782279675,0.007676661014556885,0.6294255256652832
0.1,249,65,64,0.2938847243785858,4226,12672,1932,0.45716989040374756,4,0.49658203125,0.3963293731212616,0.40886600782279675,-0.01253664493560791,0.5822427272796631
0.1,250,65,64,0.32491666078567505,4226,12672,1986,0.4699479341506958,4,0.501708984375,0.410342276096344,0.40886600782279675,0.0014762580394744873,0.47811880707740784
0.1,251,65,64,0.34145885705947876,4226,12672,1986,0.4699479341506958,4,0.49609375,0.4130704700946808,0.40886600782279675,0.004204452037811279,0.5510339736938477
0.1,252,65,64,0.2941892147064209,4226,12672,1952,0.4619024991989136,4,0.500244140625,0.421006977558136,0.40886600782279675,0.01214095950126648,0.5641425848007202
0.1,253,65,64,0.3152579963207245,4226,12672,1976,0.4675816297531128,4,0.494140625,0.4081101417541504,0.40886600782279675,-0.0007558763027191162,0.6093927621841431
0.1,254,65,64,0.2998273968696594,4226,12672,1978,0.4680548906326294,4,0.486328125,0.406002014875412,0.40886600782279675,-0.0028640031814575195,0.6195741891860962
0.1,255,65,64,0.3110400438308716,4226,12672,1916,0.45338380336761475,4,0.509765625,0.4022817611694336,0.40886600782279675,-0.006584256887435913,0.5571366548538208
0.25,0,17,64,0.3655489385128021,290,864,122,0.4206896424293518,4,0.515625,0.37291669845581055,0.36920711820072905,0.0037095844745635986,1.14231538772583
0.25,1,17,64,0.38759952783584595,290,864,134,0.46206897497177124,4,0.46484375,0.3854166865348816,0.36920711820072905,0.016209572553634644,0.884674072265625
0.25,2,17,64,0.3807017505168915,290,864,108,0.3724137842655182,4,0.50390625,0.32500001788139343,0.36920711820072905,-0.044207096099853516,0.9369267225265503
0.25,3,17,64,0.4059389531612396,290,864,130,0.4482758641242981,4,0.49609375,0.40833336114883423,0.36920711820072905,0.03912624716758728,0.9461854696273804
0.25,4,17,64,0.3800725042819977,290,864,106,0.3655172288417816,4,0.484375,0.3500000238418579,0.36920711820072905,-0.019207090139389038,0.9884836673736572
0.25,5,17,64,0.39327728748321533,290,864,134,0.46206897497177124,4,0.51953125,0.3895833492279053,0.36920711820072905,0.020376235246658325,0.8854261636734009
0.25,6,17,64,0.3936527669429779,290,864,136,0.4689655303955078,4,0.4765625,0.38333335518836975,0.36920711820072905,0.014126241207122803,1.0718722343444824
0.25,7,17,64,0.38878265023231506,290,864,114,0.3931034505367279,4,0.52734375,0.3583333492279053,0.36920711820072905,-0.010873764753341675,0.8706837892532349
0.25,8,17,64,0.3862205743789673,290,864,130,0.4482758641242981,4,0.515625,0.3854166865348816,0.36920711820072905,0.016209572553634644,0.8686529397964478
0.25,9,17,64,0.4046556055545807,290,864,122,0.4206896424293518,4,0.5078125,0.3604166805744171,0.36920711820072905,-0.008790433406829834,0.789788007736206
0.25,10,17,64,0.37263792753219604,290,864,130,0.4482758641242981,4,0.4921875,0.3750000298023224,0.36920711820072905,0.0057929158210754395,1.0218671560287476
0.25,11,17,64,0.39374005794525146,290,864,130,0.4482758641242981,4,0.51171875,0.37916669249534607,0.36920711820072905,0.009959578514099121,0.7886520624160767
0.25,12,17,64,0.39085853099823,290,864,126,0.43448275327682495,4,0.5234375,0.36250001192092896,0.36920711820072905,-0.006707102060317993,0.8687070608139038
0.25,13,17,64,0.3888036608695984,290,864,114,0.3931034505367279,4,0.48046875,0.33541667461395264,0.36920711820072905,-0.03379043936729431,0.7726947069168091
0.25,14,17,64,0.39279264211654663,290,864,110,0.37931033968925476,4,0.51953125,0.3541666865348816,0.36920711820072905,-0.015040427446365356,0.8101508617401123
0.25,15,17,64,0.4213724434375763,290,864,124,0.4275861978530884,4,0.4921875,0.3687500059604645,0.36920711820072905,-0.0004571080207824707,0.8608375787734985
0.25,16,17,64,0.39795511960983276,290,864,128,0.4413793087005615,4,0.4921875,0.37291669845581055,0.36920711820072905,0.0037095844745635986,0.9177259206771851
0.25,17,17,64,0.4179712235927582,290,864,120,0.41379308700561523,4,0.54296875,0.34166669845581055,0.36920711820072905,-0.0275404155254364,0.8767939209938049
0.25,18,17,64,0.36675652861595154,290,864,122,0.4206896424293518,4,0.50390625,0.37291669845581055,0.36920711820072905,0.0037095844745635986,0.9898347854614258
0.25,19,17,64,0.3664345145225525,290,864,122,0.4206896424293518,4,0.5234375,0.38333335518836975,0.36920711820072905,0.014126241207122803,0.9158081412315369
0.25,20,17,64,0.39767828583717346,290,864,116,0.4000000059604645,4,0.5234375,0.35625001788139343,0.36920711820072905,-0.012957096099853516,0.8344641923904419
0.25,21,17,64,0.37712958455085754,290,864,146,0.5034482479095459,4,0.52734375,0.4125000238418579,0.36920711820072905,0.04329290986061096,0.8677995800971985
0.25,22,17,64,0.3649701476097107,290,864,124,0.4275861978530884,4,0.484375,0.3645833432674408,0.36920711820072905,-0.004623770713806152,0.9468486309051514
0.25,23,17,64,0.4424256384372711,290,864,108,0.3724137842655182,4,0.48046875,0.3333333432674408,0.36920711820072905,-0.03587377071380615,0.7033292055130005
0.25,24,17,64,0.3867349922657013,290,864,112,0.38620689511299133,4,0.5078125,0.32500001788139343,0.36920711820072905,-0.044207096099853516,0.8261182308197021
0.25,25,17,64,0.36040157079696655,290,864,120,0.41379308700561523,4,0.53515625,0.3750000298023224,0.36920711820072905,0.0057929158210754395,0.8903714418411255
0.25,26,17,64,0.4019794762134552,290,864,108,0.3724137842655182,4,0.49609375,0.3375000059604645,0.36920711820072905,-0.03170710802078247,0.7895854711532593
0.25,27,17,64,0.4036257565021515,290,864,120,0.41379308700561523,4,0.484375,0.35208335518836975,0.36920711820072905,-0.017123758792877197,0.9370324611663818
0.25,28,17,64,0.37448281049728394,290,864,126,0.43448275327682495,4,0.484375,0.38333335518836975,0.36920711820072905,0.014126241207122803,0.8716367483139038
0.25,29,17,64,0.3783993124961853,290,864,122,0.4206896424293518,4,0.5234375,0.3583333492279053,0.36920711820072905,-0.010873764753341675,0.8895108103752136
0.25,30,17,64,0.3850195109844208,290,864,126,0.43448275327682495,4,0.48828125,0.3812500238418579,0.36920711820072905,0.012042909860610962,0.8554054498672485
0.25,31,17,64,0.36503762006759644,290,864,128,0.4413793087005615,4,0.51171875,0.38333335518836975,0.36920711820072905,0.014126241207122803,0.8195778727531433
0.25,32,17,64,0.328599750995636,290,864,108,0.3724137842655182,4,0.51953125,0.3541666865348816,0.36920711820072905,-0.015040427446365356,1.0084277391433716
0.25,33,17,64,0.4244906008243561,290,864,128,0.4413793087005615,4,0.51171875,0.39791667461395264,0.36920711820072905,0.02870956063270569,0.7183443307876587
0.25,34,17,64,0.394096702337265,290,864,138,0.475862056016922,4,0.515625,0.4020833671092987,0.36920711820072905,0.03287625312805176,0.8810642957687378
0.25,35,17,64,0.37049755454063416,290,864,128,0.4413793087005615,4,0.45703125,0.40416669845581055,0.36920711820072905,0.0349595844745636,0.8890345096588135
0.25,36,17,64,0.38079729676246643,290,864,128,0.4413793087005615,4,0.53125,0.35208335518836975,0.36920711820072905,-0.017123758792877197,0.9238154292106628
0.25,37,17,64,0.4411279261112213,290,864,118,0.40689656138420105,4,0.4921875,0.37291669845581055,0.36920711820072905,0.0037095844745635986,0.7506906390190125
0.25,38,17,64,0.360850065946579,290,864,122,0.4206896424293518,4,0.48828125,0.3812500238418579,0.36920711820072905,0.012042909860610962,0.9508452415466309
0.25,39,17,64,0.3633270263671875,290,864,124,0.4275861978530884,4,0.46875,0.4062500298023224,0.36920711820072905,0.03704291582107544,0.8860955834388733
0.25,40,17,64,0.3915051221847534,290,864,128,0.4413793087005615,4,0.5,0.37916669249534607,0.36920711820072905,0.009959578514099121,0.8850142359733582
0.25,41,17,64,0.3868161141872406,290,864,128,0.4413793087005615,4,0.52734375,0.36666667461395264,0.36920711820072905,-0.0025404393672943115,0.9230198860168457
0.25,42,17,64,0.4366123676300049,290,864,106,0.3655172288417816,4,0.49609375,0.37916669249534607,0.36920711820072905,0.009959578514099121,0.9519708156585693
0.25,43,17,64,0.3989824652671814,290,864,134,0.46206897497177124,4,0.515625,0.3604166805744171,0.36920711820072905,-0.008790433406829834,0.6477627754211426
0.25,44,17,64,0.3583175837993622,290,864,128,0.4413793087005615,4,0.4921875,0.39791667461395264,0.36920711820072905,0.02870956063270569,1.0671714544296265
0.25,45,17,64,0.4138611853122711,290,864,128,0.4413793087005615,4,0.5,0.3916666805744171,0.36920711820072905,0.022459566593170166,0.7792885303497314
0.25,46,17,64,0.39618706703186035,290,864,130,0.4482758641242981,4,0.50390625,0.36666667461395264,0.36920711820072905,-0.0025404393672943115,0.9613573551177979
0.25,47,17,64,0.3649049401283264,290,864,108,0.3724137842655182,4,0.53125,0.32083335518836975,0.36920711820072905,-0.0483737587928772,0.9441404342651367
0.25,48,17,64,0.38508084416389465,290,864,130,0.4482758641242981,4,0.46875,0.3812500238418579,0.36920711820072905,0.012042909860610962,0.9070428609848022
0.25,49,17,64,0.3996982276439667,290,864,116,0.4000000059604645,4,0.5078125,0.3708333671092987,0.36920711820072905,0.0016262531280517578,0.7158994078636169
0.25,50,17,64,0.3817378878593445,290,864,126,0.43448275327682495,4,0.50390625,0.34791669249534607,0.36920711820072905,-0.02129042148590088,0.8880088329315186
0.25,51,17,64,0.3929980993270874,290,864,114,0.3931034505367279,4,0.48046875,0.35208335518836975,0.36920711820072905,-0.017123758792877197,0.7959493398666382
0.25,52,17,64,0.3495108187198639,290,864,106,0.3655172288417816,4,0.484375,0.3583333492279053,0.36920711820072905,-0.010873764753341675,1.0480682849884033
0.25,53,17,64,0.425251305103302,290,864,104,0.35862070322036743,4,0.47265625,0.3270833492279053,0.36920711820072905,-0.042123764753341675,0.8516058921813965
0.25,54,17,64,0.35769256949424744,290,864,130,0.4482758641242981,4,0.515625,0.35625001788139343,0.36920711820072905,-0.012957096099853516,0.8525807857513428
0.25,55,17,64,0.4158563017845154,290,864,134,0.46206897497177124,4,0.4921875,0.38333335518836975,0.36920711820072905,0.014126241207122803,0.8676691055297852
0.25,56,17,64,0.4101630449295044,290,864,112,0.38620689511299133,4,0.484375,0.3583333492279053,0.36920711820072905,-0.010873764753341675,0.8786704540252686
0.25,57,17,64,0.39402157068252563,290,864,112,0.38620689511299133,4,0.4765625,0.34791669249534607,0.36920711820072905,-0.02129042148590088,0.7697369456291199
0.25,58,17,64,0.38700345158576965,290,864,118,0.40689656138420105,4,0.49609375,0.3583333492279053,0.36920711820072905,-0.010873764753341675,1.0365769863128662
0.25,59,17,64,0.38379931449890137,290,864,124,0.4275861978530884,4,0.5,0.3708333671092987,0.36920711820072905,0.0016262531280517578,0.9676895141601562
0.25,60,17,64,0.4070795774459839,290,864,108,0.3724137842655182,4,0.5,0.36250001192092896,0.36920711820072905,-0.006707102060317993,0.8342312574386597
0.25,61,17,64,0.386160284280777,290,864,118,0.40689656138420105,4,0.49609375,0.34583336114883423,0.36920711820072905,-0.02337375283241272,0.8850572109222412
0.25,62,17,64,0.3736749589443207,290,864,140,0.48275861144065857,4,0.51171875,0.37916669249534607,0.36920711820072905,0.009959578514099121,1.0084691047668457
0.25,63,17,64,0.3847118616104126,290,864,120,0.41379308700561523,4,0.51171875,0.37291669845581055,0.36920711820072905,0.0037095844745635986,0.9075789451599121
0.25,64,17,64,0.35620272159576416,290,864,116,0.4000000059604645,4,0.5,0.3291666805744171,0.36920711820072905,-0.040040433406829834,1.1573798656463623
0.25,65,17,64,0.3999272286891937,290,864,114,0.3931034505367279,4,0.52734375,0.3583333492279053,0.36920711820072905,-0.010873764753341675,0.8747050762176514
0.25,66,17,64,0.4200102686882019,290,864,130,0.4482758641242981,4,0.51171875,0.3895833492279053,0.36920711820072905,0.020376235246658325,0.8181066513061523
0.25,67,17,64,0.3580363690853119,290,864,102,0.35172414779663086,4,0.5078125,0.3187500238418579,0.36920711820072905,-0.05045709013938904,1.2182594537734985
0.25,68,17,64,0.3233315050601959,290,864,124,0.4275861978530884,4,0.484375,0.3687500059604645,0.36920711820072905,-0.0004571080207824707,1.1751039028167725
0.25,69,17,64,0.42913755774497986,290,864,110,0.37931033968925476,4,0.4921875,0.3708333671092987,0.36920711820072905,0.0016262531280517578,0.8060227036476135
0.25,70,17,64,0.3541579842567444,290,864,132,0.45517241954803467,4,0.5625,0.3916666805744171,0.36920711820072905,0.022459566593170166,0.8745681643486023
0.25,71,17,64,0.442121297121048,290,864,130,0.4482758641242981,4,0.48828125,0.36250001192092896,0.36920711820072905,-0.006707102060317993,0.6976863145828247
0.25,72,17,64,0.3603878319263458,290,864,122,0.4206896424293518,4,0.47265625,0.3750000298023224,0.36920711820072905,0.0057929158210754395,0.8872126340866089
0.25,73,17,64,0.38861092925071716,290,864,106,0.3655172288417816,4,0.5,0.37708336114883423,0.36920711820072905,0.00787624716758728,0.907354474067688
0.25,74,17,64,0.358854204416275,290,864,124,0.4275861978530884,4,0.4921875,0.3541666865348816,0.36920711820072905,-0.015040427446365356,0.891034722328186
0.25,75,17,64,0.39363545179367065,290,864,116,0.4000000059604645,4,0.51171875,0.39375001192092896,0.36920711820072905,0.024542897939682007,0.9280763864517212
0.25,76,17,64,0.42020943760871887,290,864,120,0.41379308700561523,4,0.49609375,0.3812500238418579,0.36920711820072905,0.012042909860610962,0.7801844477653503
0.25,77,17,64,0.4097346365451813,290,864,120,0.41379308700561523,4,0.49609375,0.36666667461395264,0.36920711820072905,-0.0025404393672943115,0.9202847480773926
0.25,78,17,64,0.38754191994667053,290,864,134,0.46206897497177124,4,0.48828125,0.3854166865348816,0.36920711820072905,0.016209572553634644,0.7675577402114868
0.25,79,17,64,0.3960403800010681,290,864,102,0.35172414779663086,4,0.4765625,0.3062500059604645,0.36920711820072905,-0.06295710802078247,0.7282595634460449
0.25,80,17,64,0.4154689908027649,290,864,128,0.4413793087005615,4,0.53125,0.38750001788139343,0.36920711820072905,0.018292903900146484,0.8769550323486328
0.25,81,17,64,0.39805281162261963,290,864,130,0.4482758641242981,4,0.47265625,0.3500000238418579,0.36920711820072905,-0.019207090139389038,0.8597612977027893
0.25,82,17,64,0.45193904638290405,290,864,114,0.3931034505367279,4,0.53515625,0.3500000238418579,0.36920711820072905,-0.019207090139389038,0.6117125749588013
0.25,83,17,64,0.35957419872283936,290,864,126,0.43448275327682495,4,0.5234375,0.38333335518836975,0.36920711820072905,0.014126241207122803,0.9286140203475952
0.25,84,17,64,0.3882417380809784,290,864,110,0.37931033968925476,4,0.48828125,0.3645833432674408,0.36920711820072905,-0.004623770713806152,0.9658788442611694
0.25,85,17,64,0.40185806155204773,290,864,118,0.40689656138420105,4,0.4765625,0.3687500059604645,0.36920711820072905,-0.0004571080207824707,1.0154833793640137
0.25,86,17,64,0.3877423107624054,290,864,126,0.43448275327682495,4,0.51171875,0.3541666865348816,0.36920711820072905,-0.015040427446365356,0.8446372747421265
0.25,87,17,64,0.38593941926956177,290,864,128,0.4413793087005615,4,0.48046875,0.37291669845581055,0.36920711820072905,0.0037095844745635986,0.9056481122970581
0.25,88,17,64,0.3908825218677521,290,864,122,0.4206896424293518,4,0.53125,0.3500000238418579,0.36920711820072905,-0.019207090139389038,0.9037922620773315
0.25,89,17,64,0.4033872187137604,290,864,156,0.5379310250282288,4,0.47265625,0.41041669249534607,0.36920711820072905,0.04120957851409912,0.8642889261245728
0.25,90,17,64,0.3869059979915619,290,864,114,0.3931034505367279,4,0.48828125,0.40000003576278687,0.36920711820072905,0.030792921781539917,0.8744853138923645
0.25,91,17,64,0.3965863883495331,290,864,122,0.4206896424293518,4,0.53125,0.37291669845581055,0.36920711820072905,0.0037095844745635986,0.7832061648368835
0.25,92,17,64,0.38925600051879883,290,864,128,0.4413793087005615,4,0.5546875,0.3895833492279053,0.36920711820072905,0.020376235246658325,0.8574323654174805
0.25,93,17,64,0.3842599391937256,290,864,112,0.38620689511299133,4,0.484375,0.37916669249534607,0.36920711820072905,0.009959578514099121,0.9189953804016113
0.25,94,17,64,0.33570581674575806,290,864,124,0.4275861978530884,4,0.5,0.3687500059604645,0.36920711820072905,-0.0004571080207824707,1.1923211812973022
0.25,95,17,64,0.3811403810977936,290,864,122,0.4206896424293518,4,0.5390625,0.3604166805744171,0.36920711820072905,-0.008790433406829834,0.9052374362945557
0.25,96,17,64,0.35284000635147095,290,864,132,0.45517241954803467,4,0.4921875,0.3687500059604645,0.36920711820072905,-0.0004571080207824707,1.0813913345336914
0.25,97,17,64,0.4053555130958557,290,864,128,0.4413793087005615,4,0.45703125,0.3854166865348816,0.36920711820072905,0.016209572553634644,0.8804695010185242
0.25,98,17,64,0.400675892829895,290,864,130,0.4482758641242981,4,0.49609375,0.3604166805744171,0.36920711820072905,-0.008790433406829834,0.9344359636306763
0.25,99,17,64,0.35897788405418396,290,864,120,0.41379308700561523,4,0.47265625,0.35208335518836975,0.36920711820072905,-0.017123758792877197,1.1371980905532837
0.25,100,17,64,0.40019431710243225,290,864,116,0.4000000059604645,4,0.5,0.37916669249534607,0.36920711820072905,0.009959578514099121,0.8801933526992798
0.25,101,17,64,0.36273300647735596,290,864,120,0.41379308700561523,4,0.51171875,0.3958333432674408,0.36920711820072905,0.026626229286193848,1.0360279083251953
0.25,102,17,64,0.3869919180870056,290,864,130,0.4482758641242981,4,0.51171875,0.3916666805744171,0.36920711820072905,0.022459566593170166,0.8842772245407104
0.25,103,17,64,0.3862994313240051,290,864,132,0.45517241954803467,4,0.51953125,0.4208333492279053,0.36920711820072905,0.051626235246658325,1.015208125114441
0.25,104,17,64,0.38912421464920044,290,864,130,0.4482758641242981,4,0.51953125,0.3750000298023224,0.36920711820072905,0.0057929158210754395,0.9708501100540161
0.25,105,17,64,0.3908662497997284,290,864,124,0.4275861978530884,4,0.48828125,0.40833336114883423,0.36920711820072905,0.03912624716758728,0.8391402959823608
0.25,106,17,64,0.3529558777809143,290,864,122,0.4206896424293518,4,0.49609375,0.34166669845581055,0.36920711820072905,-0.0275404155254364,1.159925103187561
0.25,107,17,64,0.3617812991142273,290,864,118,0.40689656138420105,4,0.515625,0.36250001192092896,0.36920711820072905,-0.006707102060317993,0.9026806950569153
0.25,108,17,64,0.35975533723831177,290,864,124,0.4275861978530884,4,0.49609375,0.36250001192092896,0.36920711820072905,-0.006707102060317993,1.073886513710022
0.25,109,17,64,0.39781641960144043,290,864,136,0.4689655303955078,4,0.4921875,0.40416669845581055,0.36920711820072905,0.0349595844745636,0.8234821557998657
0.25,110,17,64,0.3632030785083771,290,864,114,0.3931034505367279,4,0.50390625,0.3291666805744171,0.36920711820072905,-0.040040433406829834,0.8760020732879639
0.25,111,17,64,0.4156017601490021,290,864,110,0.37931033968925476,4,0.5234375,0.3604166805744171,0.36920711820072905,-0.008790433406829834,0.6955201625823975
0.25,112,17,64,0.40289896726608276,290,864,120,0.41379308700561523,4,0.5,0.3750000298023224,0.36920711820072905,0.0057929158210754395,0.9046989679336548
0.25,113,17,64,0.41168761253356934,290,864,108,0.3724137842655182,4,0.52734375,0.38750001788139343,0.36920711820072905,0.018292903900146484,0.7526419162750244
0.25,114,17,64,0.3693370223045349,290,864,126,0.43448275327682495,4,0.5390625,0.37708336114883423,0.36920711820072905,0.00787624716758728,1.0122528076171875
0.25,115,17,64,0.3501738905906677,290,864,124,0.4275861978530884,4,0.47265625,0.35625001788139343,0.36920711820072905,-0.012957096099853516,1.0375940799713135
0.25,116,17,64,0.3962731659412384,290,864,118,0.40689656138420105,4,0.46875,0.3645833432674408,0.36920711820072905,-0.004623770713806152,0.9396728873252869
0.25,117,17,64,0.39522629976272583,290,864,118,0.40689656138420105,4,0.5,0.3500000238418579,0.36920711820072905,-0.019207090139389038,0.829200029373169
0.25,118,17,64,0.36128726601600647,290,864,114,0.3931034505367279,4,0.484375,0.34583336114883423,0.36920711820072905,-0.02337375283241272,1.0618135929107666
0.25,119,17,64,0.4214571416378021,290,864,128,0.4413793087005615,4,0.484375,0.3645833432674408,0.36920711820072905,-0.004623770713806152,0.7440847158432007
0.25,120,17,64,0.37592214345932007,290,864,120,0.41379308700561523,4,0.48828125,0.3583333492279053,0.36920711820072905,-0.010873764753341675,0.9606084823608398
0.25,121,17,64,0.3807297945022583,290,864,130,0.4482758641242981,4,0.5078125,0.40000003576278687,0.36920711820072905,0.030792921781539917,0.9001895189285278
0.25,122,17,64,0.4010879695415497,290,864,126,0.43448275327682495,4,0.484375,0.3583333492279053,0.36920711820072905,-0.010873764753341675,0.7969683408737183
0.25,123,17,64,0.4061153829097748,290,864,120,0.41379308700561523,4,0.5078125,0.41458335518836975,0.36920711820072905,0.0453762412071228,0.9506586194038391
0.25,124,17,64,0.3975115418434143,290,864,120,0.41379308700561523,4,0.53125,0.3604166805744171,0.36920711820072905,-0.008790433406829834,0.9133588075637817
0.25,125,17,64,0.3917102515697479,290,864,130,0.4482758641242981,4,0.50390625,0.3958333432674408,0.36920711820072905,0.026626229286193848,0.8076945543289185
0.25,126,17,64,0.364175021648407,290,864,120,0.41379308700561523,4,0.51953125,0.3645833432674408,0.36920711820072905,-0.004623770713806152,1.0018693208694458
0.25,127,17,64,0.4045167565345764,290,864,126,0.43448275327682495,4,0.47265625,0.35208335518836975,0.36920711820072905,-0.017123758792877197,0.6708588600158691
0.25,128,17,64,0.4045400321483612,290,864,114,0.3931034505367279,4,0.484375,0.3750000298023224,0.36920711820072905,0.0057929158210754395,0.7749199867248535
0.25,129,17,64,0.4216007888317108,290,864,118,0.40689656138420105,4,0.51953125,0.3645833432674408,0.36920711820072905,-0.004623770713806152,0.8170738220214844
0.25,130,17,64,0.45444455742836,290,864,128,0.4413793087005615,4,0.5,0.41041669249534607,0.36920711820072905,0.04120957851409912,0.49811017513275146
0.25,131,17,64,0.3545743525028229,290,864,114,0.3931034505367279,4,0.52734375,0.3270833492279053,0.36920711820072905,-0.042123764753341675,0.9079640507698059
0.25,132,17,64,0.39632803201675415,290,864,124,0.4275861978530884,4,0.5078125,0.38750001788139343,0.36920711820072905,0.018292903900146484,0.8224830627441406
0.25,133,17,64,0.3919302821159363,290,864,122,0.4206896424293518,4,0.49609375,0.3687500059604645,0.36920711820072905,-0.0004571080207824707,0.9833194017410278
0.25,134,17,64,0.37160903215408325,290,864,120,0.41379308700561523,4,0.51953125,0.36666667461395264,0.36920711820072905,-0.0025404393672943115,0.9352447390556335
0.25,135,17,64,0.34729182720184326,290,864,116,0.4000000059604645,4,0.5234375,0.33541667461395264,0.36920711820072905,-0.03379043936729431,0.9353784322738647
0.25,136,17,64,0.3769993185997009,290,864,132,0.45517241954803467,4,0.51171875,0.3895833492279053,0.36920711820072905,0.020376235246658325,0.8650693893432617
0.25,137,17,64,0.3905695676803589,290,864,122,0.4206896424293518,4,0.49609375,0.37708336114883423,0.36920711820072905,0.00787624716758728,0.7665808200836182
0.25,138,17,64,0.3793453574180603,290,864,116,0.4000000059604645,4,0.53125,0.36666667461395264,0.36920711820072905,-0.0025404393672943115,0.8290157318115234
0.25,139,17,64,0.40395718812942505,290,864,130,0.4482758641242981,4,0.53515625,0.4020833671092987,0.36920711820072905,0.03287625312805176,0.8686462640762329
0.25,140,17,64,0.4050529897212982,290,864,114,0.3931034505367279,4,0.51953125,0.35208335518836975,0.36920711820072905,-0.017123758792877197,0.8049095869064331
0.25,141,17,64,0.3995441198348999,290,864,128,0.4413793087005615,4,0.515625,0.3750000298023224,0.36920711820072905,0.0057929158210754395,0.9596580862998962
0.25,142,17,64,0.413481742143631,290,864,110,0.37931033968925476,4,0.515625,0.3895833492279053,0.36920711820072905,0.020376235246658325,0.9957067966461182
0.25,143,17,64,0.39907822012901306,290,864,120,0.41379308700561523,4,0.484375,0.37291669845581055,0.36920711820072905,0.0037095844745635986,0.9164361953735352
0.25,144,17,64,0.40891385078430176,290,864,122,0.4206896424293518,4,0.51953125,0.3895833492279053,0.36920711820072905,0.020376235246658325,0.8644007444381714
0.25,145,17,64,0.3759469985961914,290,864,130,0.4482758641242981,4,0.515625,0.3854166865348816,0.36920711820072905,0.016209572553634644,0.9902788400650024
0.25,146,17,64,0.3841104805469513,290,864,132,0.45517241954803467,4,0.4765625,0.3645833432674408,0.36920711820072905,-0.004623770713806152,0.8403461575508118
0.25,147,17,64,0.3864784240722656,290,864,108,0.3724137842655182,4,0.47265625,0.3333333432674408,0.36920711820072905,-0.03587377071380615,0.9401097297668457
0.25,148,17,64,0.3851546347141266,290,864,114,0.3931034505367279,4,0.5078125,0.3020833432674408,0.36920711820072905,-0.06712377071380615,0.8683058023452759
0.25,149,17,64,0.4016958177089691,290,864,122,0.4206896424293518,4,0.49609375,0.3916666805744171,0.36920711820072905,0.022459566593170166,0.8212612867355347
0.25,150,17,64,0.4080604910850525,290,864,120,0.41379308700561523,4,0.5078125,0.3500000238418579,0.36920711820072905,-0.019207090139389038,0.6721415519714355
0.25,151,17,64,0.35648155212402344,290,864,112,0.38620689511299133,4,0.48828125,0.32500001788139343,0.36920711820072905,-0.044207096099853516,0.9115289449691772
0.25,152,17,64,0.4197201728820801,290,864,116,0.4000000059604645,4,0.4921875,0.34166669845581055,0.36920711820072905,-0.0275404155254364,0.8488121032714844
0.25,153,17,64,0.34731540083885193,290,864,116,0.4000000059604645,4,0.5078125,0.37291669845581055,0.36920711820072905,0.0037095844745635986,0.937599778175354
0.25,154,17,64,0.3912067413330078,290,864,124,0.4275861978530884,4,0.5,0.39375001192092896,0.36920711820072905,0.024542897939682007,0.8159515857696533
0.25,155,17,64,0.39836445450782776,290,864,108,0.3724137842655182,4,0.51953125,0.35625001788139343,0.36920711820072905,-0.012957096099853516,0.9039919972419739
0.25,156,17,64,0.3769996166229248,290,864,118,0.40689656138420105,4,0.51953125,0.3500000238418579,0.36920711820072905,-0.019207090139389038,0.9362311363220215
0.25,157,17,64,0.372063547372818,290,864,108,0.3724137842655182,4,0.5078125,0.3500000238418579,0.36920711820072905,-0.019207090139389038,0.9546080827713013
0.25,158,17,64,0.4052692949771881,290,864,116,0.4000000059604645,4,0.515625,0.3583333492279053,0.36920711820072905,-0.010873764753341675,0.8317058086395264
0.25,159,17,64,0.3832157254219055,290,864,134,0.46206897497177124,4,0.515625,0.3541666865348816,0.36920711820072905,-0.015040427446365356,0.9452124834060669
0.25,160,17,64,0.377495139837265,290,864,130,0.4482758641242981,4,0.51171875,0.37291669845581055,0.36920711820072905,0.0037095844745635986,0.8853887915611267
0.25,161,17,64,0.3934022784233093,290,864,108,0.3724137842655182,4,0.51171875,0.31666669249534607,0.36920711820072905,-0.05254042148590088,0.9978601932525635
0.25,162,17,64,0.4016544222831726,290,864,112,0.38620689511299133,4,0.5078125,0.34166669845581055,0.36920711820072905,-0.0275404155254364,0.8863257169723511
0.25,163,17,64,0.3692958354949951,290,864,130,0.4482758641242981,4,0.5390625,0.3854166865348816,0.36920711820072905,0.016209572553634644,0.9101219773292542
0.25,164,17,64,0.3959534764289856,290,864,120,0.41379308700561523,4,0.47265625,0.38333335518836975,0.36920711820072905,0.014126241207122803,1.0817252397537231
0.25,165,17,64,0.3709200620651245,290,864,112,0.38620689511299133,4,0.51953125,0.35625001788139343,0.36920711820072905,-0.012957096099853516,0.9446567296981812
0.25,166,17,64,0.4204903244972229,290,864,114,0.3931034505367279,4,0.4921875,0.34166669845581055,0.36920711820072905,-0.0275404155254364,0.7583720088005066
0.25,167,17,64,0.3802773952484131,290,864,114,0.3931034505367279,4,0.51953125,0.33541667461395264,0.36920711820072905,-0.03379043936729431,0.9713236093521118
0.25,168,17,64,0.3913992941379547,290,864,120,0.41379308700561523,4,0.48046875,0.3604166805744171,0.36920711820072905,-0.008790433406829834,0.757423996925354
0.25,169,17,64,0.40354520082473755,290,864,130,0.4482758641242981,4,0.5234375,0.3916666805744171,0.36920711820072905,0.022459566593170166,0.8222113847732544
0.25,170,17,64,0.3980881869792938,290,864,132,0.45517241954803467,4,0.5234375,0.37916669249534607,0.36920711820072905,0.009959578514099121,0.9061601758003235
0.25,171,17,64,0.39137551188468933,290,864,112,0.38620689511299133,4,0.51171875,0.3187500238418579,0.36920711820072905,-0.05045709013938904,0.9647354483604431
0.25,172,17,64,0.4030382037162781,290,864,134,0.46206897497177124,4,0.5,0.35625001788139343,0.36920711820072905,-0.012957096099853516,0.8694729208946228
0.25,173,17,64,0.3784915804862976,290,864,128,0.4413793087005615,4,0.48828125,0.37708336114883423,0.36920711820072905,0.00787624716758728,0.8953969478607178
0.25,174,17,64,0.3737846314907074,290,864,126,0.43448275327682495,4,0.51953125,0.3750000298023224,0.36920711820072905,0.0057929158210754395,1.0933732986450195
0.25,175,17,64,0.3989434242248535,290,864,124,0.4275861978530884,4,0.5,0.39375001192092896,0.36920711820072905,0.024542897939682007,0.937870979309082
0.25,176,17,64,0.3760315477848053,290,864,132,0.45517241954803467,4,0.515625,0.36250001192092896,0.36920711820072905,-0.006707102060317993,0.877144455909729
0.25,177,17,64,0.4142592251300812,290,864,120,0.41379308700561523,4,0.4921875,0.3812500238418579,0.36920711820072905,0.012042909860610962,0.8061443567276001
0.25,178,17,64,0.3948853015899658,290,864,122,0.4206896424293518,4,0.51953125,0.35208335518836975,0.36920711820072905,-0.017123758792877197,0.9210417866706848
0.25,179,17,64,0.3728683292865753,290,864,124,0.4275861978530884,4,0.48828125,0.3645833432674408,0.36920711820072905,-0.004623770713806152,1.0702823400497437
0.25,180,17,64,0.41012367606163025,290,864,124,0.4275861978530884,4,0.51953125,0.37708336114883423,0.36920711820072905,0.00787624716758728,0.7945446968078613
0.25,181,17,64,0.3810060918331146,290,864,116,0.4000000059604645,4,0.52734375,0.37916669249534607,0.36920711820072905,0.009959578514099121,1.0092089176177979
0.25,182,17,64,0.43602636456489563,290,864,120,0.41379308700561523,4,0.5078125,0.3541666865348816,0.36920711820072905,-0.015040427446365356,0.8777360916137695
0.25,183,17,64,0.42077183723449707,290,864,134,0.46206897497177124,4,0.515625,0.37291669845581055,0.36920711820072905,0.0037095844745635986,0.8143026232719421
0.25,184,17,64,0.4289262592792511,290,864,124,0.4275861978530884,4,0.5078125,0.35208335518836975,0.36920711820072905,-0.017123758792877197,0.7103511095046997
0.25,185,17,64,0.38268905878067017,290,864,128,0.4413793087005615,4,0.5,0.34166669845581055,0.36920711820072905,-0.0275404155254364,0.8355506658554077
0.25,186,17,64,0.3706603944301605,290,864,116,0.4000000059604645,4,0.5078125,0.3604166805744171,0.36920711820072905,-0.008790433406829834,0.9081820249557495
0.25,187,17,64,0.36944878101348877,290,864,124,0.4275861978530884,4,0.51171875,0.3687500059604645,0.36920711820072905,-0.0004571080207824707,1.0009207725524902
0.25,188,17,64,0.38940876722335815,290,864,108,0.3724137842655182,4,0.5,0.3583333492279053,0.36920711820072905,-0.010873764753341675,0.8809200525283813
0.25,189,17,64,0.373291939496994,290,864,120,0.41379308700561523,4,0.5078125,0.3958333432674408,0.36920711820072905,0.026626229286193848,0.9771943092346191
0.25,190,17,64,0.3801667392253876,290,864,122,0.4206896424293518,4,0.46875,0.3708333671092987,0.36920711820072905,0.0016262531280517578,0.7313416004180908
0.25,191,17,64,0.3867332637310028,290,864,122,0.4206896424293518,4,0.52734375,0.38750001788139343,0.36920711820072905,0.018292903900146484,0.893157422542572
0.25,192,17,64,0.41652727127075195,290,864,126,0.43448275327682495,4,0.46484375,0.3687500059604645,0.36920711820072905,-0.0004571080207824707,0.9546777606010437
0.25,193,17,64,0.41426751017570496,290,864,114,0.3931034505367279,4,0.4765625,0.34791669249534607,0.36920711820072905,-0.02129042148590088,0.853737473487854
0.25,194,17,64,0.4218023121356964,290,864,128,0.4413793087005615,4,0.4921875,0.36666667461395264,0.36920711820072905,-0.0025404393672943115,0.6468105912208557
0.25,195,17,64,0.3780316412448883,290,864,130,0.4482758641242981,4,0.51171875,0.40833336114883423,0.36920711820072905,0.03912624716758728,1.0004093647003174
0.25,196,17,64,0.4101324677467346,290,864,144,0.4965517222881317,4,0.5,0.37708336114883423,0.36920711820072905,0.00787624716758728,0.802071213722229
0.25,197,17,64,0.4267178475856781,290,864,140,0.48275861144065857,4,0.4921875,0.3895833492279053,0.36920711820072905,0.020376235246658325,0.9613956809043884
0.25,198,17,64,0.3910693824291229,290,864,134,0.46206897497177124,4,0.4765625,0.36250001192092896,0.36920711820072905,-0.006707102060317993,0.8929554224014282
0.25,199,17,64,0.4239265024662018,290,864,112,0.38620689511299133,4,0.54296875,0.3500000238418579,0.36920711820072905,-0.019207090139389038,0.8885740041732788
0.25,200,17,64,0.37955376505851746,290,864,128,0.4413793087005615,4,0.48828125,0.3854166865348816,0.36920711820072905,0.016209572553634644,0.8059134483337402
0.25,201,17,64,0.3852097690105438,290,864,134,0.46206897497177124,4,0.49609375,0.3958333432674408,0.36920711820072905,0.026626229286193848,0.7352362871170044
0.25,202,17,64,0.4201391339302063,290,864,128,0.4413793087005615,4,0.50390625,0.3604166805744171,0.36920711820072905,-0.008790433406829834,0.8465409874916077
0.25,203,17,64,0.3950367867946625,290,864,116,0.4000000059604645,4,0.54296875,0.3750000298023224,0.36920711820072905,0.0057929158210754395,1.0166066884994507
0.25,204,17,64,0.38970738649368286,290,864,148,0.5103448033332825,4,0.47265625,0.39375001192092896,0.36920711820072905,0.024542897939682007,1.0671794414520264
0.25,205,17,64,0.3584604263305664,290,864,118,0.40689656138420105,4,0.5,0.3916666805744171,0.36920711820072905,0.022459566593170166,0.9497406482696533
0.25,206,17,64,0.3988766670227051,290,864,132,0.45517241954803467,4,0.50390625,0.3854166865348816,0.36920711820072905,0.016209572553634644,0.8163696527481079
0.25,207,17,64,0.3553399443626404,290,864,104,0.35862070322036743,4,0.52734375,0.34791669249534607,0.36920711820072905,-0.02129042148590088,1.0978530645370483
0.25,208,17,64,0.4055582880973816,290,864,124,0.4275861978530884,4,0.48828125,0.36250001192092896,0.36920711820072905,-0.006707102060317993,0.90424644947052
0.25,209,17,64,0.393573135137558,290,864,130,0.4482758641242981,4,0.5,0.37708336114883423,0.36920711820072905,0.00787624716758728,0.8900388479232788
0.25,210,17,64,0.43897801637649536,290,864,128,0.4413793087005615,4,0.5,0.38333335518836975,0.36920711820072905,0.014126241207122803,0.7789759635925293
0.25,211,17,64,0.36816272139549255,290,864,124,0.4275861978530884,4,0.50390625,0.36250001192092896,0.36920711820072905,-0.006707102060317993,1.0810272693634033
0.25,212,17,64,0.3915705978870392,290,864,130,0.4482758641242981,4,0.4921875,0.41458335518836975,0.36920711820072905,0.0453762412071228,0.8716548681259155
0.25,213,17,64,0.4429951608181,290,864,134,0.46206897497177124,4,0.4921875,0.43541669845581055,0.36920711820072905,0.0662095844745636,0.7455861568450928
0.25,214,17,64,0.3641223609447479,290,864,134,0.46206897497177124,4,0.5,0.3750000298023224,0.36920711820072905,0.0057929158210754395,1.0352989435195923
0.25,215,17,64,0.4161454737186432,290,864,130,0.4482758641242981,4,0.51171875,0.37916669249534607,0.36920711820072905,0.009959578514099121,0.9575645923614502
0.25,216,17,64,0.39742591977119446,290,864,132,0.45517241954803467,4,0.49609375,0.3645833432674408,0.36920711820072905,-0.004623770713806152,0.7048349380493164
0.25,217,17,64,0.39990952610969543,290,864,118,0.40689656138420105,4,0.51953125,0.35625001788139343,0.36920711820072905,-0.012957096099853516,0.7943192720413208
0.25,218,17,64,0.4068118929862976,290,864,134,0.46206897497177124,4,0.5,0.38750001788139343,0.36920711820072905,0.018292903900146484,0.7410153150558472
0.25,219,17,64,0.35367003083229065,290,864,122,0.4206896424293518,4,0.4921875,0.34166669845581055,0.36920711820072905,-0.0275404155254364,0.8941769599914551
0.25,220,17,64,0.4022860527038574,290,864,122,0.4206896424293518,4,0.51171875,0.3645833432674408,0.36920711820072905,-0.004623770713806152,0.6402446031570435
0.25,221,17,64,0.3979841470718384,290,864,108,0.3724137842655182,4,0.46875,0.31666669249534607,0.36920711820072905,-0.05254042148590088,0.9102139472961426
0.25,222,17,64,0.4045149087905884,290,864,142,0.48965516686439514,4,0.46484375,0.4166666865348816,0.36920711820072905,0.047459572553634644,0.8290368914604187
0.25,223,17,64,0.38916918635368347,290,864,124,0.4275861978530884,4,0.5,0.3500000238418579,0.36920711820072905,-0.019207090139389038,0.8103247880935669
0.25,224,17,64,0.39708569645881653,290,864,128,0.4413793087005615,4,0.46875,0.3708333671092987,0.36920711820072905,0.0016262531280517578,0.7608835697174072
0.25,225,17,64,0.3820345401763916,290,864,138,0.475862056016922,4,0.51171875,0.40000003576278687,0.36920711820072905,0.030792921781539917,1.0037813186645508
0.25,226,17,64,0.41309207677841187,290,864,112,0.38620689511299133,4,0.484375,0.38333335518836975,0.36920711820072905,0.014126241207122803,0.7630829811096191
0.25,227,17,64,0.38214847445487976,290,864,134,0.46206897497177124,4,0.4765625,0.3812500238418579,0.36920711820072905,0.012042909860610962,0.9663023948669434
0.25,228,17,64,0.38324853777885437,290,864,118,0.40689656138420105,4,0.51171875,0.34166669845581055,0.36920711820072905,-0.0275404155254364,0.8964365124702454
0.25,229,17,64,0.3925640881061554,290,864,122,0.4206896424293518,4,0.51953125,0.3916666805744171,0.36920711820072905,0.022459566593170166,0.9297823905944824
0.25,230,17,64,0.3495825529098511,290,864,116,0.4000000059604645,4,0.53125,0.34791669249534607,0.36920711820072905,-0.02129042148590088,0.9973167181015015
0.25,231,17,64,0.3540191650390625,290,864,130,0.4482758641242981,4,0.50390625,0.34166669845581055,0.36920711820072905,-0.0275404155254364,1.0803158283233643
0.25,232,17,64,0.37247294187545776,290,864,126,0.43448275327682495,4,0.5,0.38333335518836975,0.36920711820072905,0.014126241207122803,1.0475001335144043
0.25,233,17,64,0.45260488986968994,290,864,128,0.4413793087005615,4,0.484375,0.3687500059604645,0.36920711820072905,-0.0004571080207824707,0.7484838366508484
0.25,234,17,64,0.4277162253856659,290,864,136,0.4689655303955078,4,0.4921875,0.3604166805744171,0.36920711820072905,-0.008790433406829834,0.8114036321640015
0.25,235,17,64,0.3887060284614563,290,864,120,0.41379308700561523,4,0.5078125,0.3812500238418579,0.36920711820072905,0.012042909860610962,0.8449621200561523
0.25,236,17,64,0.3414948582649231,290,864,118,0.40689656138420105,4,0.5,0.35625001788139343,0.36920711820072905,-0.012957096099853516,1.1731154918670654
0.25,237,17,64,0.34586456418037415,290,864,126,0.43448275327682495,4,0.49609375,0.37708336114883423,0.36920711820072905,0.00787624716758728,0.8907506465911865
0.25,238,17,64,0.38994985818862915,290,864,108,0.3724137842655182,4,0.5234375,0.37291669845581055,0.36920711820072905,0.0037095844745635986,0.9196456074714661
0.25,239,17,64,0.3308694660663605,290,864,114,0.3931034505367279,4,0.5078125,0.34583336114883423,0.36920711820072905,-0.02337375283241272,1.3082056045532227
0.25,240,17,64,0.36315077543258667,290,864,120,0.41379308700561523,4,0.4921875,0.37291669845581055,0.36920711820072905,0.0037095844745635986,0.8710432052612305
0.25,241,17,64,0.40339550375938416,290,864,130,0.4482758641242981,4,0.51171875,0.41458335518836975,0.36920711820072905,0.0453762412071228,0.7505552768707275
0.25,242,17,64,0.38697612285614014,290,864,132,0.45517241954803467,4,0.46875,0.3500000238418579,0.36920711820072905,-0.019207090139389038,0.8951125144958496
0.25,243,17,64,0.3909016251564026,290,864,120,0.41379308700561523,4,0.51171875,0.3645833432674408,0.36920711820072905,-0.004623770713806152,0.9400686025619507
0.25,244,17,64,0.40672817826271057,290,864,134,0.46206897497177124,4,0.5,0.37916669249534607,0.36920711820072905,0.009959578514099121,0.8853249549865723
0.25,245,17,64,0.37841856479644775,290,864,138,0.475862056016922,4,0.48046875,0.41875001788139343,0.36920711820072905,0.049542903900146484,0.9851795434951782
0.25,246,17,64,0.4004252552986145,290,864,132,0.45517241954803467,4,0.4921875,0.3812500238418579,0.36920711820072905,0.012042909860610962,0.8467267751693726
0.25,247,17,64,0.4106066823005676,290,864,124,0.4275861978530884,4,0.51171875,0.37291669845581055,0.36920711820072905,0.0037095844745635986,0.7722413539886475
0.25,248,17,64,0.38945478200912476,290,864,110,0.37931033968925476,4,0.51171875,0.3500000238418579,0.36920711820072905,-0.019207090139389038,0.801293134689331
0.25,249,17,64,0.4141446053981781,290,864,122,0.4206896424293518,4,0.49609375,0.34791669249534607,0.36920711820072905,-0.02129042148590088,0.6862379312515259
0.25,250,17,64,0.39795732498168945,290,864,122,0.4206896424293518,4,0.4765625,0.33541667461395264,0.36920711820072905,-0.03379043936729431,0.8336206674575806
0.25,251,17,64,0.35774892568588257,290,864,132,0.45517241954803467,4,0.50390625,0.37916669249534607,0.36920711820072905,0.009959578514099121,1.2160072326660156
0.25,252,17,64,0.4065656065940857,290,864,124,0.4275861978530884,4,0.49609375,0.40000003576278687,0.36920711820072905,0.030792921781539917,0.8748940229415894
0.25,253,17,64,0.35289889574050903,290,864,110,0.37931033968925476,4,0.52734375,0.3645833432674408,0.36920711820072905,-0.004623770713806152,1.0565197467803955
0.25,254,17,64,0.3920557200908661,290,864,132,0.45517241954803467,4,0.49609375,0.35625001788139343,0.36920711820072905,-0.012957096099853516,1.0771416425704956
0.25,255,17,64,0.3789120018482208,290,864,114,0.3931034505367279,4,0.52734375,0.3291666805744171,0.36920711820072905,-0.040040433406829834,1.0688958168029785
0.25,0,33,64,0.3655489385128021,1090,3264,480,0.4403669834136963,4,0.48046875,0.3760080635547638,0.3772179614238596,-0.0012098848819732666,0.8454825282096863
0.25,1,33,64,0.38759952783584595,1090,3264,506,0.46422019600868225,4,0.5029296875,0.3719758093357086,0.3772179614238596,-0.005242139101028442,0.661071240901947
0.25,2,33,64,0.3807017505168915,1090,3264,496,0.4550458788871765,4,0.5185546875,0.3770161271095276,0.3772179614238596,-0.00020182132720947266,0.7097319960594177
0.25,3,33,64,0.4059389531612396,1090,3264,482,0.4422018527984619,4,0.4912109375,0.39818546175956726,0.3772179614238596,0.0209675133228302,0.7131690382957458
0.25,4,33,64,0.3800725042819977,1090,3264,450,0.4128440320491791,4,0.4912109375,0.3941532075405121,0.3772179614238596,0.016935259103775024,0.6902090907096863
0.25,5,33,64,0.39327728748321533,1090,3264,468,0.4293577969074249,4,0.4970703125,0.38306450843811035,0.3772179614238596,0.005846560001373291,0.6835060119628906
0.25,6,33,64,0.3936527669429779,1090,3264,482,0.4422018527984619,4,0.4833984375,0.40322577953338623,0.3772179614238596,0.02600783109664917,0.7002487182617188
0.25,7,33,64,0.38878265023231506,1090,3264,500,0.4587155878543854,4,0.490234375,0.3891128897666931,0.3772179614238596,0.011894941329956055,0.70357346534729
0.25,8,33,64,0.3862205743789673,1090,3264,470,0.43119266629219055,4,0.5107421875,0.3623991906642914,0.3772179614238596,-0.014818757772445679,0.6712328195571899
0.25,9,33,64,0.4046556055545807,1090,3264,444,0.4073394536972046,4,0.505859375,0.38457658886909485,0.3772179614238596,0.007358640432357788,0.5909032821655273
0.25,10,33,64,0.37263792753219604,1090,3264,466,0.4275229275226593,4,0.4931640625,0.3603830635547638,0.3772179614238596,-0.016834884881973267,0.74192214012146
0.25,11,33,64,0.39374005794525146,1090,3264,492,0.45137614011764526,4,0.513671875,0.38205644488334656,0.3772179614238596,0.004838496446609497,0.6425614356994629
0.25,12,33,64,0.39085853099823,1090,3264,504,0.4623853266239166,4,0.478515625,0.3896169364452362,0.3772179614238596,0.012398988008499146,0.6541879177093506
0.25,13,33,64,0.3888036608695984,1090,3264,486,0.4458715617656708,4,0.501953125,0.3881048262119293,0.3772179614238596,0.01088687777519226,0.6437591910362244
0.25,14,33,64,0.39279264211654663,1090,3264,456,0.41834864020347595,4,0.5185546875,0.38407257199287415,0.3772179614238596,0.006854623556137085,0.6225888729095459
0.25,15,33,64,0.4213724434375763,1090,3264,510,0.4678899049758911,4,0.517578125,0.38457658886909485,0.3772179614238596,0.007358640432357788,0.6072323322296143
0.25,16,33,64,0.39795511960983276,1090,3264,502,0.460550457239151,4,0.4951171875,0.3805443346500397,0.3772179614238596,0.0033263862133026123,0.6693663001060486
0.25,17,33,64,0.4179712235927582,1090,3264,456,0.41834864020347595,4,0.4892578125,0.3765120804309845,0.3772179614238596,-0.0007058680057525635,0.6454216241836548
0.25,18,33,64,0.36675652861595154,1090,3264,446,0.4091743230819702,4,0.4951171875,0.3492943346500397,0.3772179614238596,-0.027923613786697388,0.7941039800643921
0.25,19,33,64,0.3664345145225525,1090,3264,434,0.39816513657569885,4,0.51171875,0.36995965242385864,0.3772179614238596,-0.007258296012878418,0.7158386707305908
0.25,20,33,64,0.39767828583717346,1090,3264,468,0.4293577969074249,4,0.4892578125,0.36592739820480347,0.3772179614238596,-0.011290550231933594,0.5967986583709717
0.25,21,33,64,0.37712958455085754,1090,3264,494,0.4532110095024109,4,0.5068359375,0.3724798262119293,0.3772179614238596,-0.004738122224807739,0.7420246005058289
0.25,22,33,64,0.3649701476097107,1090,3264,490,0.449541300535202,4,0.4970703125,0.36743950843811035,0.3772179614238596,-0.009778439998626709,0.6834070682525635
0.25,23,33,64,0.4424256384372711,1090,3264,472,0.4330275356769562,4,0.5107421875,0.390625,0.3772179614238596,0.01340705156326294,0.510744571685791
0.25,24,33,64,0.3867349922657013,1090,3264,476,0.43669724464416504,4,0.5048828125,0.38004031777381897,0.3772179614238596,0.002822369337081909,0.6707631349563599
0.25,25,33,64,0.36040157079696655,1090,3264,490,0.449541300535202,4,0.49609375,0.3926411271095276,0.3772179614238596,0.015423178672790527,0.6820186376571655
0.25,26,33,64,0.4019794762134552,1090,3264,464,0.42568808794021606,4,0.4951171875,0.38356852531433105,0.3772179614238596,0.006350576877593994,0.6127088069915771
0.25,27,33,64,0.4036257565021515,1090,3264,454,0.4165137708187103,4,0.4990234375,0.3729838728904724,0.3772179614238596,-0.0042340755462646484,0.7326802015304565
0.25,28,33,64,0.37448281049728394,1090,3264,472,0.4330275356769562,4,0.50390625,0.36693546175956726,0.3772179614238596,-0.0102824866771698,0.7291637659072876
0.25,29,33,64,0.3783993124961853,1090,3264,460,0.4220183491706848,4,0.5068359375,0.3775201439857483,0.3772179614238596,0.00030219554901123047,0.6172522902488708
0.25,30,33,64,0.3850195109844208,1090,3264,468,0.4293577969074249,4,0.5146484375,0.36743950843811035,0.3772179614238596,-0.009778439998626709,0.6903689503669739
0.25,31,33,64,0.36503762006759644,1090,3264,468,0.4293577969074249,4,0.4931640625,0.375,0.3772179614238596,-0.0022179484367370605,0.6750766634941101
0.25,32,33,64,0.328599750995636,1090,3264,442,0.40550458431243896,4,0.4951171875,0.3462701439857483,0.3772179614238596,-0.03094780445098877,0.8476307392120361
0.25,33,33,64,0.4244906008243561,1090,3264,476,0.43669724464416504,4,0.5087890625,0.38004031777381897,0.3772179614238596,0.002822369337081909,0.5853126049041748
0.25,34,33,64,0.394096702337265,1090,3264,484,0.44403669238090515,4,0.5166015625,0.36844757199287415,0.3772179614238596,-0.008770376443862915,0.6899658441543579
0.25,35,33,64,0.37049755454063416,1090,3264,476,0.43669724464416504,4,0.49609375,0.3805443346500397,0.3772179614238596,0.0033263862133026123,0.7130059599876404
0.25,36,33,64,0.38079729676246643,1090,3264,466,0.4275229275226593,4,0.5,0.38306450843811035,0.3772179614238596,0.005846560001373291,0.7431771159172058
0.25,37,33,64,0.4411279261112213,1090,3264,486,0.4458715617656708,4,0.5009765625,0.3936491906642914,0.3772179614238596,0.01643124222755432,0.519537627696991
0.25,38,33,64,0.360850065946579,1090,3264,488,0.4477064311504364,4,0.49609375,0.3926411271095276,0.3772179614238596,0.015423178672790527,0.7049908638000488
0.25,39,33,64,0.3633270263671875,1090,3264,476,0.43669724464416504,4,0.5048828125,0.359375,0.3772179614238596,-0.01784294843673706,0.7484689950942993
0.25,40,33,64,0.3915051221847534,1090,3264,500,0.4587155878543854,4,0.49609375,0.38205644488334656,0.3772179614238596,0.004838496446609497,0.709786057472229
0.25,41,33,64,0.3868161141872406,1090,3264,492,0.45137614011764526,4,0.490234375,0.38104838132858276,0.3772179614238596,0.003830432891845703,0.7155608534812927
0.25,42,33,64,0.4366123676300049,1090,3264,502,0.460550457239151,4,0.517578125,0.38608869910240173,0.3772179614238596,0.008870750665664673,0.6780401468276978
0.25,43,33,64,0.3989824652671814,1090,3264,482,0.4422018527984619,4,0.5029296875,0.3649193346500397,0.3772179614238596,-0.012298613786697388,0.5375174283981323
0.25,44,33,64,0.3583175837993622,1090,3264,472,0.4330275356769562,4,0.505859375,0.3790322542190552,0.3772179614238596,0.0018143057823181152,0.8469966650009155
0.25,45,33,64,0.4138611853122711,1090,3264,504,0.4623853266239166,4,0.490234375,0.36895158886909485,0.3772179614238596,-0.008266359567642212,0.6176145076751709
0.25,46,33,64,0.39618706703186035,1090,3264,490,0.449541300535202,4,0.4912109375,0.3961693346500397,0.3772179614238596,0.018951386213302612,0.7230075001716614
0.25,47,33,64,0.3649049401283264,1090,3264,488,0.4477064311504364,4,0.4951171875,0.3881048262119293,0.3772179614238596,0.01088687777519226,0.6583726406097412
0.25,48,33,64,0.38508084416389465,1090,3264,498,0.45688074827194214,4,0.4970703125,0.38558465242385864,0.3772179614238596,0.008366703987121582,0.6973825097084045
0.25,49,33,64,0.3996982276439667,1090,3264,458,0.4201834797859192,4,0.5205078125,0.375,0.3772179614238596,-0.0022179484367370605,0.5519077777862549
0.25,50,33,64,0.3817378878593445,1090,3264,476,0.43669724464416504,4,0.5068359375,0.3785282075405121,0.3772179614238596,0.0013102591037750244,0.6571340560913086
0.25,51,33,64,0.3929980993270874,1090,3264,466,0.4275229275226593,4,0.494140625,0.3709677457809448,0.3772179614238596,-0.006250202655792236,0.6143900156021118
0.25,52,33,64,0.3495108187198639,1090,3264,452,0.4146789014339447,4,0.5078125,0.36743950843811035,0.3772179614238596,-0.009778439998626709,0.7816516160964966
0.25,53,33,64,0.425251305103302,1090,3264,484,0.44403669238090515,4,0.494140625,0.3785282075405121,0.3772179614238596,0.0013102591037750244,0.6353524923324585
0.25,54,33,64,0.35769256949424744,1090,3264,480,0.4403669834136963,4,0.4931640625,0.38608869910240173,0.3772179614238596,0.008870750665664673,0.736756443977356
0.25,55,33,64,0.4158563017845154,1090,3264,462,0.42385321855545044,4,0.4970703125,0.3734878897666931,0.3772179614238596,-0.0037300586700439453,0.6695926785469055
0.25,56,33,64,0.4101630449295044,1090,3264,492,0.45137614011764526,4,0.486328125,0.3891128897666931,0.3772179614238596,0.011894941329956055,0.619178295135498
0.25,57,33,64,0.39402157068252563,1090,3264,504,0.4623853266239166,4,0.51171875,0.38306450843811035,0.3772179614238596,0.005846560001373291,0.617263913154602
0.25,58,33,64,0.38700345158576965,1090,3264,480,0.4403669834136963,4,0.501953125,0.3931451439857483,0.3772179614238596,0.01592719554901123,0.7385625839233398
0.25,59,33,64,0.38379931449890137,1090,3264,476,0.43669724464416504,4,0.4921875,0.3714717626571655,0.3772179614238596,-0.005746185779571533,0.7185850143432617
0.25,60,33,64,0.4070795774459839,1090,3264,456,0.41834864020347595,4,0.486328125,0.3639112710952759,0.3772179614238596,-0.013306677341461182,0.5927639007568359
0.25,61,33,64,0.386160284280777,1090,3264,468,0.4293577969074249,4,0.501953125,0.37046369910240173,0.3772179614238596,-0.006754249334335327,0.6674985885620117
0.25,62,33,64,0.3736749589443207,1090,3264,488,0.4477064311504364,4,0.5107421875,0.39768144488334656,0.3772179614238596,0.020463496446609497,0.7634475231170654
0.25,63,33,64,0.3847118616104126,1090,3264,460,0.4220183491706848,4,0.4794921875,0.3714717626571655,0.3772179614238596,-0.005746185779571533,0.7312185168266296
0.25,64,33,64,0.35620272159576416,1090,3264,478,0.43853211402893066,4,0.5068359375,0.3729838728904724,0.3772179614238596,-0.0042340755462646484,0.8339807987213135
0.25,65,33,64,0.3999272286891937,1090,3264,452,0.4146789014339447,4,0.48828125,0.3573588728904724,0.3772179614238596,-0.01985907554626465,0.6377162933349609
0.25,66,33,64,0.4200102686882019,1090,3264,516,0.473394513130188,4,0.5068359375,0.3931451439857483,0.3772179614238596,0.01592719554901123,0.624699592590332
0.25,67,33,64,0.3580363690853119,1090,3264,474,0.4348623752593994,4,0.5009765625,0.3876008093357086,0.3772179614238596,0.010382860898971558,0.787778377532959
0.25,68,33,64,0.3233315050601959,1090,3264,484,0.44403669238090515,4,0.50390625,0.37046369910240173,0.3772179614238596,-0.006754249334335327,0.8605939745903015
0.25,69,33,64,0.42913755774497986,1090,3264,490,0.449541300535202,4,0.50390625,0.3790322542190552,0.3772179614238596,0.0018143057823181152,0.5903792381286621
0.25,70,33,64,0.3541579842567444,1090,3264,448,0.41100919246673584,4,0.5048828125,0.3775201439857483,0.3772179614238596,0.00030219554901123047,0.6930239796638489
0.25,71,33,64,0.442121297121048,1090,3264,492,0.45137614011764526,4,0.490234375,0.375,0.3772179614238596,-0.0022179484367370605,0.4969717264175415
0.25,72,33,64,0.3603878319263458,1090,3264,470,0.43119266629219055,4,0.51171875,0.36693546175956726,0.3772179614238596,-0.0102824866771698,0.6662787795066833
0.25,73,33,64,0.38861092925071716,1090,3264,502,0.460550457239151,4,0.5009765625,0.3755040168762207,0.3772179614238596,-0.0017139315605163574,0.6320056319236755
0.25,74,33,64,0.358854204416275,1090,3264,472,0.4330275356769562,4,0.4990234375,0.36995965242385864,0.3772179614238596,-0.007258296012878418,0.6846089363098145
0.25,75,33,64,0.39363545179367065,1090,3264,474,0.4348623752593994,4,0.5,0.36592739820480347,0.3772179614238596,-0.011290550231933594,0.6809167861938477
0.25,76,33,64,0.42020943760871887,1090,3264,498,0.45688074827194214,4,0.5,0.3805443346500397,0.3772179614238596,0.0033263862133026123,0.5765848159790039
0.25,77,33,64,0.4097346365451813,1090,3264,476,0.43669724464416504,4,0.501953125,0.3790322542190552,0.3772179614238596,0.0018143057823181152,0.6514028310775757
0.25,78,33,64,0.38754191994667053,1090,3264,504,0.4623853266239166,4,0.51171875,0.3870967626571655,0.3772179614238596,0.009878814220428467,0.5732566118240356
0.25,79,33,64,0.3960403800010681,1090,3264,496,0.4550458788871765,4,0.5,0.38205644488334656,0.3772179614238596,0.004838496446609497,0.5289505124092102
0.25,80,33,64,0.4154689908027649,1090,3264,462,0.42385321855545044,4,0.515625,0.3755040168762207,0.3772179614238596,-0.0017139315605163574,0.6630270481109619
0.25,81,33,64,0.39805281162261963,1090,3264,466,0.4275229275226593,4,0.48828125,0.3795362710952759,0.3772179614238596,0.0023183226585388184,0.6409220695495605
0.25,82,33,64,0.45193904638290405,1090,3264,488,0.4477064311504364,4,0.5205078125,0.3744959533214569,0.3772179614238596,-0.0027219951152801514,0.4514145851135254
0.25,83,33,64,0.35957419872283936,1090,3264,458,0.4201834797859192,4,0.505859375,0.36895158886909485,0.3772179614238596,-0.008266359567642212,0.7548900246620178
0.25,84,33,64,0.3882417380809784,1090,3264,496,0.4550458788871765,4,0.4912109375,0.39667338132858276,0.3772179614238596,0.019455432891845703,0.6823791265487671
0.25,85,33,64,0.40185806155204773,1090,3264,438,0.4018348753452301,4,0.50390625,0.3775201439857483,0.3772179614238596,0.00030219554901123047,0.7691469788551331
0.25,86,33,64,0.3877423107624054,1090,3264,450,0.4128440320491791,4,0.4833984375,0.36643144488334656,0.3772179614238596,-0.010786503553390503,0.6401055455207825
0.25,87,33,64,0.38593941926956177,1090,3264,482,0.4422018527984619,4,0.509765625,0.38104838132858276,0.3772179614238596,0.003830432891845703,0.7396337985992432
0.25,88,33,64,0.3908825218677521,1090,3264,470,0.43119266629219055,4,0.5029296875,0.38608869910240173,0.3772179614238596,0.008870750665664673,0.6104912757873535
0.25,89,33,64,0.4033872187137604,1090,3264,506,0.46422019600868225,4,0.501953125,0.38306450843811035,0.3772179614238596,0.005846560001373291,0.6865317225456238
0.25,90,33,64,0.3869059979915619,1090,3264,486,0.4458715617656708,4,0.48828125,0.3780241906642914,0.3772179614238596,0.0008062422275543213,0.6346355676651001
0.25,91,33,64,0.3965863883495331,1090,3264,498,0.45688074827194214,4,0.505859375,0.3724798262119293,0.3772179614238596,-0.004738122224807739,0.647081732749939
0.25,92,33,64,0.38925600051879883,1090,3264,458,0.4201834797859192,4,0.4833984375,0.38256046175956726,0.3772179614238596,0.0053425133228302,0.6586169004440308
0.25,93,33,64,0.3842599391937256,1090,3264,474,0.4348623752593994,4,0.4775390625,0.38608869910240173,0.3772179614238596,0.008870750665664673,0.7024333477020264
0.25,94,33,64,0.33570581674575806,1090,3264,476,0.43669724464416504,4,0.494140625,0.3588709533214569,0.3772179614238596,-0.01834699511528015,0.9076457023620605
0.25,95,33,64,0.3811403810977936,1090,3264,488,0.4477064311504364,4,0.5029296875,0.3719758093357086,0.3772179614238596,-0.005242139101028442,0.6876961588859558
0.25,96,33,64,0.35284000635147095,1090,3264,472,0.4330275356769562,4,0.5029296875,0.37046369910240173,0.3772179614238596,-0.006754249334335327,0.8051014542579651
0.25,97,33,64,0.4053555130958557,1090,3264,514,0.47155964374542236,4,0.5,0.39667338132858276,0.3772179614238596,0.019455432891845703,0.6463283896446228
0.25,98,33,64,0.400675892829895,1090,3264,498,0.45688074827194214,4,0.4970703125,0.3795362710952759,0.3772179614238596,0.0023183226585388184,0.6450273990631104
0.25,99,33,64,0.35897788405418396,1090,3264,506,0.46422019600868225,4,0.5009765625,0.3795362710952759,0.3772179614238596,0.0023183226585388184,0.8520752191543579
0.25,100,33,64,0.40019431710243225,1090,3264,478,0.43853211402893066,4,0.501953125,0.38004031777381897,0.3772179614238596,0.002822369337081909,0.6337884664535522
0.25,101,33,64,0.36273300647735596,1090,3264,508,0.4660550355911255,4,0.486328125,0.3876008093357086,0.3772179614238596,0.010382860898971558,0.759711742401123
0.25,102,33,64,0.3869919180870056,1090,3264,506,0.46422019600868225,4,0.494140625,0.3886088728904724,0.3772179614238596,0.011390924453735352,0.6807078123092651
0.25,103,33,64,0.3862994313240051,1090,3264,484,0.44403669238090515,4,0.490234375,0.38608869910240173,0.3772179614238596,0.008870750665664673,0.7907137870788574
0.25,104,33,64,0.38912421464920044,1090,3264,494,0.4532110095024109,4,0.50390625,0.38407257199287415,0.3772179614238596,0.006854623556137085,0.7119128704071045
0.25,105,33,64,0.3908662497997284,1090,3264,468,0.4293577969074249,4,0.4931640625,0.3936491906642914,0.3772179614238596,0.01643124222755432,0.6324841976165771
0.25,106,33,64,0.3529558777809143,1090,3264,444,0.4073394536972046,4,0.5,0.3588709533214569,0.3772179614238596,-0.01834699511528015,0.851291298866272
0.25,107,33,64,0.3617812991142273,1090,3264,496,0.4550458788871765,4,0.4970703125,0.38306450843811035,0.3772179614238596,0.005846560001373291,0.6706329584121704
0.25,108,33,64,0.35975533723831177,1090,3264,498,0.45688074827194214,4,0.5146484375,0.38558465242385864,0.3772179614238596,0.008366703987121582,0.7716037034988403
0.25,109,33,64,0.39781641960144043,1090,3264,468,0.4293577969074249,4,0.5029296875,0.36844757199287415,0.3772179614238596,-0.008770376443862915,0.6246528625488281
0.25,110,33,64,0.3632030785083771,1090,3264,508,0.4660550355911255,4,0.4853515625,0.38306450843811035,0.3772179614238596,0.005846560001373291,0.6238548159599304
0.25,111,33,64,0.4156017601490021,1090,3264,490,0.449541300535202,4,0.5078125,0.38155239820480347,0.3772179614238596,0.004334449768066406,0.5677887797355652
0.25,112,33,64,0.40289896726608276,1090,3264,490,0.449541300535202,4,0.498046875,0.3563508093357086,0.3772179614238596,-0.020867139101028442,0.6867688298225403
0.25,113,33,64,0.41168761253356934,1090,3264,432,0.3963302671909332,4,0.5,0.36743950843811035,0.3772179614238596,-0.009778439998626709,0.6032309532165527
0.25,114,33,64,0.3693370223045349,1090,3264,478,0.43853211402893066,4,0.4951171875,0.39566531777381897,0.3772179614238596,0.01844736933708191,0.7199638485908508
0.25,115,33,64,0.3501738905906677,1090,3264,466,0.4275229275226593,4,0.5009765625,0.3714717626571655,0.3772179614238596,-0.005746185779571533,0.7717288732528687
0.25,116,33,64,0.3962731659412384,1090,3264,462,0.42385321855545044,4,0.5,0.3760080635547638,0.3772179614238596,-0.0012098848819732666,0.6522767543792725
0.25,117,33,64,0.39522629976272583,1090,3264,474,0.4348623752593994,4,0.50390625,0.38205644488334656,0.3772179614238596,0.004838496446609497,0.6647727489471436
0.25,118,33,64,0.36128726601600647,1090,3264,464,0.42568808794021606,4,0.5185546875,0.36592739820480347,0.3772179614238596,-0.011290550231933594,0.8456572890281677
0.25,119,33,64,0.4214571416378021,1090,3264,450,0.4128440320491791,4,0.5146484375,0.36542338132858276,0.3772179614238596,-0.011794567108154297,0.5840842723846436
0.25,120,33,64,0.37592214345932007,1090,3264,482,0.4422018527984619,4,0.4912109375,0.375,0.3772179614238596,-0.0022179484367370605,0.7609534859657288
0.25,121,33,64,0.3807297945022583,1090,3264,498,0.45688074827194214,4,0.48828125,0.3755040168762207,0.3772179614238596,-0.0017139315605163574,0.6935571432113647
0.25,122,33,64,0.4010879695415497,1090,3264,478,0.43853211402893066,4,0.5029296875,0.36995965242385864,0.3772179614238596,-0.007258296012878418,0.6098489165306091
0.25,123,33,64,0.4061153829097748,1090,3264,518,0.4752293527126312,4,0.4970703125,0.40020158886909485,0.3772179614238596,0.022983640432357788,0.7006887793540955
0.25,124,33,64,0.3975115418434143,1090,3264,456,0.41834864020347595,4,0.50390625,0.36542338132858276,0.3772179614238596,-0.011794567108154297,0.6989238858222961
0.25,125,33,64,0.3917102515697479,1090,3264,492,0.45137614011764526,4,0.5087890625,0.38457658886909485,0.3772179614238596,0.007358640432357788,0.6487652063369751
0.25,126,33,64,0.364175021648407,1090,3264,486,0.4458715617656708,4,0.505859375,0.36743950843811035,0.3772179614238596,-0.009778439998626709,0.8299052715301514
0.25,127,33,64,0.4045167565345764,1090,3264,458,0.4201834797859192,4,0.4921875,0.359375,0.3772179614238596,-0.01784294843673706,0.564735472202301
0.25,128,33,64,0.4045400321483612,1090,3264,470,0.43119266629219055,4,0.5126953125,0.39868950843811035,0.3772179614238596,0.02147156000137329,0.5828138589859009
0.25,129,33,64,0.4216007888317108,1090,3264,466,0.4275229275226593,4,0.5009765625,0.390625,0.3772179614238596,0.01340705156326294,0.6083104014396667
0.25,130,33,64,0.45444455742836,1090,3264,498,0.45688074827194214,4,0.49609375,0.3765120804309845,0.3772179614238596,-0.0007058680057525635,0.4019777476787567
0.25,131,33,64,0.3545743525028229,1090,3264,464,0.42568808794021606,4,0.509765625,0.3608870804309845,0.3772179614238596,-0.016330868005752563,0.7491036057472229
0.25,132,33,64,0.39632803201675415,1090,3264,506,0.46422019600868225,4,0.49609375,0.38608869910240173,0.3772179614238596,0.008870750665664673,0.6175858378410339
0.25,133,33,64,0.3919302821159363,1090,3264,484,0.44403669238090515,4,0.5078125,0.38104838132858276,0.3772179614238596,0.003830432891845703,0.7167516946792603
0.25,134,33,64,0.37160903215408325,1090,3264,440,0.40366971492767334,4,0.50390625,0.36844757199287415,0.3772179614238596,-0.008770376443862915,0.7233465909957886
0.25,135,33,64,0.34729182720184326,1090,3264,460,0.4220183491706848,4,0.5126953125,0.36895158886909485,0.3772179614238596,-0.008266359567642212,0.6964993476867676
0.25,136,33,64,0.3769993185997009,1090,3264,474,0.4348623752593994,4,0.4814453125,0.38155239820480347,0.3772179614238596,0.004334449768066406,0.7129707336425781
0.25,137,33,64,0.3905695676803589,1090,3264,482,0.4422018527984619,4,0.498046875,0.3770161271095276,0.3772179614238596,-0.00020182132720947266,0.6389656662940979
0.25,138,33,64,0.3793453574180603,1090,3264,488,0.4477064311504364,4,0.498046875,0.36592739820480347,0.3772179614238596,-0.011290550231933594,0.668410062789917
0.25,139,33,64,0.40395718812942505,1090,3264,482,0.4422018527984619,4,0.5126953125,0.3795362710952759,0.3772179614238596,0.0023183226585388184,0.6563924551010132
0.25,140,33,64,0.4050529897212982,1090,3264,468,0.4293577969074249,4,0.498046875,0.35332658886909485,0.3772179614238596,-0.023891359567642212,0.630591630935669
0.25,141,33,64,0.3995441198348999,1090,3264,444,0.4073394536972046,4,0.5068359375,0.3558467626571655,0.3772179614238596,-0.021371185779571533,0.7406840324401855
0.25,142,33,64,0.413481742143631,1090,3264,508,0.4660550355911255,4,0.51171875,0.3790322542190552,0.3772179614238596,0.0018143057823181152,0.7447941303253174
0.25,143,33,64,0.39907822012901306,1090,3264,466,0.4275229275226593,4,0.49609375,0.390625,0.3772179614238596,0.01340705156326294,0.6130152940750122
0.25,144,33,64,0.40891385078430176,1090,3264,500,0.4587155878543854,4,0.5029296875,0.3790322542190552,0.3772179614238596,0.0018143057823181152,0.6126859188079834
0.25,145,33,64,0.3759469985961914,1090,3264,446,0.4091743230819702,4,0.5068359375,0.3629032075405121,0.3772179614238596,-0.014314740896224976,0.796407163143158
0.25,146,33,64,0.3841104805469513,1090,3264,484,0.44403669238090515,4,0.4892578125,0.3785282075405121,0.3772179614238596,0.0013102591037750244,0.643132209777832
0.25,147,33,64,0.3864784240722656,1090,3264,468,0.4293577969074249,4,0.4970703125,0.3775201439857483,0.3772179614238596,0.00030219554901123047,0.714133620262146
0.25,148,33,64,0.3851546347141266,1090,3264,514,0.47155964374542236,4,0.494140625,0.38407257199287415,0.3772179614238596,0.006854623556137085,0.6344025135040283
0.25,149,33,64,0.4016958177089691,1090,3264,492,0.45137614011764526,4,0.5166015625,0.37046369910240173,0.3772179614238596,-0.006754249334335327,0.6039935946464539
0.25,150,33,64,0.4080604910850525,1090,3264,484,0.44403669238090515,4,0.49609375,0.3795362710952759,0.3772179614238596,0.0023183226585388184,0.4998622536659241
0.25,151,33,64,0.35648155212402344,1090,3264,424,0.3889908194541931,4,0.5,0.3608870804309845,0.3772179614238596,-0.016330868005752563,0.6738854646682739
0.25,152,33,64,0.4197201728820801,1090,3264,468,0.4293577969074249,4,0.509765625,0.3608870804309845,0.3772179614238596,-0.016330868005752563,0.6229125261306763
0.25,153,33,64,0.34731540083885193,1090,3264,468,0.4293577969074249,4,0.494140625,0.3760080635547638,0.3772179614238596,-0.0012098848819732666,0.7858443856239319
0.25,154,33,64,0.3912067413330078,1090,3264,514,0.47155964374542236,4,0.4912109375,0.4047378897666931,0.3772179614238596,0.027519941329956055,0.6372643709182739
0.25,155,33,64,0.39836445450782776,1090,3264,480,0.4403669834136963,4,0.501953125,0.38306450843811035,0.3772179614238596,0.005846560001373291,0.6292555928230286
0.25,156,33,64,0.3769996166229248,1090,3264,478,0.43853211402893066,4,0.5029296875,0.39969757199287415,0.3772179614238596,0.022479623556137085,0.6188726425170898
0.25,157,33,64,0.372063547372818,1090,3264,496,0.4550458788871765,4,0.5126953125,0.3891128897666931,0.3772179614238596,0.011894941329956055,0.7023894786834717
0.25,158,33,64,0.4052692949771881,1090,3264,450,0.4128440320491791,4,0.5107421875,0.36542338132858276,0.3772179614238596,-0.011794567108154297,0.6013979315757751
0.25,159,33,64,0.3832157254219055,1090,3264,478,0.43853211402893066,4,0.509765625,0.36441531777381897,0.3772179614238596,-0.01280263066291809,0.6446953415870667
0.25,160,33,64,0.377495139837265,1090,3264,474,0.4348623752593994,4,0.49609375,0.3714717626571655,0.3772179614238596,-0.005746185779571533,0.6441143751144409
0.25,161,33,64,0.3934022784233093,1090,3264,480,0.4403669834136963,4,0.5078125,0.3765120804309845,0.3772179614238596,-0.0007058680057525635,0.6902025938034058
0.25,162,33,64,0.4016544222831726,1090,3264,458,0.4201834797859192,4,0.5068359375,0.35332658886909485,0.3772179614238596,-0.023891359567642212,0.6663554906845093
0.25,163,33,64,0.3692958354949951,1090,3264,460,0.4220183491706848,4,0.5068359375,0.3739919364452362,0.3772179614238596,-0.0032260119915008545,0.7388899326324463
0.25,164,33,64,0.3959534764289856,1090,3264,480,0.4403669834136963,4,0.4892578125,0.38558465242385864,0.3772179614238596,0.008366703987121582,0.7410486936569214
0.25,165,33,64,0.3709200620651245,1090,3264,464,0.42568808794021606,4,0.4931640625,0.3649193346500397,0.3772179614238596,-0.012298613786697388,0.7051373720169067
0.25,166,33,64,0.4204903244972229,1090,3264,472,0.4330275356769562,4,0.5048828125,0.3739919364452362,0.3772179614238596,-0.0032260119915008545,0.5757151246070862
0.25,167,33,64,0.3802773952484131,1090,3264,498,0.45688074827194214,4,0.505859375,0.3881048262119293,0.3772179614238596,0.01088687777519226,0.7336082458496094
0.25,168,33,64,0.3913992941379547,1090,3264,448,0.41100919246673584,4,0.49609375,0.36743950843811035,0.3772179614238596,-0.009778439998626709,0.6070489883422852
0.25,169,33,64,0.40354520082473755,1090,3264,454,0.4165137708187103,4,0.4951171875,0.3886088728904724,0.3772179614238596,0.011390924453735352,0.5990912318229675
0.25,170,33,64,0.3980881869792938,1090,3264,492,0.45137614011764526,4,0.5107421875,0.3734878897666931,0.3772179614238596,-0.0037300586700439453,0.6755954027175903
0.25,171,33,64,0.39137551188468933,1090,3264,486,0.4458715617656708,4,0.494140625,0.38457658886909485,0.3772179614238596,0.007358640432357788,0.6838498115539551
0.25,172,33,64,0.4030382037162781,1090,3264,492,0.45137614011764526,4,0.49609375,0.39768144488334656,0.3772179614238596,0.020463496446609497,0.6066098809242249
0.25,173,33,64,0.3784915804862976,1090,3264,496,0.4550458788871765,4,0.51953125,0.38205644488334656,0.3772179614238596,0.004838496446609497,0.7106872797012329
0.25,174,33,64,0.3737846314907074,1090,3264,494,0.4532110095024109,4,0.498046875,0.3916330635547638,0.3772179614238596,0.014415115118026733,0.8089103102684021
0.25,175,33,64,0.3989434242248535,1090,3264,456,0.41834864020347595,4,0.5126953125,0.3719758093357086,0.3772179614238596,-0.005242139101028442,0.7411308288574219
0.25,176,33,64,0.3760315477848053,1090,3264,474,0.4348623752593994,4,0.5087890625,0.3719758093357086,0.3772179614238596,-0.005242139101028442,0.6827307939529419
0.25,177,33,64,0.4142592251300812,1090,3264,454,0.4165137708187103,4,0.4912109375,0.3714717626571655,0.3772179614238596,-0.005746185779571533,0.6208733916282654
0.25,178,33,64,0.3948853015899658,1090,3264,482,0.4422018527984619,4,0.49609375,0.38558465242385864,0.3772179614238596,0.008366703987121582,0.6372280716896057
0.25,179,33,64,0.3728683292865753,1090,3264,478,0.43853211402893066,4,0.501953125,0.3911290168762207,0.3772179614238596,0.013911068439483643,0.772523820400238
0.25,180,33,64,0.41012367606163025,1090,3264,526,0.48256880044937134,4,0.4755859375,0.39818546175956726,0.3772179614238596,0.0209675133228302,0.5315737128257751
0.25,181,33,64,0.3810060918331146,1090,3264,460,0.4220183491706848,4,0.498046875,0.3639112710952759,0.3772179614238596,-0.013306677341461182,0.6936413645744324
0.25,182,33,64,0.43602636456489563,1090,3264,476,0.43669724464416504,4,0.5029296875,0.3734878897666931,0.3772179614238596,-0.0037300586700439453,0.6531871557235718
0.25,183,33,64,0.42077183723449707,1090,3264,490,0.449541300535202,4,0.505859375,0.36743950843811035,0.3772179614238596,-0.009778439998626709,0.6185435056686401
0.25,184,33,64,0.4289262592792511,1090,3264,474,0.4348623752593994,4,0.490234375,0.38356852531433105,0.3772179614238596,0.006350576877593994,0.495228111743927
0.25,185,33,64,0.38268905878067017,1090,3264,490,0.449541300535202,4,0.509765625,0.3755040168762207,0.3772179614238596,-0.0017139315605163574,0.6758745908737183
0.25,186,33,64,0.3706603944301605,1090,3264,472,0.4330275356769562,4,0.48828125,0.3896169364452362,0.3772179614238596,0.012398988008499146,0.6986987590789795
0.25,187,33,64,0.36944878101348877,1090,3264,460,0.4220183491706848,4,0.5048828125,0.38104838132858276,0.3772179614238596,0.003830432891845703,0.7188147902488708
0.25,188,33,64,0.38940876722335815,1090,3264,498,0.45688074827194214,4,0.4755859375,0.3795362710952759,0.3772179614238596,0.0023183226585388184,0.6544977426528931
0.25,189,33,64,0.373291939496994,1090,3264,470,0.43119266629219055,4,0.501953125,0.36995965242385864,0.3772179614238596,-0.007258296012878418,0.724319338798523
0.25,190,33,64,0.3801667392253876,1090,3264,500,0.4587155878543854,4,0.490234375,0.39768144488334656,0.3772179614238596,0.020463496446609497,0.5622390508651733
0.25,191,33,64,0.3867332637310028,1090,3264,468,0.4293577969074249,4,0.4990234375,0.3744959533214569,0.3772179614238596,-0.0027219951152801514,0.709252119064331
0.25,192,33,64,0.41652727127075195,1090,3264,462,0.42385321855545044,4,0.4873046875,0.38306450843811035,0.3772179614238596,0.005846560001373291,0.6830484867095947
0.25,193,33,64,0.41426751017570496,1090,3264,444,0.4073394536972046,4,0.505859375,0.3719758093357086,0.3772179614238596,-0.005242139101028442,0.6266953945159912
0.25,194,33,64,0.4218023121356964,1090,3264,448,0.41100919246673584,4,0.5009765625,0.3765120804309845,0.3772179614238596,-0.0007058680057525635,0.5045531988143921
0.25,195,33,64,0.3780316412448883,1090,3264,470,0.43119266629219055,4,0.51171875,0.38155239820480347,0.3772179614238596,0.004334449768066406,0.707395076751709
0.25,196,33,64,0.4101324677467346,1090,3264,508,0.4660550355911255,4,0.4970703125,0.38659271597862244,0.3772179614238596,0.009374767541885376,0.5472407341003418
0.25,197,33,64,0.4267178475856781,1090,3264,492,0.45137614011764526,4,0.48828125,0.3931451439857483,0.3772179614238596,0.01592719554901123,0.6600573062896729
0.25,198,33,64,0.3910693824291229,1090,3264,462,0.42385321855545044,4,0.51171875,0.3709677457809448,0.3772179614238596,-0.006250202655792236,0.6523765325546265
0.25,199,33,64,0.4239265024662018,1090,3264,476,0.43669724464416504,4,0.4990234375,0.3729838728904724,0.3772179614238596,-0.0042340755462646484,0.6633552312850952
0.25,200,33,64,0.37955376505851746,1090,3264,490,0.449541300535202,4,0.505859375,0.36945563554763794,0.3772179614238596,-0.007762312889099121,0.6486186981201172
0.25,201,33,64,0.3852097690105438,1090,3264,470,0.43119266629219055,4,0.4873046875,0.3775201439857483,0.3772179614238596,0.00030219554901123047,0.6325726509094238
0.25,202,33,64,0.4201391339302063,1090,3264,488,0.4477064311504364,4,0.5009765625,0.3724798262119293,0.3772179614238596,-0.004738122224807739,0.6111577749252319
0.25,203,33,64,0.3950367867946625,1090,3264,490,0.449541300535202,4,0.5009765625,0.3765120804309845,0.3772179614238596,-0.0007058680057525635,0.6707187294960022
0.25,204,33,64,0.38970738649368286,1090,3264,478,0.43853211402893066,4,0.5009765625,0.38155239820480347,0.3772179614238596,0.004334449768066406,0.7698681950569153
0.25,205,33,64,0.3584604263305664,1090,3264,482,0.4422018527984619,4,0.5,0.3719758093357086,0.3772179614238596,-0.005242139101028442,0.7378880977630615
0.25,206,33,64,0.3988766670227051,1090,3264,482,0.4422018527984619,4,0.501953125,0.38004031777381897,0.3772179614238596,0.002822369337081909,0.6365178227424622
0.25,207,33,64,0.3553399443626404,1090,3264,488,0.4477064311504364,4,0.5029296875,0.3886088728904724,0.3772179614238596,0.011390924453735352,0.7831130623817444
0.25,208,33,64,0.4055582880973816,1090,3264,524,0.4807339608669281,4,0.505859375,0.39566531777381897,0.3772179614238596,0.01844736933708191,0.6075524091720581
0.25,209,33,64,0.393573135137558,1090,3264,492,0.45137614011764526,4,0.4931640625,0.3876008093357086,0.3772179614238596,0.010382860898971558,0.6649394631385803
0.25,210,33,64,0.43897801637649536,1090,3264,484,0.44403669238090515,4,0.494140625,0.3719758093357086,0.3772179614238596,-0.005242139101028442,0.5424197912216187
0.25,211,33,64,0.36816272139549255,1090,3264,494,0.4532110095024109,4,0.4990234375,0.3765120804309845,0.3772179614238596,-0.0007058680057525635,0.7661751508712769
0.25,212,33,64,0.3915705978870392,1090,3264,484,0.44403669238090515,4,0.5087890625,0.38306450843811035,0.3772179614238596,0.005846560001373291,0.6433243751525879
0.25,213,33,64,0.4429951608181,1090,3264,484,0.44403669238090515,4,0.5048828125,0.38508063554763794,0.3772179614238596,0.007862687110900879,0.5996283888816833
0.25,214,33,64,0.3641223609447479,1090,3264,454,0.4165137708187103,4,0.490234375,0.3639112710952759,0.3772179614238596,-0.013306677341461182,0.8065211772918701
0.25,215,33,64,0.4161454737186432,1090,3264,500,0.4587155878543854,4,0.5107421875,0.38306450843811035,0.3772179614238596,0.005846560001373291,0.6979794502258301
0.25,216,33,64,0.39742591977119446,1090,3264,484,0.44403669238090515,4,0.5087890625,0.3739919364452362,0.3772179614238596,-0.0032260119915008545,0.5742371082305908
0.25,217,33,64,0.39990952610969543,1090,3264,484,0.44403669238090515,4,0.501953125,0.36895158886909485,0.3772179614238596,-0.008266359567642212,0.6025485992431641
0.25,218,33,64,0.4068118929862976,1090,3264,486,0.4458715617656708,4,0.49609375,0.36995965242385864,0.3772179614238596,-0.007258296012878418,0.6336851716041565
0.25,219,33,64,0.35367003083229065,1090,3264,474,0.4348623752593994,4,0.494140625,0.3744959533214569,0.3772179614238596,-0.0027219951152801514,0.7227723598480225
0.25,220,33,64,0.4022860527038574,1090,3264,436,0.4000000059604645,4,0.505859375,0.36945563554763794,0.3772179614238596,-0.007762312889099121,0.5629400014877319
0.25,221,33,64,0.3979841470718384,1090,3264,430,0.39449542760849,4,0.5029296875,0.3598790168762207,0.3772179614238596,-0.017338931560516357,0.672825813293457
0.25,222,33,64,0.4045149087905884,1090,3264,472,0.4330275356769562,4,0.49609375,0.3729838728904724,0.3772179614238596,-0.0042340755462646484,0.6755543947219849
0.25,223,33,64,0.38916918635368347,1090,3264,486,0.4458715617656708,4,0.5185546875,0.3780241906642914,0.3772179614238596,0.0008062422275543213,0.5697164535522461
0.25,224,33,64,0.39708569645881653,1090,3264,494,0.4532110095024109,4,0.5146484375,0.3709677457809448,0.3772179614238596,-0.006250202655792236,0.5477745532989502
0.25,225,33,64,0.3820345401763916,1090,3264,480,0.4403669834136963,4,0.50390625,0.3886088728904724,0.3772179614238596,0.011390924453735352,0.689617931842804
0.25,226,33,64,0.41309207677841187,1090,3264,472,0.4330275356769562,4,0.4833984375,0.3724798262119293,0.3772179614238596,-0.004738122224807739,0.5868097543716431
0.25,227,33,64,0.38214847445487976,1090,3264,488,0.4477064311504364,4,0.5078125,0.3629032075405121,0.3772179614238596,-0.014314740896224976,0.7596176862716675
0.25,228,33,64,0.38324853777885437,1090,3264,494,0.4532110095024109,4,0.4931640625,0.36643144488334656,0.3772179614238596,-0.010786503553390503,0.6964938044548035
0.25,229,33,64,0.3925640881061554,1090,3264,500,0.4587155878543854,4,0.5068359375,0.3775201439857483,0.3772179614238596,0.00030219554901123047,0.702295184135437
0.25,230,33,64,0.3495825529098511,1090,3264,454,0.4165137708187103,4,0.5107421875,0.3755040168762207,0.3772179614238596,-0.0017139315605163574,0.7827664613723755
0.25,231,33,64,0.3540191650390625,1090,3264,460,0.4220183491706848,4,0.517578125,0.3755040168762207,0.3772179614238596,-0.0017139315605163574,0.8296501636505127
0.25,232,33,64,0.37247294187545776,1090,3264,468,0.4293577969074249,4,0.4990234375,0.3719758093357086,0.3772179614238596,-0.005242139101028442,0.8232738971710205
0.25,233,33,64,0.45260488986968994,1090,3264,468,0.4293577969074249,4,0.5087890625,0.36995965242385864,0.3772179614238596,-0.007258296012878418,0.555235743522644
0.25,234,33,64,0.4277162253856659,1090,3264,506,0.46422019600868225,4,0.5185546875,0.3870967626571655,0.3772179614238596,0.009878814220428467,0.5704175233840942
0.25,235,33,64,0.3887060284614563,1090,3264,512,0.46972477436065674,4,0.501953125,0.38558465242385864,0.3772179614238596,0.008366703987121582,0.6458847522735596
0.25,236,33,64,0.3414948582649231,1090,3264,470,0.43119266629219055,4,0.50390625,0.38306450843811035,0.3772179614238596,0.005846560001373291,0.8363324403762817
0.25,237,33,64,0.34586456418037415,1090,3264,482,0.4422018527984619,4,0.49609375,0.3724798262119293,0.3772179614238596,-0.004738122224807739,0.7058093547821045
0.25,238,33,64,0.38994985818862915,1090,3264,478,0.43853211402893066,4,0.5087890625,0.36995965242385864,0.3772179614238596,-0.007258296012878418,0.7101979851722717
0.25,239,33,64,0.3308694660663605,1090,3264,454,0.4165137708187103,4,0.5009765625,0.36441531777381897,0.3772179614238596,-0.01280263066291809,0.8333293199539185
0.25,240,33,64,0.36315077543258667,1090,3264,486,0.4458715617656708,4,0.4990234375,0.3946572542190552,0.3772179614238596,0.017439305782318115,0.6963691711425781
0.25,241,33,64,0.40339550375938416,1090,3264,440,0.40366971492767334,4,0.4912109375,0.38659271597862244,0.3772179614238596,0.009374767541885376,0.5928225517272949
0.25,242,33,64,0.38697612285614014,1090,3264,460,0.4220183491706848,4,0.52734375,0.3775201439857483,0.3772179614238596,0.00030219554901123047,0.6368168592453003
0.25,243,33,64,0.3909016251564026,1090,3264,518,0.4752293527126312,4,0.5029296875,0.4027217626571655,0.3772179614238596,0.025503814220428467,0.6534512639045715
0.25,244,33,64,0.40672817826271057,1090,3264,472,0.4330275356769562,4,0.48828125,0.3558467626571655,0.3772179614238596,-0.021371185779571533,0.7280359864234924
0.25,245,33,64,0.37841856479644775,1090,3264,472,0.4330275356769562,4,0.4970703125,0.36895158886909485,0.3772179614238596,-0.008266359567642212,0.7527729272842407
0.25,246,33,64,0.4004252552986145,1090,3264,454,0.4165137708187103,4,0.4833984375,0.35383063554763794,0.3772179614238596,-0.02338731288909912,0.6423193216323853
0.25,247,33,64,0.4106066823005676,1090,3264,486,0.4458715617656708,4,0.498046875,0.38407257199287415,0.3772179614238596,0.006854623556137085,0.6159061193466187
0.25,248,33,64,0.38945478200912476,1090,3264,464,0.42568808794021606,4,0.501953125,0.38306450843811035,0.3772179614238596,0.005846560001373291,0.6117751598358154
0.25,249,33,64,0.4141446053981781,1090,3264,482,0.4422018527984619,4,0.5048828125,0.38104838132858276,0.3772179614238596,0.003830432891845703,0.5534271001815796
0.25,250,33,64,0.39795732498168945,1090,3264,442,0.40550458431243896,4,0.4853515625,0.3649193346500397,0.3772179614238596,-0.012298613786697388,0.5558210015296936
0.25,251,33,64,0.35774892568588257,1090,3264,484,0.44403669238090515,4,0.5068359375,0.3775201439857483,0.3772179614238596,0.00030219554901123047,0.8144688606262207
0.25,252,33,64,0.4065656065940857,1090,3264,504,0.4623853266239166,4,0.501953125,0.3881048262119293,0.3772179614238596,0.01088687777519226,0.6267293691635132
0.25,253,33,64,0.35289889574050903,1090,3264,488,0.4477064311504364,4,0.494140625,0.3876008093357086,0.3772179614238596,0.010382860898971558,0.7713112235069275
0.25,254,33,64,0.3920557200908661,1090,3264,476,0.43669724464416504,4,0.5029296875,0.3795362710952759,0.3772179614238596,0.0023183226585388184,0.7197722792625427
0.25,255,33,64,0.3789120018482208,1090,3264,492,0.45137614011764526,4,0.4873046875,0.38457658886909485,0.3772179614238596,0.007358640432357788,0.7416825294494629
0.25,0,65,64,0.3655489385128021,4226,12672,1984,0.4694746732711792,4,0.498779296875,0.4207589626312256,0.4229284810533188,-0.0021695196628570557,0.494753360748291
0.25,1,65,64,0.38759952783584595,4226,12672,1950,0.461429238319397,4,0.50634765625,0.4309276044368744,0.4229284810533188,0.007999122142791748,0.39565083384513855
0.25,2,65,64,0.3807017505168915,4226,12672,2002,0.4737340211868286,4,0.502197265625,0.42658731341362,0.4229284810533188,0.0036588311195373535,0.42442411184310913
0.25,3,65,64,0.4059389531612396,4226,12672,1976,0.4675816297531128,4,0.50048828125,0.4244791865348816,0.4229284810533188,0.0015507042407989502,0.43161773681640625
0.25,4,65,64,0.3800725042819977,4226,12672,2006,0.4746805429458618,4,0.509765625,0.4215030074119568,0.4229284810533188,-0.0014254748821258545,0.4344506561756134
0.25,5,65,64,0.39327728748321533,4226,12672,1974,0.4671083688735962,4,0.504638671875,0.4270833432674408,0.4229284810533188,0.004154860973358154,0.44787120819091797
0.25,6,65,64,0.3936527669429779,4226,12672,1988,0.4704211950302124,4,0.49560546875,0.4295635223388672,0.4229284810533188,0.006635040044784546,0.4491124749183655
0.25,7,65,64,0.38878265023231506,4226,12672,2110,0.4992901086807251,4,0.498291015625,0.427579402923584,0.4229284810533188,0.004650920629501343,0.4299132823944092
0.25,8,65,64,0.3862205743789673,4226,12672,2034,0.48130619525909424,4,0.498291015625,0.4260912835597992,0.4229284810533188,0.0031628012657165527,0.39580321311950684
0.25,9,65,64,0.4046556055545807,4226,12672,2072,0.49029815196990967,4,0.5029296875,0.4257192611694336,0.4229284810533188,0.002790778875350952,0.3549762964248657
0.25,10,65,64,0.37263792753219604,4226,12672,2112,0.4997633695602417,4,0.5,0.4238591492176056,0.4229284810533188,0.0009306669235229492,0.44994914531707764
0.25,11,65,64,0.39374005794525146,4226,12672,1964,0.4647420644760132,4,0.50048828125,0.425967276096344,0.4229284810533188,0.0030387938022613525,0.3922978341579437
0.25,12,65,64,0.39085853099823,4226,12672,1972,0.4666351079940796,4,0.5,0.409102201461792,0.4229284810533188,-0.01382628083229065,0.40447232127189636
0.25,13,65,64,0.3888036608695984,4226,12672,2014,0.4765735864639282,4,0.49560546875,0.421006977558136,0.4229284810533188,-0.0019215047359466553,0.4051351845264435
0.25,14,65,64,0.39279264211654663,4226,12672,2080,0.4921911954879761,4,0.5009765625,0.4311756193637848,0.4229284810533188,0.008247137069702148,0.3876124620437622
0.25,15,65,64,0.4213724434375763,4226,12672,1978,0.4680548906326294,4,0.50439453125,0.4196428954601288,0.4229284810533188,-0.0032855868339538574,0.39253783226013184
0.25,16,65,64,0.39795511960983276,4226,12672,1984,0.4694746732711792,4,0.501708984375,0.419394850730896,0.4229284810533188,-0.0035336315631866455,0.4273366928100586
0.25,17,65,64,0.4179712235927582,4226,12672,1940,0.45906293392181396,4,0.504638671875,0.4177827537059784,0.4229284810533188,-0.005145728588104248,0.39004430174827576
0.25,18,65,64,0.36675652861595154,4226,12672,2004,0.4742072820663452,4,0.50634765625,0.4224950671195984,0.4229284810533188,-0.00043341517448425293,0.48180150985717773
0.25,19,65,64,0.3664345145225525,4226,12672,1940,0.45906293392181396,4,0.507080078125,0.4227430820465088,0.4229284810533188,-0.00018540024757385254,0.4417031407356262
0.25,20,65,64,0.39767828583717346,4226,12672,2010,0.475627064704895,4,0.5,0.4160466492176056,0.4229284810533188,-0.006881833076477051,0.36648309230804443
0.25,21,65,64,0.37712958455085754,4226,12672,2020,0.477993369102478,4,0.4951171875,0.4322916865348816,0.4229284810533188,0.00936320424079895,0.4455111026763916
0.25,22,65,64,0.3649701476097107,4226,12672,1958,0.4633222818374634,4,0.5068359375,0.4201389253139496,0.4229284810533188,-0.0027895569801330566,0.4131379723548889
0.25,23,65,64,0.4424256384372711,4226,12672,2008,0.4751538038253784,4,0.502685546875,0.4143105447292328,0.4229284810533188,-0.008617937564849854,0.319679319858551
0.25,24,65,64,0.3867349922657013,4226,12672,2004,0.4742072820663452,4,0.497802734375,0.419394850730896,0.4229284810533188,-0.0035336315631866455,0.4148794412612915
0.25,25,65,64,0.36040157079696655,4226,12672,2012,0.4761003255844116,4,0.50341796875,0.422247052192688,0.4229284810533188,-0.0006814301013946533,0.425571084022522
0.25,26,65,64,0.4019794762134552,4226,12672,2058,0.48698532581329346,4,0.5,0.4298115372657776,0.4229284810533188,0.006883054971694946,0.37054622173309326
0.25,27,65,64,0.4036257565021515,4226,12672,1904,0.45054423809051514,4,0.499755859375,0.416294664144516,0.4229284810533188,-0.00663381814956665,0.4544795751571655
0.25,28,65,64,0.37448281049728394,4226,12672,1960,0.46379554271698,4,0.49365234375,0.4303075671195984,0.4229284810533188,0.007379084825515747,0.43774425983428955
0.25,29,65,64,0.3783993124961853,4226,12672,1982,0.4690014123916626,4,0.50244140625,0.4278274178504944,0.4229284810533188,0.004898935556411743,0.39827558398246765
0.25,30,65,64,0.3850195109844208,4226,12672,1890,0.4472314119338989,4,0.494873046875,0.41567462682724,0.4229284810533188,-0.007253855466842651,0.42951422929763794
0.25,31,65,64,0.36503762006759644,4226,12672,2030,0.48035967350006104,4,0.5009765625,0.4286954700946808,0.4229284810533188,0.0057669878005981445,0.41430604457855225
0.25,32,65,64,0.328599750995636,4226,12672,1952,0.4619024991989136,4,0.49365234375,0.421006977558136,0.4229284810533188,-0.0019215047359466553,0.5057030320167542
0.25,33,65,64,0.4244906008243561,4226,12672,1988,0.4704211950302124,4,0.49462890625,0.4239831566810608,0.4229284810533188,0.0010546743869781494,0.3618321418762207
0.25,34,65,64,0.394096702337265,4226,12672,2010,0.475627064704895,4,0.499755859375,0.4305555820465088,0.4229284810533188,0.0076270997524261475,0.4122234880924225
0.25,35,65,64,0.37049755454063416,4226,12672,1978,0.4680548906326294,4,0.493408203125,0.4254712462425232,0.4229284810533188,0.0025427639484405518,0.4416281282901764
0.25,36,65,64,0.38079729676246643,4226,12672,1988,0.4704211950302124,4,0.50634765625,0.4215030074119568,0.4229284810533188,-0.0014254748821258545,0.4509293735027313
0.25,37,65,64,0.4411279261112213,4226,12672,2016,0.4770468473434448,4,0.494140625,0.4236111342906952,0.4229284810533188,0.0006826519966125488,0.3231367766857147
0.25,38,65,64,0.360850065946579,4226,12672,2010,0.475627064704895,4,0.4970703125,0.4166666865348816,0.4229284810533188,-0.00626179575920105,0.46838071942329407
0.25,39,65,64,0.3633270263671875,4226,12672,2026,0.47941315174102783,4,0.50244140625,0.4236111342906952,0.4229284810533188,0.0006826519966125488,0.4606970548629761
0.25,40,65,64,0.3915051221847534,4226,12672,2036,0.48177945613861084,4,0.498291015625,0.419394850730896,0.4229284810533188,-0.0035336315631866455,0.45107337832450867
0.25,41,65,64,0.3868161141872406,4226,12672,1974,0.4671083688735962,4,0.491455078125,0.419766902923584,0.4229284810533188,-0.0031615793704986572,0.4484157860279083
0.25,42,65,64,0.4366123676300049,4226,12672,1998,0.4727874994277954,4,0.493408203125,0.4255952537059784,0.4229284810533188,0.002666771411895752,0.41828465461730957
0.25,43,65,64,0.3989824652671814,4226,12672,1986,0.4699479341506958,4,0.498291015625,0.4211309850215912,0.4229284810533188,-0.001797497272491455,0.3439818322658539
0.25,44,65,64,0.3583175837993622,4226,12672,2018,0.4775201082229614,4,0.50439453125,0.4198909103870392,0.4229284810533188,-0.003037571907043457,0.5377427339553833
0.25,45,65,64,0.4138611853122711,4226,12672,2018,0.4775201082229614,4,0.5009765625,0.4317956566810608,0.4229284810533188,0.00886717438697815,0.37875133752822876
0.25,46,65,64,0.39618706703186035,4226,12672,1990,0.470894455909729,4,0.5009765625,0.41877481341362,0.4229284810533188,-0.0041536688804626465,0.46149742603302
0.25,47,65,64,0.3649049401283264,4226,12672,1998,0.4727874994277954,4,0.49462890625,0.4298115372657776,0.4229284810533188,0.006883054971694946,0.40771859884262085
0.25,48,65,64,0.38508084416389465,4226,12672,2006,0.4746805429458618,4,0.498046875,0.430679589509964,0.4229284810533188,0.007751107215881348,0.4328251779079437
0.25,49,65,64,0.3996982276439667,4226,12672,2010,0.475627064704895,4,0.509033203125,0.41877481341362,0.4229284810533188,-0.0041536688804626465,0.3565348982810974
0.25,50,65,64,0.3817378878593445,4226,12672,2006,0.4746805429458618,4,0.499267578125,0.4195188879966736,0.4229284810533188,-0.0034095942974090576,0.4006553292274475
0.25,51,65,64,0.3929980993270874,4226,12672,1978,0.4680548906326294,4,0.50537109375,0.414434552192688,0.4229284810533188,-0.008493930101394653,0.38673126697540283
0.25,52,65,64,0.3495108187198639,4226,12672,2004,0.4742072820663452,4,0.497802734375,0.4238591492176056,0.4229284810533188,0.0009306669235229492,0.48167210817337036
0.25,53,65,64,0.425251305103302,4226,12672,2042,0.48319923877716064,4,0.499267578125,0.425347238779068,0.4229284810533188,0.0024187564849853516,0.3693455457687378
0.25,54,65,64,0.35769256949424744,4226,12672,1986,0.4699479341506958,4,0.48876953125,0.4299355447292328,0.4229284810533188,0.0070070624351501465,0.4568955898284912
0.25,55,65,64,0.4158563017845154,4226,12672,1992,0.4713677167892456,4,0.5029296875,0.427579402923584,0.4229284810533188,0.004650920629501343,0.40673500299453735
0.25,56,65,64,0.4101630449295044,4226,12672,2008,0.4751538038253784,4,0.495849609375,0.4324156939983368,0.4229284810533188,0.00948721170425415,0.3769678771495819
0.25,57,65,64,0.39402157068252563,4226,12672,1986,0.4699479341506958,4,0.501220703125,0.4177827537059784,0.4229284810533188,-0.005145728588104248,0.3926089406013489
0.25,58,65,64,0.38700345158576965,4226,12672,1982,0.4690014123916626,4,0.495849609375,0.4198909103870392,0.4229284810533188,-0.003037571907043457,0.46345382928848267
0.25,59,65,64,0.38379931449890137,4226,12672,1966,0.4652153253555298,4,0.49462890625,0.4226190745830536,0.4229284810533188,-0.00030940771102905273,0.43676838278770447
0.25,60,65,64,0.4070795774459839,4226,12672,2006,0.4746805429458618,4,0.499267578125,0.4157986342906952,0.4229284810533188,-0.007129848003387451,0.3669460117816925
0.25,61,65,64,0.386160284280777,4226,12672,1974,0.4671083688735962,4,0.498046875,0.4232391119003296,0.4229284810533188,0.00031062960624694824,0.4158695638179779
0.25,62,65,64,0.3736749589443207,4226,12672,1982,0.4690014123916626,4,0.4931640625,0.4231151044368744,0.4229284810533188,0.00018662214279174805,0.4684414267539978
0.25,63,65,64,0.3847118616104126,4226,12672,2024,0.47893989086151123,4,0.501220703125,0.42819944024086,0.4229284810533188,0.005270957946777344,0.4254797697067261
0.25,64,65,64,0.35620272159576416,4226,12672,1978,0.4680548906326294,4,0.49755859375,0.408482164144516,0.4229284810533188,-0.01444631814956665,0.5153822898864746
0.25,65,65,64,0.3999272286891937,4226,12672,2040,0.48272597789764404,4,0.4951171875,0.424727201461792,0.4229284810533188,0.0017987191677093506,0.3789447546005249
0.25,66,65,64,0.4200102686882019,4226,12672,2004,0.4742072820663452,4,0.4921875,0.4182787835597992,0.4229284810533188,-0.004649698734283447,0.3964957892894745
0.25,67,65,64,0.3580363690853119,4226,12672,2026,0.47941315174102783,4,0.503662109375,0.419766902923584,0.4229284810533188,-0.0031615793704986572,0.4872264266014099
0.25,68,65,64,0.3233315050601959,4226,12672,2034,0.48130619525909424,4,0.487548828125,0.4264633059501648,0.4229284810533188,0.0035348236560821533,0.5392012596130371
0.25,69,65,64,0.42913755774497986,4226,12672,1980,0.468528151512146,4,0.5087890625,0.4172867238521576,0.4229284810533188,-0.005641758441925049,0.3591732084751129
0.25,70,65,64,0.3541579842567444,4226,12672,2000,0.473260760307312,4,0.497802734375,0.4140625298023224,0.4229284810533188,-0.008865952491760254,0.44430267810821533
0.25,71,65,64,0.442121297121048,4226,12672,1958,0.4633222818374634,4,0.502685546875,0.4185267984867096,0.4229284810533188,-0.004401683807373047,0.30438947677612305
0.25,72,65,64,0.3603878319263458,4226,12672,2026,0.47941315174102783,4,0.504150390625,0.41877481341362,0.4229284810533188,-0.0041536688804626465,0.4078095853328705
0.25,73,65,64,0.38861092925071716,4226,12672,2050,0.48509228229522705,4,0.505126953125,0.4326637089252472,0.4229284810533188,0.00973522663116455,0.40907561779022217
0.25,74,65,64,0.358854204416275,4226,12672,1964,0.4647420644760132,4,0.501953125,0.4176587462425232,0.4229284810533188,-0.005269736051559448,0.4355742335319519
0.25,75,65,64,0.39363545179367065,4226,12672,2032,0.48083293437957764,4,0.490478515625,0.422247052192688,0.4229284810533188,-0.0006814301013946533,0.4219708740711212
0.25,76,65,64,0.42020943760871887,4226,12672,1986,0.4699479341506958,4,0.503173828125,0.4277034103870392,0.4229284810533188,0.004774928092956543,0.3603699505329132
0.25,77,65,64,0.4097346365451813,4226,12672,1998,0.4727874994277954,4,0.493408203125,0.4191468358039856,0.4229284810533188,-0.003781646490097046,0.43242794275283813
0.25,78,65,64,0.38754191994667053,4226,12672,2018,0.4775201082229614,4,0.490478515625,0.4165426790714264,0.4229284810533188,-0.00638580322265625,0.3718295991420746
0.25,79,65,64,0.3960403800010681,4226,12672,1978,0.4680548906326294,4,0.50341796875,0.4239831566810608,0.4229284810533188,0.0010546743869781494,0.3452819883823395
0.25,80,65,64,0.4154689908027649,4226,12672,1984,0.4694746732711792,4,0.497802734375,0.4211309850215912,0.4229284810533188,-0.001797497272491455,0.39913469552993774
0.25,81,65,64,0.39805281162261963,4226,12672,2046,0.48414576053619385,4,0.50830078125,0.4290674924850464,0.4229284810533188,0.006139010190963745,0.38650548458099365
0.25,82,65,64,0.45193904638290405,4226,12672,1990,0.470894455909729,4,0.50830078125,0.4233631193637848,0.4229284810533188,0.00043463706970214844,0.27317583560943604
0.25,83,65,64,0.35957419872283936,4226,12672,1974,0.4671083688735962,4,0.49365234375,0.4171627163887024,0.4229284810533188,-0.005765765905380249,0.47466814517974854
0.25,84,65,64,0.3882417380809784,4226,12672,2046,0.48414576053619385,4,0.505126953125,0.4219990372657776,0.4229284810533188,-0.0009294450283050537,0.42676427960395813
0.25,85,65,64,0.40185806155204773,4226,12672,1994,0.4718409776687622,4,0.50048828125,0.4239831566810608,0.4229284810533188,0.0010546743869781494,0.4643089771270752
0.25,86,65,64,0.3877423107624054,4226,12672,2054,0.48603880405426025,4,0.498779296875,0.4224950671195984,0.4229284810533188,-0.00043341517448425293,0.40925514698028564
0.25,87,65,64,0.38593941926956177,4226,12672,2004,0.4742072820663452,4,0.495361328125,0.4258432686328888,0.4229284810533188,0.0029147863388061523,0.4493524134159088
0.25,88,65,64,0.3908825218677521,4226,12672,1996,0.4723142385482788,4,0.497802734375,0.427579402923584,0.4229284810533188,0.004650920629501343,0.38472074270248413
0.25,89,65,64,0.4033872187137604,4226,12672,2064,0.48840510845184326,4,0.493408203125,0.4280754327774048,0.4229284810533188,0.0051469504833221436,0.4341484010219574
0.25,90,65,64,0.3869059979915619,4226,12672,1980,0.468528151512146,4,0.51025390625,0.4258432686328888,0.4229284810533188,0.0029147863388061523,0.3863999545574188
0.25,91,65,64,0.3965863883495331,4226,12672,1972,0.4666351079940796,4,0.496826171875,0.416914701461792,0.4229284810533188,-0.006013780832290649,0.3889865279197693
0.25,92,65,64,0.38925600051879883,4226,12672,2052,0.48556554317474365,4,0.502197265625,0.4365079700946808,0.4229284810533188,0.013579487800598145,0.4016607999801636
0.25,93,65,64,0.3842599391937256,4226,12672,1932,0.45716989040374756,4,0.491943359375,0.4133184850215912,0.4229284810533188,-0.009609997272491455,0.4461684226989746
0.25,94,65,64,0.33570581674575806,4226,12672,2042,0.48319923877716064,4,0.496826171875,0.4207589626312256,0.4229284810533188,-0.0021695196628570557,0.5467218160629272
0.25,95,65,64,0.3811403810977936,4226,12672,2022,0.47846662998199463,4,0.500732421875,0.4151785969734192,0.4229284810533188,-0.007749885320663452,0.4222341477870941
0.25,96,65,64,0.35284000635147095,4226,12672,2026,0.47941315174102783,4,0.4931640625,0.4218750298023224,0.4229284810533188,-0.001053452491760254,0.5096745491027832
0.25,97,65,64,0.4053555130958557,4226,12672,1950,0.461429238319397,4,0.49755859375,0.421627014875412,0.4229284810533188,-0.0013014674186706543,0.3924819529056549
0.25,98,65,64,0.400675892829895,4226,12672,2000,0.473260760307312,4,0.50390625,0.4217510223388672,0.4229284810533188,-0.001177459955215454,0.4106515049934387
0.25,99,65,64,0.35897788405418396,4226,12672,1984,0.4694746732711792,4,0.501220703125,0.4188988208770752,0.4229284810533188,-0.004029661417007446,0.5231338739395142
0.25,100,65,64,0.40019431710243225,4226,12672,2024,0.47893989086151123,4,0.5078125,0.4335317611694336,0.4229284810533188,0.010603278875350952,0.38237249851226807
0.25,101,65,64,0.36273300647735596,4226,12672,2016,0.4770468473434448,4,0.498291015625,0.4213789999485016,0.4229284810533188,-0.0015494823455810547,0.4806601405143738
0.25,102,65,64,0.3869919180870056,4226,12672,1986,0.4699479341506958,4,0.503173828125,0.4151785969734192,0.4229284810533188,-0.007749885320663452,0.4278668761253357
0.25,103,65,64,0.3862994313240051,4226,12672,1980,0.468528151512146,4,0.4970703125,0.4145585596561432,0.4229284810533188,-0.008369922637939453,0.4643899202346802
0.25,104,65,64,0.38912421464920044,4226,12672,2058,0.48698532581329346,4,0.499755859375,0.4295635223388672,0.4229284810533188,0.006635040044784546,0.41978856921195984
0.25,105,65,64,0.3908662497997284,4226,12672,2000,0.473260760307312,4,0.50390625,0.4346478283405304,0.4229284810533188,0.011719346046447754,0.41538965702056885
0.25,106,65,64,0.3529558777809143,4226,12672,1964,0.4647420644760132,4,0.4970703125,0.4198909103870392,0.4229284810533188,-0.003037571907043457,0.5227950215339661
0.25,107,65,64,0.3617812991142273,4226,12672,2016,0.4770468473434448,4,0.50244140625,0.4218750298023224,0.4229284810533188,-0.001053452491760254,0.42429104447364807
0.25,108,65,64,0.35975533723831177,4226,12672,2014,0.4765735864639282,4,0.50341796875,0.42348712682724,0.4229284810533188,0.0005586445331573486,0.4689837098121643
0.25,109,65,64,0.39781641960144043,4226,12672,2006,0.4746805429458618,4,0.50244140625,0.4243551790714264,0.4229284810533188,0.00142669677734375,0.3760080933570862
0.25,110,65,64,0.3632030785083771,4226,12672,2000,0.473260760307312,4,0.50146484375,0.4252232313156128,0.4229284810533188,0.0022947490215301514,0.4031183123588562
0.25,111,65,64,0.4156017601490021,4226,12672,2034,0.48130619525909424,4,0.507080078125,0.4157986342906952,0.4229284810533188,-0.007129848003387451,0.3670658469200134
0.25,112,65,64,0.40289896726608276,4226,12672,2008,0.4751538038253784,4,0.502685546875,0.4110863208770752,0.4229284810533188,-0.011842161417007446,0.43334531784057617
0.25,113,65,64,0.41168761253356934,4226,12672,2006,0.4746805429458618,4,0.50341796875,0.42038694024086,0.4229284810533188,-0.0025415420532226562,0.3765261471271515
0.25,114,65,64,0.3693370223045349,4226,12672,2028,0.47988641262054443,4,0.4912109375,0.4213789999485016,0.4229284810533188,-0.0015494823455810547,0.4551697075366974
0.25,115,65,64,0.3501738905906677,4226,12672,1950,0.461429238319397,4,0.495849609375,0.4231151044368744,0.4229284810533188,0.00018662214279174805,0.4656040668487549
0.25,116,65,64,0.3962731659412384,4226,12672,1970,0.466161847114563,4,0.50390625,0.4198909103870392,0.4229284810533188,-0.003037571907043457,0.4234689772129059
0.25,117,65,64,0.39522629976272583,4226,12672,2020,0.477993369102478,4,0.499755859375,0.4237351417541504,0.4229284810533188,0.000806659460067749,0.40789729356765747
0.25,118,65,64,0.36128726601600647,4226,12672,1984,0.4694746732711792,4,0.48974609375,0.4218750298023224,0.4229284810533188,-0.001053452491760254,0.4840560257434845
0.25,119,65,64,0.4214571416378021,4226,12672,1998,0.4727874994277954,4,0.497802734375,0.4190228283405304,0.4229284810533188,-0.003905653953552246,0.34741926193237305
0.25,120,65,64,0.37592214345932007,4226,12672,1974,0.4671083688735962,4,0.5009765625,0.4334077537059784,0.4229284810533188,0.010479271411895752,0.4464837610721588
0.25,121,65,64,0.3807297945022583,4226,12672,1984,0.4694746732711792,4,0.49755859375,0.4114583432674408,0.4229284810533188,-0.011470139026641846,0.4327039122581482
0.25,122,65,64,0.4010879695415497,4226,12672,1994,0.4718409776687622,4,0.505126953125,0.429439514875412,0.4229284810533188,0.006511032581329346,0.38340654969215393
0.25,123,65,64,0.4061153829097748,4226,12672,1924,0.45527684688568115,4,0.501220703125,0.421627014875412,0.4229284810533188,-0.0013014674186706543,0.4321393668651581
0.25,124,65,64,0.3975115418434143,4226,12672,2008,0.4751538038253784,4,0.50048828125,0.4264633059501648,0.4229284810533188,0.0035348236560821533,0.4233662188053131
0.25,125,65,64,0.3917102515697479,4226,12672,1976,0.4675816297531128,4,0.4970703125,0.41567462682724,0.4229284810533188,-0.007253855466842651,0.4150749444961548
0.25,126,65,64,0.364175021648407,4226,12672,1990,0.470894455909729,4,0.495849609375,0.41877481341362,0.4229284810533188,-0.0041536688804626465,0.49568748474121094
0.25,127,65,64,0.4045167565345764,4226,12672,2012,0.4761003255844116,4,0.500732421875,0.4215030074119568,0.4229284810533188,-0.0014254748821258545,0.340750515460968
0.25,128,65,64,0.4045400321483612,4226,12672,1992,0.4713677167892456,4,0.51123046875,0.4201389253139496,0.4229284810533188,-0.0027895569801330566,0.3749772310256958
0.25,129,65,64,0.4216007888317108,4226,12672,2064,0.48840510845184326,4,0.505615234375,0.4206349551677704,0.4229284810533188,-0.002293527126312256,0.3783201575279236
0.25,130,65,64,0.45444455742836,4226,12672,2018,0.4775201082229614,4,0.50634765625,0.4269593358039856,0.4229284810533188,0.004030853509902954,0.2573220133781433
0.25,131,65,64,0.3545743525028229,4226,12672,2010,0.475627064704895,4,0.49365234375,0.432539701461792,0.4229284810533188,0.00961121916770935,0.45055025815963745
0.25,132,65,64,0.39632803201675415,4226,12672,1954,0.4623757600784302,4,0.496337890625,0.4167906939983368,0.4229284810533188,-0.00613778829574585,0.38352110981941223
0.25,133,65,64,0.3919302821159363,4226,12672,1960,0.46379554271698,4,0.4990234375,0.4153026044368744,0.4229284810533188,-0.007625877857208252,0.4526880979537964
0.25,134,65,64,0.37160903215408325,4226,12672,2030,0.48035967350006104,4,0.4951171875,0.4248512089252472,0.4229284810533188,0.0019227266311645508,0.4530388414859772
0.25,135,65,64,0.34729182720184326,4226,12672,2046,0.48414576053619385,4,0.509765625,0.4260912835597992,0.4229284810533188,0.0031628012657165527,0.43148335814476013
0.25,136,65,64,0.3769993185997009,4226,12672,2030,0.48035967350006104,4,0.493896484375,0.4188988208770752,0.4229284810533188,-0.004029661417007446,0.4540325403213501
0.25,137,65,64,0.3905695676803589,4226,12672,2028,0.47988641262054443,4,0.49609375,0.4296875298023224,0.4229284810533188,0.006759047508239746,0.3913728594779968
0.25,138,65,64,0.3793453574180603,4226,12672,2016,0.4770468473434448,4,0.50146484375,0.4223710596561432,0.4229284810533188,-0.0005574226379394531,0.4154244065284729
0.25,139,65,64,0.40395718812942505,4226,12672,2028,0.47988641262054443,4,0.50341796875,0.4242311716079712,0.4229284810533188,0.0013026893138885498,0.40765082836151123
0.25,140,65,64,0.4050529897212982,4226,12672,1990,0.470894455909729,4,0.5009765625,0.4124504327774048,0.4229284810533188,-0.010478049516677856,0.39088964462280273
0.25,141,65,64,0.3995441198348999,4226,12672,1972,0.4666351079940796,4,0.494873046875,0.4153026044368744,0.4229284810533188,-0.007625877857208252,0.4522377848625183
0.25,142,65,64,0.413481742143631,4226,12672,2012,0.4761003255844116,4,0.49658203125,0.4316716492176056,0.4229284810533188,0.00874316692352295,0.4472358822822571
0.25,143,65,64,0.39907822012901306,4226,12672,1946,0.46048271656036377,4,0.500732421875,0.4206349551677704,0.4229284810533188,-0.002293527126312256,0.401120126247406
0.25,144,65,64,0.40891385078430176,4226,12672,2018,0.4775201082229614,4,0.4990234375,0.432539701461792,0.4229284810533188,0.00961121916770935,0.3730141520500183
0.25,145,65,64,0.3759469985961914,4226,12672,2006,0.4746805429458618,4,0.50341796875,0.4221230447292328,0.4229284810533188,-0.0008054375648498535,0.4902570843696594
0.25,146,65,64,0.3841104805469513,4226,12672,2012,0.4761003255844116,4,0.498779296875,0.41257444024086,0.4229284810533188,-0.010354042053222656,0.41054636240005493
0.25,147,65,64,0.3864784240722656,4226,12672,1992,0.4713677167892456,4,0.50244140625,0.4299355447292328,0.4229284810533188,0.0070070624351501465,0.44129669666290283
0.25,148,65,64,0.3851546347141266,4226,12672,1980,0.468528151512146,4,0.4990234375,0.4233631193637848,0.4229284810533188,0.00043463706970214844,0.3952491283416748
0.25,149,65,64,0.4016958177089691,4226,12672,1928,0.45622336864471436,4,0.50341796875,0.4190228283405304,0.4229284810533188,-0.003905653953552246,0.3732469081878662
0.25,150,65,64,0.4080604910850525,4226,12672,2012,0.4761003255844116,4,0.49951171875,0.421006977558136,0.4229284810533188,-0.0019215047359466553,0.3209288418292999
0.25,151,65,64,0.35648155212402344,4226,12672,2002,0.4737340211868286,4,0.503173828125,0.4172867238521576,0.4229284810533188,-0.005641758441925049,0.41689079999923706
0.25,152,65,64,0.4197201728820801,4226,12672,2030,0.48035967350006104,4,0.497314453125,0.4231151044368744,0.4229284810533188,0.00018662214279174805,0.374740332365036
0.25,153,65,64,0.34731540083885193,4226,12672,1948,0.46095597743988037,4,0.500732421875,0.4190228283405304,0.4229284810533188,-0.003905653953552246,0.4813169240951538
0.25,154,65,64,0.3912067413330078,4226,12672,1974,0.4671083688735962,4,0.492919921875,0.4191468358039856,0.4229284810533188,-0.003781646490097046,0.40159985423088074
0.25,155,65,64,0.39836445450782776,4226,12672,1992,0.4713677167892456,4,0.4970703125,0.4202629327774048,0.4229284810533188,-0.0026655495166778564,0.4033357799053192
0.25,156,65,64,0.3769996166229248,4226,12672,1974,0.4671083688735962,4,0.493896484375,0.4252232313156128,0.4229284810533188,0.0022947490215301514,0.39254093170166016
0.25,157,65,64,0.372063547372818,4226,12672,1968,0.4656885862350464,4,0.497314453125,0.4218750298023224,0.4229284810533188,-0.001053452491760254,0.434045672416687
0.25,158,65,64,0.4052692949771881,4226,12672,2020,0.477993369102478,4,0.50341796875,0.421627014875412,0.4229284810533188,-0.0013014674186706543,0.3673933148384094
0.25,159,65,64,0.3832157254219055,4226,12672,2004,0.4742072820663452,4,0.499267578125,0.424727201461792,0.4229284810533188,0.0017987191677093506,0.40956827998161316
0.25,160,65,64,0.377495139837265,4226,12672,2020,0.477993369102478,4,0.498779296875,0.4254712462425232,0.4229284810533188,0.0025427639484405518,0.4059829115867615
0.25,161,65,64,0.3934022784233093,4226,12672,2016,0.4770468473434448,4,0.494873046875,0.4221230447292328,0.4229284810533188,-0.0008054375648498535,0.4307019114494324
0.25,162,65,64,0.4016544222831726,4226,12672,2044,0.48367249965667725,4,0.50341796875,0.428819477558136,0.4229284810533188,0.005890995264053345,0.3992549777030945
0.25,163,65,64,0.3692958354949951,4226,12672,1994,0.4718409776687622,4,0.499267578125,0.4298115372657776,0.4229284810533188,0.006883054971694946,0.46109282970428467
0.25,164,65,64,0.3959534764289856,4226,12672,1990,0.470894455909729,4,0.500732421875,0.4291914999485016,0.4229284810533188,0.006263017654418945,0.4403586983680725
0.25,165,65,64,0.3709200620651245,4226,12672,2020,0.477993369102478,4,0.501708984375,0.4190228283405304,0.4229284810533188,-0.003905653953552246,0.4447571635246277
0.25,166,65,64,0.4204903244972229,4226,12672,2014,0.4765735864639282,4,0.49658203125,0.4321676790714264,0.4229284810533188,0.00923919677734375,0.35171157121658325
0.25,167,65,64,0.3802773952484131,4226,12672,2010,0.475627064704895,4,0.49658203125,0.4206349551677704,0.4229284810533188,-0.002293527126312256,0.4852621555328369
0.25,168,65,64,0.3913992941379547,4226,12672,2018,0.4775201082229614,4,0.496337890625,0.4237351417541504,0.4229284810533188,0.000806659460067749,0.3728201985359192
0.25,169,65,64,0.40354520082473755,4226,12672,1968,0.4656885862350464,4,0.5029296875,0.4236111342906952,0.4229284810533188,0.0006826519966125488,0.3650752604007721
0.25,170,65,64,0.3980881869792938,4226,12672,1998,0.4727874994277954,4,0.496826171875,0.428819477558136,0.4229284810533188,0.005890995264053345,0.410025417804718
0.25,171,65,64,0.39137551188468933,4226,12672,2018,0.4775201082229614,4,0.505126953125,0.4291914999485016,0.4229284810533188,0.006263017654418945,0.42195916175842285
0.25,172,65,64,0.4030382037162781,4226,12672,1996,0.4723142385482788,4,0.502197265625,0.4196428954601288,0.4229284810533188,-0.0032855868339538574,0.38854220509529114
0.25,173,65,64,0.3784915804862976,4226,12672,1990,0.470894455909729,4,0.496826171875,0.4255952537059784,0.4229284810533188,0.002666771411895752,0.431318461894989
0.25,174,65,64,0.3737846314907074,4226,12672,1972,0.4666351079940796,4,0.5009765625,0.4298115372657776,0.4229284810533188,0.006883054971694946,0.5114638805389404
0.25,175,65,64,0.3989434242248535,4226,12672,2000,0.473260760307312,4,0.4931640625,0.42348712682724,0.4229284810533188,0.0005586445331573486,0.4271654188632965
0.25,176,65,64,0.3760315477848053,4226,12672,2078,0.4917179346084595,4,0.50048828125,0.4280754327774048,0.4229284810533188,0.0051469504833221436,0.42136362195014954
0.25,177,65,64,0.4142592251300812,4226,12672,1988,0.4704211950302124,4,0.49853515625,0.4174107313156128,0.4229284810533188,-0.005517750978469849,0.37318485975265503
0.25,178,65,64,0.3948853015899658,4226,12672,1942,0.45953619480133057,4,0.50830078125,0.4217510223388672,0.4229284810533188,-0.001177459955215454,0.3913770914077759
0.25,179,65,64,0.3728683292865753,4226,12672,2082,0.4926644563674927,4,0.50244140625,0.4310516119003296,0.4229284810533188,0.008123129606246948,0.48064810037612915
0.25,180,65,64,0.41012367606163025,4226,12672,1950,0.461429238319397,4,0.503662109375,0.4223710596561432,0.4229284810533188,-0.0005574226379394531,0.3321532905101776
0.25,181,65,64,0.3810060918331146,4226,12672,1982,0.4690014123916626,4,0.500732421875,0.4260912835597992,0.4229284810533188,0.0031628012657165527,0.45004767179489136
0.25,182,65,64,0.43602636456489563,4226,12672,1992,0.4713677167892456,4,0.50341796875,0.4195188879966736,0.4229284810533188,-0.0034095942974090576,0.39652788639068604
0.25,183,65,64,0.42077183723449707,4226,12672,2020,0.477993369102478,4,0.504150390625,0.4272073805332184,0.4229284810533188,0.004278898239135742,0.36864858865737915
0.25,184,65,64,0.4289262592792511,4226,12672,2022,0.47846662998199463,4,0.502685546875,0.4128224551677704,0.4229284810533188,-0.010106027126312256,0.30822163820266724
0.25,185,65,64,0.38268905878067017,4226,12672,2064,0.48840510845184326,4,0.50390625,0.4250992238521576,0.4229284810533188,0.002170741558074951,0.4093012809753418
0.25,186,65,64,0.3706603944301605,4226,12672,1902,0.45007097721099854,4,0.493896484375,0.41877481341362,0.4229284810533188,-0.0041536688804626465,0.43682578206062317
0.25,187,65,64,0.36944878101348877,4226,12672,2016,0.4770468473434448,4,0.5,0.4243551790714264,0.4229284810533188,0.00142669677734375,0.4508349895477295
0.25,188,65,64,0.38940876722335815,4226,12672,2046,0.48414576053619385,4,0.49755859375,0.4279514253139496,0.4229284810533188,0.005022943019866943,0.40094253420829773
0.25,189,65,64,0.373291939496994,4226,12672,1968,0.4656885862350464,4,0.495361328125,0.4202629327774048,0.4229284810533188,-0.0026655495166778564,0.4326859414577484
0.25,190,65,64,0.3801667392253876,4226,12672,2050,0.48509228229522705,4,0.493408203125,0.4249752163887024,0.4229284810533188,0.002046734094619751,0.35957449674606323
0.25,191,65,64,0.3867332637310028,4226,12672,1990,0.470894455909729,4,0.494384765625,0.413814514875412,0.4229284810533188,-0.009113967418670654,0.4295618534088135
0.25,192,65,64,0.41652727127075195,4226,12672,2026,0.47941315174102783,4,0.4951171875,0.4303075671195984,0.4229284810533188,0.007379084825515747,0.406497597694397
0.25,193,65,64,0.41426751017570496,4226,12672,1962,0.4642688035964966,4,0.49609375,0.42819944024086,0.4229284810533188,0.005270957946777344,0.3923576772212982
0.25,194,65,64,0.4218023121356964,4226,12672,1982,0.4690014123916626,4,0.504150390625,0.4191468358039856,0.4229284810533188,-0.003781646490097046,0.3079497218132019
0.25,195,65,64,0.3780316412448883,4226,12672,1998,0.4727874994277954,4,0.50048828125,0.4218750298023224,0.4229284810533188,-0.001053452491760254,0.44994911551475525
0.25,196,65,64,0.4101324677467346,4226,12672,1972,0.4666351079940796,4,0.501953125,0.4221230447292328,0.4229284810533188,-0.0008054375648498535,0.33668383955955505
0.25,197,65,64,0.4267178475856781,4226,12672,2000,0.473260760307312,4,0.497802734375,0.4198909103870392,0.4229284810533188,-0.003037571907043457,0.41031864285469055
0.25,198,65,64,0.3910693824291229,4226,12672,1994,0.4718409776687622,4,0.5068359375,0.4107142984867096,0.4229284810533188,-0.012214183807373047,0.4191308319568634
0.25,199,65,64,0.4239265024662018,4226,12672,1948,0.46095597743988037,4,0.49951171875,0.4279514253139496,0.4229284810533188,0.005022943019866943,0.40137627720832825
0.25,200,65,64,0.37955376505851746,4226,12672,2004,0.4742072820663452,4,0.496337890625,0.4237351417541504,0.4229284810533188,0.000806659460067749,0.3883882761001587
0.25,201,65,64,0.3852097690105438,4226,12672,2030,0.48035967350006104,4,0.500244140625,0.4192708432674408,0.4229284810533188,-0.0036576390266418457,0.40682822465896606
0.25,202,65,64,0.4201391339302063,4226,12672,1990,0.470894455909729,4,0.49951171875,0.4186508059501648,0.4229284810533188,-0.004277676343917847,0.37787961959838867
0.25,203,65,64,0.3950367867946625,4226,12672,2032,0.48083293437957764,4,0.500732421875,0.4248512089252472,0.4229284810533188,0.0019227266311645508,0.4402236342430115
0.25,204,65,64,0.38970738649368286,4226,12672,2004,0.4742072820663452,4,0.5,0.4177827537059784,0.4229284810533188,-0.005145728588104248,0.4696182310581207
0.25,205,65,64,0.3584604263305664,4226,12672,1980,0.468528151512146,4,0.4892578125,0.4108383059501648,0.4229284810533188,-0.012090176343917847,0.46427762508392334
0.25,206,65,64,0.3988766670227051,4226,12672,1914,0.45291054248809814,4,0.49853515625,0.419766902923584,0.4229284810533188,-0.0031615793704986572,0.40770256519317627
0.25,207,65,64,0.3553399443626404,4226,12672,2016,0.4770468473434448,4,0.50048828125,0.4267113208770752,0.4229284810533188,0.0037828385829925537,0.504615306854248
0.25,208,65,64,0.4055582880973816,4226,12672,1976,0.4675816297531128,4,0.495849609375,0.4207589626312256,0.4229284810533188,-0.0021695196628570557,0.3827823996543884
0.25,209,65,64,0.393573135137558,4226,12672,2070,0.48982489109039307,4,0.5029296875,0.4229910969734192,0.4229284810533188,6.261467933654785e-05,0.3987556993961334
0.25,210,65,64,0.43897801637649536,4226,12672,2036,0.48177945613861084,4,0.511474609375,0.4267113208770752,0.4229284810533188,0.0037828385829925537,0.35247838497161865
0.25,211,65,64,0.36816272139549255,4226,12672,2060,0.48745858669281006,4,0.48876953125,0.4165426790714264,0.4229284810533188,-0.00638580322265625,0.46887439489364624
0.25,212,65,64,0.3915705978870392,4226,12672,2002,0.4737340211868286,4,0.495849609375,0.4184027910232544,0.4229284810533188,-0.004525691270828247,0.43611884117126465
0.25,213,65,64,0.4429951608181,4226,12672,2030,0.48035967350006104,4,0.504638671875,0.4182787835597992,0.4229284810533188,-0.004649698734283447,0.3794557750225067
0.25,214,65,64,0.3641223609447479,4226,12672,1980,0.468528151512146,4,0.488525390625,0.4278274178504944,0.4229284810533188,0.004898935556411743,0.4892411231994629
0.25,215,65,64,0.4161454737186432,4226,12672,1994,0.4718409776687622,4,0.495849609375,0.4170387089252472,0.4229284810533188,-0.005889773368835449,0.4358424246311188
0.25,216,65,64,0.39742591977119446,4226,12672,1970,0.466161847114563,4,0.503173828125,0.424107164144516,0.4229284810533188,0.0011786818504333496,0.35120052099227905
0.25,217,65,64,0.39990952610969543,4226,12672,1998,0.4727874994277954,4,0.507080078125,0.4171627163887024,0.4229284810533188,-0.005765765905380249,0.367605984210968
0.25,218,65,64,0.4068118929862976,4226,12672,2002,0.4737340211868286,4,0.49609375,0.41567462682724,0.4229284810533188,-0.007253855466842651,0.40258294343948364
0.25,219,65,64,0.35367003083229065,4226,12672,1976,0.4675816297531128,4,0.4931640625,0.421627014875412,0.4229284810533188,-0.0013014674186706543,0.46022671461105347
0.25,220,65,64,0.4022860527038574,4226,12672,1986,0.4699479341506958,4,0.5,0.4207589626312256,0.4229284810533188,-0.0021695196628570557,0.3596169352531433
0.25,221,65,64,0.3979841470718384,4226,12672,2008,0.4751538038253784,4,0.506103515625,0.4296875298023224,0.4229284810533188,0.006759047508239746,0.40070945024490356
0.25,222,65,64,0.4045149087905884,4226,12672,1960,0.46379554271698,4,0.504150390625,0.4310516119003296,0.4229284810533188,0.008123129606246948,0.4103345274925232
0.25,223,65,64,0.38916918635368347,4226,12672,2006,0.4746805429458618,4,0.503662109375,0.4248512089252472,0.4229284810533188,0.0019227266311645508,0.3529115319252014
0.25,224,65,64,0.39708569645881653,4226,12672,1988,0.4704211950302124,4,0.505615234375,0.4200149178504944,0.4229284810533188,-0.002913564443588257,0.3512185215950012
0.25,225,65,64,0.3820345401763916,4226,12672,1992,0.4713677167892456,4,0.492919921875,0.4184027910232544,0.4229284810533188,-0.004525691270828247,0.4433569312095642
0.25,226,65,64,0.41309207677841187,4226,12672,1978,0.4680548906326294,4,0.502197265625,0.4299355447292328,0.4229284810533188,0.0070070624351501465,0.3749147057533264
0.25,227,65,64,0.38214847445487976,4226,12672,1996,0.4723142385482788,4,0.50732421875,0.4239831566810608,0.4229284810533188,0.0010546743869781494,0.46786677837371826
0.25,228,65,64,0.38324853777885437,4226,12672,1960,0.46379554271698,4,0.497314453125,0.4143105447292328,0.4229284810533188,-0.008617937564849854,0.41962021589279175
0.25,229,65,64,0.3925640881061554,4226,12672,2028,0.47988641262054443,4,0.494140625,0.4291914999485016,0.4229284810533188,0.006263017654418945,0.4492030143737793
0.25,230,65,64,0.3495825529098511,4226,12672,1990,0.470894455909729,4,0.491943359375,0.4182787835597992,0.4229284810533188,-0.004649698734283447,0.4702131152153015
0.25,231,65,64,0.3540191650390625,4226,12672,1966,0.4652153253555298,4,0.5009765625,0.42819944024086,0.4229284810533188,0.005270957946777344,0.48648974299430847
0.25,232,65,64,0.37247294187545776,4226,12672,1984,0.4694746732711792,4,0.501953125,0.4139385223388672,0.4229284810533188,-0.008989959955215454,0.5005684494972229
0.25,233,65,64,0.45260488986968994,4226,12672,2016,0.4770468473434448,4,0.501953125,0.4277034103870392,0.4229284810533188,0.004774928092956543,0.3216036260128021
0.25,234,65,64,0.4277162253856659,4226,12672,2036,0.48177945613861084,4,0.502197265625,0.4243551790714264,0.4229284810533188,0.00142669677734375,0.36098718643188477
0.25,235,65,64,0.3887060284614563,4226,12672,1948,0.46095597743988037,4,0.49853515625,0.4146825671195984,0.4229284810533188,-0.008245915174484253,0.398802787065506
0.25,236,65,64,0.3414948582649231,4226,12672,2016,0.4770468473434448,4,0.50634765625,0.4339037835597992,0.4229284810533188,0.010975301265716553,0.5230985879898071
0.25,237,65,64,0.34586456418037415,4226,12672,2026,0.47941315174102783,4,0.507080078125,0.4317956566810608,0.4229284810533188,0.00886717438697815,0.4599651098251343
0.25,238,65,64,0.38994985818862915,4226,12672,2072,0.49029815196990967,4,0.490966796875,0.4258432686328888,0.4229284810533188,0.0029147863388061523,0.4575479030609131
0.25,239,65,64,0.3308694660663605,4226,12672,2044,0.48367249965667725,4,0.503662109375,0.4269593358039856,0.4229284810533188,0.004030853509902954,0.5290716886520386
0.25,240,65,64,0.36315077543258667,4226,12672,1990,0.470894455909729,4,0.499267578125,0.4130704700946808,0.4229284810533188,-0.009858012199401855,0.4520128667354584
0.25,241,65,64,0.40339550375938416,4226,12672,2028,0.47988641262054443,4,0.49853515625,0.4223710596561432,0.4229284810533188,-0.0005574226379394531,0.38292065262794495
0.25,242,65,64,0.38697612285614014,4226,12672,1974,0.4671083688735962,4,0.50146484375,0.4153026044368744,0.4229284810533188,-0.007625877857208252,0.39875802397727966
0.25,243,65,64,0.3909016251564026,4226,12672,1984,0.4694746732711792,4,0.49462890625,0.4205109477043152,0.4229284810533188,-0.002417534589767456,0.4245712161064148
0.25,244,65,64,0.40672817826271057,4226,12672,2008,0.4751538038253784,4,0.501953125,0.4170387089252472,0.4229284810533188,-0.005889773368835449,0.4273868203163147
0.25,245,65,64,0.37841856479644775,4226,12672,1932,0.45716989040374756,4,0.49609375,0.413194477558136,0.4229284810533188,-0.009734004735946655,0.47847068309783936
0.25,246,65,64,0.4004252552986145,4226,12672,1996,0.4723142385482788,4,0.493408203125,0.419394850730896,0.4229284810533188,-0.0035336315631866455,0.39854681491851807
0.25,247,65,64,0.4106066823005676,4226,12672,1994,0.4718409776687622,4,0.50927734375,0.4233631193637848,0.4229284810533188,0.00043463706970214844,0.38453733921051025
0.25,248,65,64,0.38945478200912476,4226,12672,2004,0.4742072820663452,4,0.500732421875,0.4179067611694336,0.4229284810533188,-0.005021721124649048,0.36813127994537354
0.25,249,65,64,0.4141446053981781,4226,12672,2040,0.48272597789764404,4,0.494384765625,0.4314236342906952,0.4229284810533188,0.008495151996612549,0.3319065272808075
0.25,250,65,64,0.39795732498168945,4226,12672,1942,0.45953619480133057,4,0.50390625,0.4146825671195984,0.4229284810533188,-0.008245915174484253,0.34887516498565674
0.25,251,65,64,0.35774892568588257,4226,12672,2038,0.48225271701812744,4,0.505126953125,0.4200149178504944,0.4229284810533188,-0.002913564443588257,0.5122779607772827
0.25,252,65,64,0.4065656065940857,4226,12672,1954,0.4623757600784302,4,0.498779296875,0.4255952537059784,0.4229284810533188,0.002666771411895752,0.39420193433761597
0.25,253,65,64,0.35289889574050903,4226,12672,2002,0.4737340211868286,4,0.495361328125,0.4180307686328888,0.4229284810533188,-0.004897713661193848,0.4882839024066925
0.25,254,65,64,0.3920557200908661,4226,12672,2082,0.4926644563674927,4,0.505615234375,0.4268353283405304,0.4229284810533188,0.003906846046447754,0.45275306701660156
0.25,255,65,64,0.3789120018482208,4226,12672,1998,0.4727874994277954,4,0.504638671875,0.4296875298023224,0.4229284810533188,0.006759047508239746,0.46355849504470825
0.5,0,17,64,0.4858529269695282,290,864,112,0.38620689511299133,4,0.50390625,0.36250001192092896,0.39345619044874336,-0.030956178903579712,0.7347204685211182
0.5,1,17,64,0.5617324113845825,290,864,136,0.4689655303955078,4,0.4921875,0.40416669845581055,0.39345619044874336,0.01071050763130188,0.5180051922798157
0.5,2,17,64,0.5700807571411133,290,864,120,0.41379308700561523,4,0.48828125,0.3583333492279053,0.39345619044874336,-0.035122841596603394,0.5024893879890442
0.5,3,17,64,0.5373176336288452,290,864,120,0.41379308700561523,4,0.49609375,0.4020833671092987,0.39345619044874336,0.008627176284790039,0.5393122434616089
0.5,4,17,64,0.5642926692962646,290,864,120,0.41379308700561523,4,0.51171875,0.3687500059604645,0.39345619044874336,-0.02470618486404419,0.5696210861206055
0.5,5,17,64,0.5351541042327881,290,864,114,0.3931034505367279,4,0.46484375,0.3437500298023224,0.39345619044874336,-0.04970616102218628,0.668928861618042
0.5,6,17,64,0.536688506603241,290,864,122,0.4206896424293518,4,0.4921875,0.4166666865348816,0.39345619044874336,0.023210495710372925,0.6439120769500732
0.5,7,17,64,0.5350441336631775,290,864,114,0.3931034505367279,4,0.48828125,0.36666667461395264,0.39345619044874336,-0.02678951621055603,0.6542930006980896
0.5,8,17,64,0.532925009727478,290,864,138,0.475862056016922,4,0.50390625,0.3958333432674408,0.39345619044874336,0.002377152442932129,0.6131072640419006
0.5,9,17,64,0.5392028093338013,290,864,136,0.4689655303955078,4,0.4921875,0.3750000298023224,0.39345619044874336,-0.01845616102218628,0.6874545812606812
0.5,10,17,64,0.5334295034408569,290,864,118,0.40689656138420105,4,0.4921875,0.4166666865348816,0.39345619044874336,0.023210495710372925,0.7083367109298706
0.5,11,17,64,0.5982065796852112,290,864,120,0.41379308700561523,4,0.4921875,0.4166666865348816,0.39345619044874336,0.023210495710372925,0.45037680864334106
0.5,12,17,64,0.6328684687614441,290,864,132,0.45517241954803467,4,0.50390625,0.3812500238418579,0.39345619044874336,-0.012206166982650757,0.40013518929481506
0.5,13,17,64,0.5931171774864197,290,864,132,0.45517241954803467,4,0.5078125,0.37708336114883423,0.39345619044874336,-0.01637282967567444,0.5419918298721313
0.5,14,17,64,0.5159396529197693,290,864,132,0.45517241954803467,4,0.4921875,0.3645833432674408,0.39345619044874336,-0.02887284755706787,0.5697760581970215
0.5,15,17,64,0.551395833492279,290,864,126,0.43448275327682495,4,0.515625,0.3958333432674408,0.39345619044874336,0.002377152442932129,0.530232310295105
0.5,16,17,64,0.5493049621582031,290,864,118,0.40689656138420105,4,0.53125,0.4020833671092987,0.39345619044874336,0.008627176284790039,0.5714234113693237
0.5,17,17,64,0.5796827673912048,290,864,132,0.45517241954803467,4,0.50390625,0.40416669845581055,0.39345619044874336,0.01071050763130188,0.4913520812988281
0.5,18,17,64,0.5331692695617676,290,864,134,0.46206897497177124,4,0.5,0.40000003576278687,0.39345619044874336,0.006543844938278198,0.6664632558822632
0.5,19,17,64,0.4812712073326111,290,864,132,0.45517241954803467,4,0.484375,0.3958333432674408,0.39345619044874336,0.002377152442932129,0.6758840084075928
0.5,20,17,64,0.473070353269577,290,864,122,0.4206896424293518,4,0.51171875,0.39375001192092896,0.39345619044874336,0.0002938210964202881,0.7945156693458557
0.5,21,17,64,0.5539160370826721,290,864,132,0.45517241954803467,4,0.48046875,0.38333335518836975,0.39345619044874336,-0.010122835636138916,0.5504043698310852
0.5,22,17,64,0.508927583694458,290,864,130,0.4482758641242981,4,0.5078125,0.38750001788139343,0.39345619044874336,-0.005956172943115234,0.7525455951690674
0.5,23,17,64,0.5379087328910828,290,864,118,0.40689656138420105,4,0.49609375,0.40416669845581055,0.39345619044874336,0.01071050763130188,0.6187114119529724
0.5,24,17,64,0.519199013710022,290,864,124,0.4275861978530884,4,0.51171875,0.35625001788139343,0.39345619044874336,-0.037206172943115234,0.702613353729248
0.5,25,17,64,0.5789362192153931,290,864,140,0.48275861144065857,4,0.49609375,0.4062500298023224,0.39345619044874336,0.01279383897781372,0.47393131256103516
0.5,26,17,64,0.5021131634712219,290,864,134,0.46206897497177124,4,0.49609375,0.41875001788139343,0.39345619044874336,0.025293827056884766,0.6945760250091553
0.5,27,17,64,0.4968312382698059,290,864,132,0.45517241954803467,4,0.49609375,0.4020833671092987,0.39345619044874336,0.008627176284790039,0.7248640060424805
0.5,28,17,64,0.5041682124137878,290,864,132,0.45517241954803467,4,0.4609375,0.37708336114883423,0.39345619044874336,-0.01637282967567444,0.8085895776748657
0.5,29,17,64,0.5624521970748901,290,864,130,0.4482758641242981,4,0.51953125,0.37291669845581055,0.39345619044874336,-0.02053949236869812,0.5349722504615784
0.5,30,17,64,0.5703732967376709,290,864,154,0.5310344696044922,4,0.4921875,0.4437500238418579,0.39345619044874336,0.05029383301734924,0.5958317518234253
0.5,31,17,64,0.4983052611351013,290,864,132,0.45517241954803467,4,0.51171875,0.37708336114883423,0.39345619044874336,-0.01637282967567444,0.8299599885940552
0.5,32,17,64,0.5007262825965881,290,864,128,0.4413793087005615,4,0.5,0.4062500298023224,0.39345619044874336,0.01279383897781372,0.8623813390731812
0.5,33,17,64,0.562140166759491,290,864,128,0.4413793087005615,4,0.4921875,0.37916669249534607,0.39345619044874336,-0.014289498329162598,0.4671940505504608
0.5,34,17,64,0.539872944355011,290,864,122,0.4206896424293518,4,0.47265625,0.3895833492279053,0.39345619044874336,-0.0038728415966033936,0.689800500869751
0.5,35,17,64,0.5616123676300049,290,864,120,0.41379308700561523,4,0.53125,0.38333335518836975,0.39345619044874336,-0.010122835636138916,0.473551869392395
0.5,36,17,64,0.5721785426139832,290,864,118,0.40689656138420105,4,0.53515625,0.39791667461395264,0.39345619044874336,0.00446048378944397,0.5842425227165222
0.5,37,17,64,0.5230849981307983,290,864,136,0.4689655303955078,4,0.50390625,0.41458335518836975,0.39345619044874336,0.021127164363861084,0.5750037431716919
0.5,38,17,64,0.5497562289237976,290,864,134,0.46206897497177124,4,0.5234375,0.3750000298023224,0.39345619044874336,-0.01845616102218628,0.6770302653312683
0.5,39,17,64,0.5579875707626343,290,864,112,0.38620689511299133,4,0.4921875,0.3916666805744171,0.39345619044874336,-0.0017895102500915527,0.6398337483406067
0.5,40,17,64,0.5644465088844299,290,864,122,0.4206896424293518,4,0.5,0.40000003576278687,0.39345619044874336,0.006543844938278198,0.5171330571174622
0.5,41,17,64,0.48823803663253784,290,864,126,0.43448275327682495,4,0.484375,0.38333335518836975,0.39345619044874336,-0.010122835636138916,0.795661985874176
0.5,42,17,64,0.5367998480796814,290,864,114,0.3931034505367279,4,0.51171875,0.33541667461395264,0.39345619044874336,-0.05803951621055603,0.6617681384086609
0.5,43,17,64,0.5474513173103333,290,864,126,0.43448275327682495,4,0.484375,0.41041669249534607,0.39345619044874336,0.016960501670837402,0.5985223054885864
0.5,44,17,64,0.4963320195674896,290,864,118,0.40689656138420105,4,0.4765625,0.38333335518836975,0.39345619044874336,-0.010122835636138916,0.7959592938423157
0.5,45,17,64,0.5540978908538818,290,864,128,0.4413793087005615,4,0.48828125,0.3895833492279053,0.39345619044874336,-0.0038728415966033936,0.6034525036811829
0.5,46,17,64,0.5600178837776184,290,864,146,0.5034482479095459,4,0.51171875,0.42500001192092896,0.39345619044874336,0.03154382109642029,0.523746132850647
0.5,47,17,64,0.5840376615524292,290,864,124,0.4275861978530884,4,0.5078125,0.3812500238418579,0.39345619044874336,-0.012206166982650757,0.5173128843307495
0.5,48,17,64,0.5581863522529602,290,864,122,0.4206896424293518,4,0.5078125,0.3687500059604645,0.39345619044874336,-0.02470618486404419,0.5716964602470398
0.5,49,17,64,0.5342034101486206,290,864,128,0.4413793087005615,4,0.50390625,0.35625001788139343,0.39345619044874336,-0.037206172943115234,0.5850850343704224
0.5,50,17,64,0.5478187203407288,290,864,116,0.4000000059604645,4,0.4765625,0.38333335518836975,0.39345619044874336,-0.010122835636138916,0.604866623878479
0.5,51,17,64,0.46078193187713623,290,864,128,0.4413793087005615,4,0.51171875,0.36666667461395264,0.39345619044874336,-0.02678951621055603,0.9544788002967834
0.5,52,17,64,0.5791711211204529,290,864,130,0.4482758641242981,4,0.46875,0.36666667461395264,0.39345619044874336,-0.02678951621055603,0.4521874785423279
0.5,53,17,64,0.5284976959228516,290,864,126,0.43448275327682495,4,0.4921875,0.3604166805744171,0.39345619044874336,-0.03303951025009155,0.5791535377502441
0.5,54,17,64,0.5571011900901794,290,864,124,0.4275861978530884,4,0.49609375,0.40833336114883423,0.39345619044874336,0.014877170324325562,0.6127581000328064
0.5,55,17,64,0.5581027865409851,290,864,138,0.475862056016922,4,0.51171875,0.4208333492279053,0.39345619044874336,0.027377158403396606,0.5601567625999451
0.5,56,17,64,0.5914637446403503,290,864,124,0.4275861978530884,4,0.50390625,0.3750000298023224,0.39345619044874336,-0.01845616102218628,0.4805072546005249
0.5,57,17,64,0.5747391581535339,290,864,124,0.4275861978530884,4,0.50390625,0.36250001192092896,0.39345619044874336,-0.030956178903579712,0.5142524838447571
0.5,58,17,64,0.5163829922676086,290,864,118,0.40689656138420105,4,0.5,0.37916669249534607,0.39345619044874336,-0.014289498329162598,0.8070164918899536
0.5,59,17,64,0.47474560141563416,290,864,120,0.41379308700561523,4,0.4921875,0.36250001192092896,0.39345619044874336,-0.030956178903579712,0.7369378805160522
0.5,60,17,64,0.5979146361351013,290,864,120,0.41379308700561523,4,0.47265625,0.3645833432674408,0.39345619044874336,-0.02887284755706787,0.4847002923488617
0.5,61,17,64,0.5659423470497131,290,864,152,0.5241379141807556,4,0.5,0.4333333671092987,0.39345619044874336,0.03987717628479004,0.580876886844635
0.5,62,17,64,0.545573890209198,290,864,148,0.5103448033332825,4,0.5,0.4229166805744171,0.39345619044874336,0.029460489749908447,0.6260434985160828
0.5,63,17,64,0.5317205786705017,290,864,126,0.43448275327682495,4,0.48046875,0.39791667461395264,0.39345619044874336,0.00446048378944397,0.550472617149353
0.5,64,17,64,0.5021767616271973,290,864,140,0.48275861144065857,4,0.49609375,0.4125000238418579,0.39345619044874336,0.019043833017349243,0.6594277620315552
0.5,65,17,64,0.5424675941467285,290,864,126,0.43448275327682495,4,0.515625,0.39375001192092896,0.39345619044874336,0.0002938210964202881,0.7117788791656494
0.5,66,17,64,0.5438065528869629,290,864,130,0.4482758641242981,4,0.49609375,0.37291669845581055,0.39345619044874336,-0.02053949236869812,0.6428117752075195
0.5,67,17,64,0.5621290802955627,290,864,132,0.45517241954803467,4,0.51171875,0.4020833671092987,0.39345619044874336,0.008627176284790039,0.5626264214515686
0.5,68,17,64,0.5020632743835449,290,864,134,0.46206897497177124,4,0.48828125,0.41458335518836975,0.39345619044874336,0.021127164363861084,0.7106420397758484
0.5,69,17,64,0.5202746391296387,290,864,138,0.475862056016922,4,0.50390625,0.37708336114883423,0.39345619044874336,-0.01637282967567444,0.6442248821258545
0.5,70,17,64,0.5196648836135864,290,864,122,0.4206896424293518,4,0.46484375,0.3645833432674408,0.39345619044874336,-0.02887284755706787,0.8468387722969055
0.5,71,17,64,0.5393953919410706,290,864,136,0.4689655303955078,4,0.5234375,0.41458335518836975,0.39345619044874336,0.021127164363861084,0.8464463353157043
0.5,72,17,64,0.5828970074653625,290,864,128,0.4413793087005615,4,0.50390625,0.37708336114883423,0.39345619044874336,-0.01637282967567444,0.54285728931427
0.5,73,17,64,0.5723727941513062,290,864,134,0.46206897497177124,4,0.484375,0.42916667461395264,0.39345619044874336,0.03571048378944397,0.4323640763759613
0.5,74,17,64,0.5345847606658936,290,864,118,0.40689656138420105,4,0.53125,0.36250001192092896,0.39345619044874336,-0.030956178903579712,0.7622334361076355
0.5,75,17,64,0.5437906384468079,290,864,110,0.37931033968925476,4,0.49609375,0.36666667461395264,0.39345619044874336,-0.02678951621055603,0.592327356338501
0.5,76,17,64,0.5532776713371277,290,864,134,0.46206897497177124,4,0.5078125,0.41875001788139343,0.39345619044874336,0.025293827056884766,0.5822811126708984
0.5,77,17,64,0.48296284675598145,290,864,114,0.3931034505367279,4,0.48828125,0.39375001192092896,0.39345619044874336,0.0002938210964202881,0.8036085963249207
0.5,78,17,64,0.5285032391548157,290,864,122,0.4206896424293518,4,0.48046875,0.3958333432674408,0.39345619044874336,0.002377152442932129,0.8329122066497803
0.5,79,17,64,0.6299095749855042,290,864,140,0.48275861144065857,4,0.51171875,0.4125000238418579,0.39345619044874336,0.019043833017349243,0.48023462295532227
0.5,80,17,64,0.5359997153282166,290,864,124,0.4275861978530884,4,0.48828125,0.40833336114883423,0.39345619044874336,0.014877170324325562,0.7628110647201538
0.5,81,17,64,0.5003495216369629,290,864,128,0.4413793087005615,4,0.5,0.37708336114883423,0.39345619044874336,-0.01637282967567444,0.8277953267097473
0.5,82,17,64,0.5052884221076965,290,864,118,0.40689656138420105,4,0.50390625,0.37708336114883423,0.39345619044874336,-0.01637282967567444,0.5937627553939819
0.5,83,17,64,0.5831437110900879,290,864,136,0.4689655303955078,4,0.49609375,0.39791667461395264,0.39345619044874336,0.00446048378944397,0.5392760634422302
0.5,84,17,64,0.6097574234008789,290,864,132,0.45517241954803467,4,0.49609375,0.40833336114883423,0.39345619044874336,0.014877170324325562,0.4146551489830017
0.5,85,17,64,0.5495166778564453,290,864,118,0.40689656138420105,4,0.52734375,0.37916669249534607,0.39345619044874336,-0.014289498329162598,0.6124197244644165
0.5,86,17,64,0.5536603927612305,290,864,126,0.43448275327682495,4,0.49609375,0.3687500059604645,0.39345619044874336,-0.02470618486404419,0.7086070775985718
0.5,87,17,64,0.5302031636238098,290,864,146,0.5034482479095459,4,0.48828125,0.43125003576278687,0.39345619044874336,0.0377938449382782,0.661644458770752
0.5,88,17,64,0.5008732080459595,290,864,122,0.4206896424293518,4,0.47265625,0.3687500059604645,0.39345619044874336,-0.02470618486404419,0.7791616320610046
0.5,89,17,64,0.5711129307746887,290,864,128,0.4413793087005615,4,0.52734375,0.38750001788139343,0.39345619044874336,-0.005956172943115234,0.5158344507217407
0.5,90,17,64,0.5238266587257385,290,864,132,0.45517241954803467,4,0.53125,0.40000003576278687,0.39345619044874336,0.006543844938278198,0.7060863971710205
0.5,91,17,64,0.5910329818725586,290,864,138,0.475862056016922,4,0.51171875,0.3916666805744171,0.39345619044874336,-0.0017895102500915527,0.6018298864364624
0.5,92,17,64,0.5500596165657043,290,864,132,0.45517241954803467,4,0.4765625,0.4270833432674408,0.39345619044874336,0.03362715244293213,0.5668206810951233
0.5,93,17,64,0.5584877729415894,290,864,132,0.45517241954803467,4,0.51953125,0.3750000298023224,0.39345619044874336,-0.01845616102218628,0.7057365775108337
0.5,94,17,64,0.4904193580150604,290,864,132,0.45517241954803467,4,0.515625,0.3583333492279053,0.39345619044874336,-0.035122841596603394,0.843713641166687
0.5,95,17,64,0.5798228979110718,290,864,142,0.48965516686439514,4,0.484375,0.40416669845581055,0.39345619044874336,0.01071050763130188,0.4728774428367615
0.5,96,17,64,0.5553567409515381,290,864,94,0.32413792610168457,4,0.49609375,0.3291666805744171,0.39345619044874336,-0.06428951025009155,0.6070952415466309
0.5,97,17,64,0.5402461886405945,290,864,140,0.48275861144065857,4,0.5078125,0.4270833432674408,0.39345619044874336,0.03362715244293213,0.6961264610290527
0.5,98,17,64,0.5922030210494995,290,864,134,0.46206897497177124,4,0.46484375,0.41875001788139343,0.39345619044874336,0.025293827056884766,0.4820425510406494
0.5,99,17,64,0.5262383222579956,290,864,110,0.37931033968925476,4,0.4921875,0.3750000298023224,0.39345619044874336,-0.01845616102218628,0.5239880681037903
0.5,100,17,64,0.5219908952713013,290,864,134,0.46206897497177124,4,0.51171875,0.40416669845581055,0.39345619044874336,0.01071050763130188,0.7914859652519226
0.5,101,17,64,0.4910321533679962,290,864,128,0.4413793087005615,4,0.51171875,0.4375000298023224,0.39345619044874336,0.04404383897781372,0.6863739490509033
0.5,102,17,64,0.5266005992889404,290,864,142,0.48965516686439514,4,0.5,0.41458335518836975,0.39345619044874336,0.021127164363861084,0.5879454612731934
0.5,103,17,64,0.46391814947128296,290,864,122,0.4206896424293518,4,0.51171875,0.39791667461395264,0.39345619044874336,0.00446048378944397,0.8090587854385376
0.5,104,17,64,0.5546405911445618,290,864,128,0.4413793087005615,4,0.484375,0.36666667461395264,0.39345619044874336,-0.02678951621055603,0.6505886316299438
0.5,105,17,64,0.5892425775527954,290,864,134,0.46206897497177124,4,0.46484375,0.39375001192092896,0.39345619044874336,0.0002938210964202881,0.5663337707519531
0.5,106,17,64,0.5548924207687378,290,864,140,0.48275861144065857,4,0.51953125,0.40833336114883423,0.39345619044874336,0.014877170324325562,0.46890032291412354
0.5,107,17,64,0.5162221789360046,290,864,116,0.4000000059604645,4,0.48046875,0.37708336114883423,0.39345619044874336,-0.01637282967567444,0.7395360469818115
0.5,108,17,64,0.511752724647522,290,864,122,0.4206896424293518,4,0.5,0.41458335518836975,0.39345619044874336,0.021127164363861084,0.5844286680221558
0.5,109,17,64,0.5155066251754761,290,864,110,0.37931033968925476,4,0.52734375,0.3750000298023224,0.39345619044874336,-0.01845616102218628,0.617423951625824
0.5,110,17,64,0.5488582849502563,290,864,148,0.5103448033332825,4,0.5078125,0.41458335518836975,0.39345619044874336,0.021127164363861084,0.6105401515960693
0.5,111,17,64,0.5972357392311096,290,864,134,0.46206897497177124,4,0.49609375,0.4125000238418579,0.39345619044874336,0.019043833017349243,0.5444169044494629
0.5,112,17,64,0.523160994052887,290,864,134,0.46206897497177124,4,0.48046875,0.39791667461395264,0.39345619044874336,0.00446048378944397,0.6562700271606445
0.5,113,17,64,0.5847368836402893,290,864,134,0.46206897497177124,4,0.5234375,0.4020833671092987,0.39345619044874336,0.008627176284790039,0.6070288419723511
0.5,114,17,64,0.5641022324562073,290,864,142,0.48965516686439514,4,0.484375,0.41041669249534607,0.39345619044874336,0.016960501670837402,0.5469664335250854
0.5,115,17,64,0.51577228307724,290,864,132,0.45517241954803467,4,0.49609375,0.41041669249534607,0.39345619044874336,0.016960501670837402,0.6427561044692993
0.5,116,17,64,0.5878281593322754,290,864,124,0.4275861978530884,4,0.4921875,0.3812500238418579,0.39345619044874336,-0.012206166982650757,0.5639017224311829
0.5,117,17,64,0.5354886651039124,290,864,138,0.475862056016922,4,0.48046875,0.41041669249534607,0.39345619044874336,0.016960501670837402,0.6340159177780151
0.5,118,17,64,0.5316806435585022,290,864,122,0.4206896424293518,4,0.53515625,0.3687500059604645,0.39345619044874336,-0.02470618486404419,0.5806918144226074
0.5,119,17,64,0.47624289989471436,290,864,112,0.38620689511299133,4,0.5078125,0.34583336114883423,0.39345619044874336,-0.04762282967567444,0.9066790342330933
0.5,120,17,64,0.5902189612388611,290,864,144,0.4965517222881317,4,0.484375,0.4270833432674408,0.39345619044874336,0.03362715244293213,0.5367249846458435
0.5,121,17,64,0.5209917426109314,290,864,110,0.37931033968925476,4,0.46875,0.3583333492279053,0.39345619044874336,-0.035122841596603394,0.6555543541908264
0.5,122,17,64,0.5492226481437683,290,864,122,0.4206896424293518,4,0.49609375,0.3687500059604645,0.39345619044874336,-0.02470618486404419,0.5737151503562927
0.5,123,17,64,0.4989719092845917,290,864,120,0.41379308700561523,4,0.5234375,0.41041669249534607,0.39345619044874336,0.016960501670837402,0.674548864364624
0.5,124,17,64,0.5381781458854675,290,864,110,0.37931033968925476,4,0.49609375,0.39791667461395264,0.39345619044874336,0.00446048378944397,0.591132402420044
0.5,125,17,64,0.5214370489120483,290,864,140,0.48275861144065857,4,0.51171875,0.41875001788139343,0.39345619044874336,0.025293827056884766,0.6471750736236572
0.5,126,17,64,0.5403226613998413,290,864,124,0.4275861978530884,4,0.4921875,0.3958333432674408,0.39345619044874336,0.002377152442932129,0.6295361518859863
0.5,127,17,64,0.5788673758506775,290,864,132,0.45517241954803467,4,0.515625,0.3895833492279053,0.39345619044874336,-0.0038728415966033936,0.5278031826019287
0.5,128,17,64,0.5561148524284363,290,864,114,0.3931034505367279,4,0.515625,0.34583336114883423,0.39345619044874336,-0.04762282967567444,0.6484785676002502
0.5,129,17,64,0.5237687826156616,290,864,138,0.475862056016922,4,0.52734375,0.43125003576278687,0.39345619044874336,0.0377938449382782,0.6628445386886597
0.5,130,17,64,0.5576314926147461,290,864,138,0.475862056016922,4,0.5234375,0.41875001788139343,0.39345619044874336,0.025293827056884766,0.603758692741394
0.5,131,17,64,0.5283704400062561,290,864,124,0.4275861978530884,4,0.50390625,0.38333335518836975,0.39345619044874336,-0.010122835636138916,0.6088663339614868
0.5,132,17,64,0.4930244982242584,290,864,108,0.3724137842655182,4,0.49609375,0.3812500238418579,0.39345619044874336,-0.012206166982650757,0.8809969425201416
0.5,133,17,64,0.5587448477745056,290,864,130,0.4482758641242981,4,0.50390625,0.4020833671092987,0.39345619044874336,0.008627176284790039,0.5270227193832397
0.5,134,17,64,0.5124962329864502,290,864,108,0.3724137842655182,4,0.50390625,0.3500000238418579,0.39345619044874336,-0.04345616698265076,0.6748299598693848
0.5,135,17,64,0.4965912401676178,290,864,108,0.3724137842655182,4,0.51953125,0.3291666805744171,0.39345619044874336,-0.06428951025009155,0.6911919116973877
0.5,136,17,64,0.5226978659629822,290,864,116,0.4000000059604645,4,0.4921875,0.39375001192092896,0.39345619044874336,0.0002938210964202881,0.7425304055213928
0.5,137,17,64,0.5171910524368286,290,864,120,0.41379308700561523,4,0.55078125,0.4208333492279053,0.39345619044874336,0.027377158403396606,0.7784680128097534
0.5,138,17,64,0.5003975629806519,290,864,124,0.4275861978530884,4,0.49609375,0.4062500298023224,0.39345619044874336,0.01279383897781372,0.8136669397354126
0.5,139,17,64,0.513363778591156,290,864,116,0.4000000059604645,4,0.51171875,0.38750001788139343,0.39345619044874336,-0.005956172943115234,0.6652399301528931
0.5,140,17,64,0.6458013653755188,290,864,130,0.4482758641242981,4,0.484375,0.40000003576278687,0.39345619044874336,0.006543844938278198,0.31992703676223755
0.5,141,17,64,0.58706134557724,290,864,134,0.46206897497177124,4,0.4921875,0.40416669845581055,0.39345619044874336,0.01071050763130188,0.4307975769042969
0.5,142,17,64,0.534972608089447,290,864,132,0.45517241954803467,4,0.46875,0.3854166865348816,0.39345619044874336,-0.008039504289627075,0.5946123600006104
0.5,143,17,64,0.5000568628311157,290,864,152,0.5241379141807556,4,0.5078125,0.4270833432674408,0.39345619044874336,0.03362715244293213,0.8004932403564453
0.5,144,17,64,0.5834169387817383,290,864,132,0.45517241954803467,4,0.4921875,0.4166666865348816,0.39345619044874336,0.023210495710372925,0.4522644281387329
0.5,145,17,64,0.5336408019065857,290,864,122,0.4206896424293518,4,0.49609375,0.3895833492279053,0.39345619044874336,-0.0038728415966033936,0.7526529431343079
0.5,146,17,64,0.5186758637428284,290,864,134,0.46206897497177124,4,0.484375,0.37916669249534607,0.39345619044874336,-0.014289498329162598,0.6798126697540283
0.5,147,17,64,0.5689107775688171,290,864,120,0.41379308700561523,4,0.515625,0.4229166805744171,0.39345619044874336,0.029460489749908447,0.5221906900405884
0.5,148,17,64,0.5587402582168579,290,864,132,0.45517241954803467,4,0.5,0.4229166805744171,0.39345619044874336,0.029460489749908447,0.5939803123474121
0.5,149,17,64,0.5550082921981812,290,864,112,0.38620689511299133,4,0.50390625,0.40833336114883423,0.39345619044874336,0.014877170324325562,0.5823547840118408
0.5,150,17,64,0.5199581384658813,290,864,140,0.48275861144065857,4,0.47265625,0.4229166805744171,0.39345619044874336,0.029460489749908447,0.6655529737472534
0.5,151,17,64,0.5843722224235535,290,864,114,0.3931034505367279,4,0.51171875,0.36666667461395264,0.39345619044874336,-0.02678951621055603,0.5509722232818604
0.5,152,17,64,0.543475329875946,290,864,134,0.46206897497177124,4,0.47265625,0.39791667461395264,0.39345619044874336,0.00446048378944397,0.7092093229293823
0.5,153,17,64,0.5230013132095337,290,864,126,0.43448275327682495,4,0.5,0.37708336114883423,0.39345619044874336,-0.01637282967567444,0.679506778717041
0.5,154,17,64,0.49032074213027954,290,864,144,0.4965517222881317,4,0.484375,0.39375001192092896,0.39345619044874336,0.0002938210964202881,0.8999112844467163
0.5,155,17,64,0.5412001013755798,290,864,132,0.45517241954803467,4,0.47265625,0.34583336114883423,0.39345619044874336,-0.04762282967567444,0.6663942337036133
0.5,156,17,64,0.5323652625083923,290,864,132,0.45517241954803467,4,0.515625,0.4208333492279053,0.39345619044874336,0.027377158403396606,0.6151241660118103
0.5,157,17,64,0.4548793435096741,290,864,110,0.37931033968925476,4,0.51953125,0.3687500059604645,0.39345619044874336,-0.02470618486404419,0.8302273750305176
0.5,158,17,64,0.5296868085861206,290,864,124,0.4275861978530884,4,0.5,0.37708336114883423,0.39345619044874336,-0.01637282967567444,0.6156103610992432
0.5,159,17,64,0.5370514392852783,290,864,120,0.41379308700561523,4,0.50390625,0.4020833671092987,0.39345619044874336,0.008627176284790039,0.698314905166626
0.5,160,17,64,0.5692209601402283,290,864,116,0.4000000059604645,4,0.49609375,0.37291669845581055,0.39345619044874336,-0.02053949236869812,0.5681238174438477
0.5,161,17,64,0.5778980255126953,290,864,136,0.4689655303955078,4,0.48046875,0.3895833492279053,0.39345619044874336,-0.0038728415966033936,0.5183672904968262
0.5,162,17,64,0.528415322303772,290,864,134,0.46206897497177124,4,0.46484375,0.40000003576278687,0.39345619044874336,0.006543844938278198,0.7029939889907837
0.5,163,17,64,0.5449147820472717,290,864,124,0.4275861978530884,4,0.5,0.3708333671092987,0.39345619044874336,-0.02262282371520996,0.6334243416786194
0.5,164,17,64,0.5642284154891968,290,864,132,0.45517241954803467,4,0.51953125,0.41458335518836975,0.39345619044874336,0.021127164363861084,0.7358074188232422
0.5,165,17,64,0.5141733884811401,290,864,114,0.3931034505367279,4,0.4765625,0.3812500238418579,0.39345619044874336,-0.012206166982650757,0.6450088024139404
0.5,166,17,64,0.6136102676391602,290,864,132,0.45517241954803467,4,0.4921875,0.4062500298023224,0.39345619044874336,0.01279383897781372,0.5251164436340332
0.5,167,17,64,0.5514229536056519,290,864,140,0.48275861144065857,4,0.5390625,0.4270833432674408,0.39345619044874336,0.03362715244293213,0.6610630750656128
0.5,168,17,64,0.578174889087677,290,864,132,0.45517241954803467,4,0.5078125,0.41041669249534607,0.39345619044874336,0.016960501670837402,0.602096676826477
0.5,169,17,64,0.5350160002708435,290,864,142,0.48965516686439514,4,0.4921875,0.4062500298023224,0.39345619044874336,0.01279383897781372,0.6615625619888306
0.5,170,17,64,0.5167049765586853,290,864,122,0.4206896424293518,4,0.5546875,0.38750001788139343,0.39345619044874336,-0.005956172943115234,0.7862647175788879
0.5,171,17,64,0.531917154788971,290,864,128,0.4413793087005615,4,0.5078125,0.35625001788139343,0.39345619044874336,-0.037206172943115234,0.725273609161377
0.5,172,17,64,0.5588645339012146,290,864,128,0.4413793087005615,4,0.47265625,0.3812500238418579,0.39345619044874336,-0.012206166982650757,0.550011396408081
0.5,173,17,64,0.5714427828788757,290,864,136,0.4689655303955078,4,0.49609375,0.42916667461395264,0.39345619044874336,0.03571048378944397,0.6388303637504578
0.5,174,17,64,0.60263991355896,290,864,122,0.4206896424293518,4,0.46484375,0.3708333671092987,0.39345619044874336,-0.02262282371520996,0.4995710551738739
0.5,175,17,64,0.49112144112586975,290,864,128,0.4413793087005615,4,0.5234375,0.37291669845581055,0.39345619044874336,-0.02053949236869812,0.9635570645332336
0.5,176,17,64,0.514470636844635,290,864,122,0.4206896424293518,4,0.5,0.38750001788139343,0.39345619044874336,-0.005956172943115234,0.7682936787605286
0.5,177,17,64,0.5595424175262451,290,864,116,0.4000000059604645,4,0.484375,0.3333333432674408,0.39345619044874336,-0.06012284755706787,0.6681050062179565
0.5,178,17,64,0.5527551174163818,290,864,140,0.48275861144065857,4,0.46875,0.41875001788139343,0.39345619044874336,0.025293827056884766,0.4712833762168884
0.5,179,17,64,0.5564538836479187,290,864,130,0.4482758641242981,4,0.5,0.39375001192092896,0.39345619044874336,0.0002938210964202881,0.5643918514251709
0.5,180,17,64,0.527857780456543,290,864,118,0.40689656138420105,4,0.5234375,0.36666667461395264,0.39345619044874336,-0.02678951621055603,0.6711015105247498
0.5,181,17,64,0.48076972365379333,290,864,126,0.43448275327682495,4,0.46875,0.3750000298023224,0.39345619044874336,-0.01845616102218628,0.8565707206726074
0.5,182,17,64,0.5578945875167847,290,864,124,0.4275861978530884,4,0.51953125,0.4270833432674408,0.39345619044874336,0.03362715244293213,0.588058352470398
0.5,183,17,64,0.5198817849159241,290,864,132,0.45517241954803467,4,0.5234375,0.39375001192092896,0.39345619044874336,0.0002938210964202881,0.771453857421875
0.5,184,17,64,0.5216273665428162,290,864,114,0.3931034505367279,4,0.50390625,0.37708336114883423,0.39345619044874336,-0.01637282967567444,0.7777601480484009
0.5,185,17,64,0.5197641849517822,290,864,148,0.5103448033332825,4,0.4921875,0.41875001788139343,0.39345619044874336,0.025293827056884766,0.7490606307983398
0.5,186,17,64,0.5634299516677856,290,864,146,0.5034482479095459,4,0.51953125,0.4125000238418579,0.39345619044874336,0.019043833017349243,0.5481441020965576
0.5,187,17,64,0.48834121227264404,290,864,122,0.4206896424293518,4,0.49609375,0.3812500238418579,0.39345619044874336,-0.012206166982650757,0.8019464612007141
0.5,188,17,64,0.5515002608299255,290,864,152,0.5241379141807556,4,0.50390625,0.4166666865348816,0.39345619044874336,0.023210495710372925,0.5571869015693665
0.5,189,17,64,0.5292156338691711,290,864,134,0.46206897497177124,4,0.4921875,0.42500001192092896,0.39345619044874336,0.03154382109642029,0.6070806980133057
0.5,190,17,64,0.5801786780357361,290,864,144,0.4965517222881317,4,0.5,0.41041669249534607,0.39345619044874336,0.016960501670837402,0.6016297340393066
0.5,191,17,64,0.5223751664161682,290,864,120,0.41379308700561523,4,0.51953125,0.38333335518836975,0.39345619044874336,-0.010122835636138916,0.6689285635948181
0.5,192,17,64,0.5709848999977112,290,864,124,0.4275861978530884,4,0.5078125,0.3750000298023224,0.39345619044874336,-0.01845616102218628,0.6118544936180115
0.5,193,17,64,0.5527274012565613,290,864,122,0.4206896424293518,4,0.5234375,0.3687500059604645,0.39345619044874336,-0.02470618486404419,0.6162276268005371
0.5,194,17,64,0.5196837186813354,290,864,126,0.43448275327682495,4,0.50390625,0.3708333671092987,0.39345619044874336,-0.02262282371520996,0.7186906933784485
0.5,195,17,64,0.5665183067321777,290,864,138,0.475862056016922,4,0.5,0.44583335518836975,0.39345619044874336,0.052377164363861084,0.586331307888031
0.5,196,17,64,0.5508254170417786,290,864,134,0.46206897497177124,4,0.51171875,0.38333335518836975,0.39345619044874336,-0.010122835636138916,0.5397000908851624
0.5,197,17,64,0.5119961500167847,290,864,132,0.45517241954803467,4,0.546875,0.43958336114883423,0.39345619044874336,0.04612717032432556,0.7963773012161255
0.5,198,17,64,0.5445151329040527,290,864,130,0.4482758641242981,4,0.5078125,0.40833336114883423,0.39345619044874336,0.014877170324325562,0.5999711751937866
0.5,199,17,64,0.5635740160942078,290,864,130,0.4482758641242981,4,0.5078125,0.41458335518836975,0.39345619044874336,0.021127164363861084,0.5320789813995361
0.5,200,17,64,0.4872778654098511,290,864,140,0.48275861144065857,4,0.4765625,0.42500001192092896,0.39345619044874336,0.03154382109642029,0.8277875781059265
0.5,201,17,64,0.568745493888855,290,864,134,0.46206897497177124,4,0.5078125,0.3895833492279053,0.39345619044874336,-0.0038728415966033936,0.6208845376968384
0.5,202,17,64,0.4720305800437927,290,864,140,0.48275861144065857,4,0.5078125,0.4020833671092987,0.39345619044874336,0.008627176284790039,0.7362460494041443
0.5,203,17,64,0.5811477303504944,290,864,142,0.48965516686439514,4,0.515625,0.3854166865348816,0.39345619044874336,-0.008039504289627075,0.47477561235427856
0.5,204,17,64,0.5572342872619629,290,864,116,0.4000000059604645,4,0.48828125,0.34791669249534607,0.39345619044874336,-0.0455394983291626,0.5027279257774353
0.5,205,17,64,0.5299378037452698,290,864,128,0.4413793087005615,4,0.5234375,0.4062500298023224,0.39345619044874336,0.01279383897781372,0.5749971866607666
0.5,206,17,64,0.5692946314811707,290,864,136,0.4689655303955078,4,0.4921875,0.4437500238418579,0.39345619044874336,0.05029383301734924,0.492917001247406
0.5,207,17,64,0.5061001181602478,290,864,136,0.4689655303955078,4,0.4765625,0.3645833432674408,0.39345619044874336,-0.02887284755706787,0.6691464781761169
0.5,208,17,64,0.5476285815238953,290,864,132,0.45517241954803467,4,0.49609375,0.3750000298023224,0.39345619044874336,-0.01845616102218628,0.6820318698883057
0.5,209,17,64,0.5823773741722107,290,864,138,0.475862056016922,4,0.48828125,0.4062500298023224,0.39345619044874336,0.01279383897781372,0.5010589361190796
0.5,210,17,64,0.5337926745414734,290,864,124,0.4275861978530884,4,0.4609375,0.4270833432674408,0.39345619044874336,0.03362715244293213,0.679969072341919
0.5,211,17,64,0.4997066259384155,290,864,136,0.4689655303955078,4,0.4921875,0.37708336114883423,0.39345619044874336,-0.01637282967567444,0.6474336385726929
0.5,212,17,64,0.5548856854438782,290,864,130,0.4482758641242981,4,0.49609375,0.38750001788139343,0.39345619044874336,-0.005956172943115234,0.4339962601661682
0.5,213,17,64,0.5388187170028687,290,864,126,0.43448275327682495,4,0.48046875,0.38333335518836975,0.39345619044874336,-0.010122835636138916,0.6042770147323608
0.5,214,17,64,0.5776991844177246,290,864,128,0.4413793087005615,4,0.52734375,0.3958333432674408,0.39345619044874336,0.002377152442932129,0.5138094425201416
0.5,215,17,64,0.5405057072639465,290,864,116,0.4000000059604645,4,0.5078125,0.3854166865348816,0.39345619044874336,-0.008039504289627075,0.6977502107620239
0.5,216,17,64,0.5160313248634338,290,864,142,0.48965516686439514,4,0.48046875,0.41875001788139343,0.39345619044874336,0.025293827056884766,0.6937078237533569
0.5,217,17,64,0.5147145390510559,290,864,142,0.48965516686439514,4,0.50390625,0.40833336114883423,0.39345619044874336,0.014877170324325562,0.695838451385498
0.5,218,17,64,0.5822343230247498,290,864,126,0.43448275327682495,4,0.54296875,0.3750000298023224,0.39345619044874336,-0.01845616102218628,0.5996272563934326
0.5,219,17,64,0.5610934495925903,290,864,148,0.5103448033332825,4,0.50390625,0.44166669249534607,0.39345619044874336,0.0482105016708374,0.5834454894065857
0.5,220,17,64,0.5512194037437439,290,864,148,0.5103448033332825,4,0.50390625,0.4062500298023224,0.39345619044874336,0.01279383897781372,0.532488226890564
0.5,221,17,64,0.5248666405677795,290,864,132,0.45517241954803467,4,0.4921875,0.3916666805744171,0.39345619044874336,-0.0017895102500915527,0.5992337465286255
0.5,222,17,64,0.5310150980949402,290,864,134,0.46206897497177124,4,0.484375,0.3750000298023224,0.39345619044874336,-0.01845616102218628,0.6479958295822144
0.5,223,17,64,0.5587102770805359,290,864,130,0.4482758641242981,4,0.484375,0.38333335518836975,0.39345619044874336,-0.010122835636138916,0.636185348033905
0.5,224,17,64,0.609255313873291,290,864,132,0.45517241954803467,4,0.5,0.42500001192092896,0.39345619044874336,0.03154382109642029,0.5862170457839966
0.5,225,17,64,0.4781034290790558,290,864,116,0.4000000059604645,4,0.515625,0.37916669249534607,0.39345619044874336,-0.014289498329162598,0.7970224618911743
0.5,226,17,64,0.5657182335853577,290,864,152,0.5241379141807556,4,0.53125,0.4541666805744171,0.39345619044874336,0.06071048974990845,0.48867613077163696
0.5,227,17,64,0.6098027229309082,290,864,134,0.46206897497177124,4,0.52734375,0.39791667461395264,0.39345619044874336,0.00446048378944397,0.6061403155326843
0.5,228,17,64,0.5433556437492371,290,864,142,0.48965516686439514,4,0.5234375,0.3854166865348816,0.39345619044874336,-0.008039504289627075,0.721388578414917
0.5,229,17,64,0.5491405725479126,290,864,128,0.4413793087005615,4,0.4921875,0.3958333432674408,0.39345619044874336,0.002377152442932129,0.5729269981384277
0.5,230,17,64,0.5282123684883118,290,864,138,0.475862056016922,4,0.48828125,0.3812500238418579,0.39345619044874336,-0.012206166982650757,0.6218662261962891
0.5,231,17,64,0.5315236449241638,290,864,132,0.45517241954803467,4,0.49609375,0.3645833432674408,0.39345619044874336,-0.02887284755706787,0.6869372129440308
0.5,232,17,64,0.5407397747039795,290,864,128,0.4413793087005615,4,0.515625,0.41041669249534607,0.39345619044874336,0.016960501670837402,0.6649376749992371
0.5,233,17,64,0.5614251494407654,290,864,128,0.4413793087005615,4,0.50390625,0.3916666805744171,0.39345619044874336,-0.0017895102500915527,0.5306763052940369
0.5,234,17,64,0.5342110991477966,290,864,118,0.40689656138420105,4,0.50390625,0.36666667461395264,0.39345619044874336,-0.02678951621055603,0.6523239612579346
0.5,235,17,64,0.5718427300453186,290,864,136,0.4689655303955078,4,0.48828125,0.3916666805744171,0.39345619044874336,-0.0017895102500915527,0.6206700801849365
0.5,236,17,64,0.5717911124229431,290,864,132,0.45517241954803467,4,0.5,0.39791667461395264,0.39345619044874336,0.00446048378944397,0.4917948246002197
0.5,237,17,64,0.4875965416431427,290,864,132,0.45517241954803467,4,0.4765625,0.3750000298023224,0.39345619044874336,-0.01845616102218628,0.7841898202896118
0.5,238,17,64,0.5518080592155457,290,864,134,0.46206897497177124,4,0.484375,0.37291669845581055,0.39345619044874336,-0.02053949236869812,0.6471663117408752
0.5,239,17,64,0.5303610563278198,290,864,128,0.4413793087005615,4,0.48046875,0.38750001788139343,0.39345619044874336,-0.005956172943115234,0.6894972324371338
0.5,240,17,64,0.48703065514564514,290,864,112,0.38620689511299133,4,0.515625,0.36666667461395264,0.39345619044874336,-0.02678951621055603,0.6655584573745728
0.5,241,17,64,0.5408371090888977,290,864,140,0.48275861144065857,4,0.45703125,0.4125000238418579,0.39345619044874336,0.019043833017349243,0.6551462411880493
0.5,242,17,64,0.5232383608818054,290,864,120,0.41379308700561523,4,0.49609375,0.3500000238418579,0.39345619044874336,-0.04345616698265076,0.6319348216056824
0.5,243,17,64,0.4919266104698181,290,864,118,0.40689656138420105,4,0.4765625,0.39791667461395264,0.39345619044874336,0.00446048378944397,0.7840839624404907
0.5,244,17,64,0.5293229222297668,290,864,132,0.45517241954803467,4,0.484375,0.43125003576278687,0.39345619044874336,0.0377938449382782,0.6240123510360718
0.5,245,17,64,0.5393784642219543,290,864,118,0.40689656138420105,4,0.4921875,0.39791667461395264,0.39345619044874336,0.00446048378944397,0.6563282012939453
0.5,246,17,64,0.5640173554420471,290,864,138,0.475862056016922,4,0.48046875,0.4333333671092987,0.39345619044874336,0.03987717628479004,0.5296626091003418
0.5,247,17,64,0.5404673218727112,290,864,144,0.4965517222881317,4,0.5234375,0.4208333492279053,0.39345619044874336,0.027377158403396606,0.7109926342964172
0.5,248,17,64,0.5243889689445496,290,864,122,0.4206896424293518,4,0.48828125,0.37916669249534607,0.39345619044874336,-0.014289498329162598,0.7249272465705872
0.5,249,17,64,0.5434904098510742,290,864,132,0.45517241954803467,4,0.5,0.40000003576278687,0.39345619044874336,0.006543844938278198,0.547076940536499
0.5,250,17,64,0.5971568822860718,290,864,142,0.48965516686439514,4,0.50390625,0.45000001788139343,0.39345619044874336,0.056543827056884766,0.5066603422164917
0.5,251,17,64,0.5181636214256287,290,864,122,0.4206896424293518,4,0.4921875,0.3583333492279053,0.39345619044874336,-0.035122841596603394,0.7236865758895874
0.5,252,17,64,0.5322091579437256,290,864,130,0.4482758641242981,4,0.50390625,0.37291669845581055,0.39345619044874336,-0.02053949236869812,0.651285707950592
0.5,253,17,64,0.5473558902740479,290,864,132,0.45517241954803467,4,0.484375,0.3812500238418579,0.39345619044874336,-0.012206166982650757,0.5352311134338379
0.5,254,17,64,0.5577573180198669,290,864,128,0.4413793087005615,4,0.50390625,0.40000003576278687,0.39345619044874336,0.006543844938278198,0.5907331705093384
0.5,255,17,64,0.5663608908653259,290,864,136,0.4689655303955078,4,0.5234375,0.4062500298023224,0.39345619044874336,0.01279383897781372,0.5182733535766602
0.5,0,33,64,0.4858529269695282,1090,3264,480,0.4403669834136963,4,0.515625,0.40070563554763794,0.4013698457873672,-0.0006642043590545654,0.47472715377807617
0.5,1,33,64,0.5617324113845825,1090,3264,512,0.46972477436065674,4,0.4921875,0.41683465242385864,0.4013698457873672,0.015464812517166138,0.34684520959854126
0.5,2,33,64,0.5700807571411133,1090,3264,494,0.4532110095024109,4,0.50390625,0.4037298262119293,0.4013698457873672,0.0023599863052368164,0.3259587287902832
0.5,3,33,64,0.5373176336288452,1090,3264,466,0.4275229275226593,4,0.4921875,0.3870967626571655,0.4013698457873672,-0.014273077249526978,0.3680710196495056
0.5,4,33,64,0.5642926692962646,1090,3264,492,0.45137614011764526,4,0.5146484375,0.40020158886909485,0.4013698457873672,-0.0011682510375976562,0.3697693645954132
0.5,5,33,64,0.5351541042327881,1090,3264,512,0.46972477436065674,4,0.490234375,0.3936491906642914,0.4013698457873672,-0.007720649242401123,0.427560031414032
0.5,6,33,64,0.536688506603241,1090,3264,512,0.46972477436065674,4,0.4853515625,0.40221771597862244,0.4013698457873672,0.0008478760719299316,0.42940932512283325
0.5,7,33,64,0.5350441336631775,1090,3264,484,0.44403669238090515,4,0.5078125,0.4072580635547638,0.4013698457873672,0.005888223648071289,0.4431353509426117
0.5,8,33,64,0.532925009727478,1090,3264,488,0.4477064311504364,4,0.5048828125,0.3755040168762207,0.4013698457873672,-0.025865823030471802,0.4445369839668274
0.5,9,33,64,0.5392028093338013,1090,3264,492,0.45137614011764526,4,0.4921875,0.4092741906642914,0.4013698457873672,0.007904350757598877,0.45168501138687134
0.5,10,33,64,0.5334295034408569,1090,3264,502,0.460550457239151,4,0.5107421875,0.4047378897666931,0.4013698457873672,0.0033680498600006104,0.5056003332138062
0.5,11,33,64,0.5982065796852112,1090,3264,524,0.4807339608669281,4,0.50390625,0.4213709533214569,0.4013698457873672,0.020001113414764404,0.2907281517982483
0.5,12,33,64,0.6328684687614441,1090,3264,482,0.4422018527984619,4,0.5185546875,0.4077620804309845,0.4013698457873672,0.006392240524291992,0.26888591051101685
0.5,13,33,64,0.5931171774864197,1090,3264,524,0.4807339608669281,4,0.5048828125,0.4238911271095276,0.4013698457873672,0.022521287202835083,0.31573331356048584
0.5,14,33,64,0.5159396529197693,1090,3264,490,0.449541300535202,4,0.501953125,0.38608869910240173,0.4013698457873672,-0.015281140804290771,0.40222305059432983
0.5,15,33,64,0.551395833492279,1090,3264,492,0.45137614011764526,4,0.5068359375,0.3911290168762207,0.4013698457873672,-0.010240823030471802,0.3628905713558197
0.5,16,33,64,0.5493049621582031,1090,3264,478,0.43853211402893066,4,0.49609375,0.39768144488334656,0.4013698457873672,-0.0036883950233459473,0.39197084307670593
0.5,17,33,64,0.5796827673912048,1090,3264,520,0.47706422209739685,4,0.4931640625,0.41532257199287415,0.4013698457873672,0.01395273208618164,0.3187055289745331
0.5,18,33,64,0.5331692695617676,1090,3264,506,0.46422019600868225,4,0.49609375,0.41280239820480347,0.4013698457873672,0.011432558298110962,0.4259185791015625
0.5,19,33,64,0.4812712073326111,1090,3264,484,0.44403669238090515,4,0.5205078125,0.3785282075405121,0.4013698457873672,-0.02284163236618042,0.4907896816730499
0.5,20,33,64,0.473070353269577,1090,3264,476,0.43669724464416504,4,0.513671875,0.3916330635547638,0.4013698457873672,-0.009736776351928711,0.5259900689125061
0.5,21,33,64,0.5539160370826721,1090,3264,512,0.46972477436065674,4,0.4951171875,0.4082661271095276,0.4013698457873672,0.006896287202835083,0.3546048700809479
0.5,22,33,64,0.508927583694458,1090,3264,516,0.473394513130188,4,0.50390625,0.4092741906642914,0.4013698457873672,0.007904350757598877,0.5435162782669067
0.5,23,33,64,0.5379087328910828,1090,3264,484,0.44403669238090515,4,0.5146484375,0.3916330635547638,0.4013698457873672,-0.009736776351928711,0.408024400472641
0.5,24,33,64,0.519199013710022,1090,3264,484,0.44403669238090515,4,0.48046875,0.41129031777381897,0.4013698457873672,0.009920477867126465,0.4693085253238678
0.5,25,33,64,0.5789362192153931,1090,3264,508,0.4660550355911255,4,0.49609375,0.41481852531433105,0.4013698457873672,0.01344868540763855,0.32999345660209656
0.5,26,33,64,0.5021131634712219,1090,3264,476,0.43669724464416504,4,0.4921875,0.37046369910240173,0.4013698457873672,-0.03090614080429077,0.4895382225513458
0.5,27,33,64,0.4968312382698059,1090,3264,504,0.4623853266239166,4,0.4873046875,0.39768144488334656,0.4013698457873672,-0.0036883950233459473,0.49239790439605713
0.5,28,33,64,0.5041682124137878,1090,3264,478,0.43853211402893066,4,0.5029296875,0.3891128897666931,0.4013698457873672,-0.01225695013999939,0.530326783657074
0.5,29,33,64,0.5624521970748901,1090,3264,490,0.449541300535202,4,0.48828125,0.41431450843811035,0.4013698457873672,0.012944668531417847,0.330183207988739
0.5,30,33,64,0.5703732967376709,1090,3264,486,0.4458715617656708,4,0.501953125,0.3790322542190552,0.4013698457873672,-0.02233758568763733,0.38319307565689087
0.5,31,33,64,0.4983052611351013,1090,3264,498,0.45688074827194214,4,0.5087890625,0.38659271597862244,0.4013698457873672,-0.014777123928070068,0.5499783158302307
0.5,32,33,64,0.5007262825965881,1090,3264,518,0.4752293527126312,4,0.505859375,0.4102822542190552,0.4013698457873672,0.008912414312362671,0.5643583536148071
0.5,33,33,64,0.562140166759491,1090,3264,510,0.4678899049758911,4,0.5126953125,0.41532257199287415,0.4013698457873672,0.01395273208618164,0.31718650460243225
0.5,34,33,64,0.539872944355011,1090,3264,488,0.4477064311504364,4,0.5087890625,0.3891128897666931,0.4013698457873672,-0.01225695013999939,0.44327855110168457
0.5,35,33,64,0.5616123676300049,1090,3264,506,0.46422019600868225,4,0.4912109375,0.4259072542190552,0.4013698457873672,0.02453741431236267,0.32382601499557495
0.5,36,33,64,0.5721785426139832,1090,3264,486,0.4458715617656708,4,0.5087890625,0.4042338728904724,0.4013698457873672,0.0028640329837799072,0.3672765791416168
0.5,37,33,64,0.5230849981307983,1090,3264,464,0.42568808794021606,4,0.494140625,0.3724798262119293,0.4013698457873672,-0.028890013694763184,0.4278741776943207
0.5,38,33,64,0.5497562289237976,1090,3264,498,0.45688074827194214,4,0.513671875,0.41381046175956726,0.4013698457873672,0.012440621852874756,0.41861867904663086
0.5,39,33,64,0.5579875707626343,1090,3264,502,0.460550457239151,4,0.494140625,0.4057459533214569,0.4013698457873672,0.004376113414764404,0.42451342940330505
0.5,40,33,64,0.5644465088844299,1090,3264,496,0.4550458788871765,4,0.505859375,0.4092741906642914,0.4013698457873672,0.007904350757598877,0.3545602560043335
0.5,41,33,64,0.48823803663253784,1090,3264,498,0.45688074827194214,4,0.4892578125,0.39717739820480347,0.4013698457873672,-0.004192441701889038,0.5496923923492432
0.5,42,33,64,0.5367998480796814,1090,3264,484,0.44403669238090515,4,0.5146484375,0.3946572542190552,0.4013698457873672,-0.006712585687637329,0.4343039095401764
0.5,43,33,64,0.5474513173103333,1090,3264,484,0.44403669238090515,4,0.513671875,0.39868950843811035,0.4013698457873672,-0.0026803314685821533,0.4063701033592224
0.5,44,33,64,0.4963320195674896,1090,3264,498,0.45688074827194214,4,0.4912109375,0.4107862710952759,0.4013698457873672,0.009416431188583374,0.5217083692550659
0.5,45,33,64,0.5540978908538818,1090,3264,514,0.47155964374542236,4,0.4892578125,0.41229838132858276,0.4013698457873672,0.010928541421890259,0.3968617618083954
0.5,46,33,64,0.5600178837776184,1090,3264,482,0.4422018527984619,4,0.5,0.3891128897666931,0.4013698457873672,-0.01225695013999939,0.3589416742324829
0.5,47,33,64,0.5840376615524292,1090,3264,520,0.47706422209739685,4,0.4921875,0.41481852531433105,0.4013698457873672,0.01344868540763855,0.3293325901031494
0.5,48,33,64,0.5581863522529602,1090,3264,508,0.4660550355911255,4,0.501953125,0.3951612710952759,0.4013698457873672,-0.006208568811416626,0.3704332709312439
0.5,49,33,64,0.5342034101486206,1090,3264,490,0.449541300535202,4,0.5048828125,0.3876008093357086,0.4013698457873672,-0.013769030570983887,0.38327330350875854
0.5,50,33,64,0.5478187203407288,1090,3264,500,0.4587155878543854,4,0.505859375,0.3870967626571655,0.4013698457873672,-0.014273077249526978,0.39566850662231445
0.5,51,33,64,0.46078193187713623,1090,3264,508,0.4660550355911255,4,0.49609375,0.41733869910240173,0.4013698457873672,0.01596885919570923,0.5803232192993164
0.5,52,33,64,0.5791711211204529,1090,3264,486,0.4458715617656708,4,0.49609375,0.3911290168762207,0.4013698457873672,-0.010240823030471802,0.3072822391986847
0.5,53,33,64,0.5284976959228516,1090,3264,522,0.4788990914821625,4,0.50390625,0.41229838132858276,0.4013698457873672,0.010928541421890259,0.40704458951950073
0.5,54,33,64,0.5571011900901794,1090,3264,502,0.460550457239151,4,0.4912109375,0.4082661271095276,0.4013698457873672,0.006896287202835083,0.3907684087753296
0.5,55,33,64,0.5581027865409851,1090,3264,524,0.4807339608669281,4,0.4931640625,0.4248991906642914,0.4013698457873672,0.023529350757598877,0.3663889467716217
0.5,56,33,64,0.5914637446403503,1090,3264,502,0.460550457239151,4,0.49609375,0.38205644488334656,0.4013698457873672,-0.019313395023345947,0.3178260624408722
0.5,57,33,64,0.5747391581535339,1090,3264,504,0.4623853266239166,4,0.5029296875,0.4102822542190552,0.4013698457873672,0.008912414312362671,0.32573920488357544
0.5,58,33,64,0.5163829922676086,1090,3264,492,0.45137614011764526,4,0.4990234375,0.4117943346500397,0.4013698457873672,0.010424494743347168,0.5061742067337036
0.5,59,33,64,0.47474560141563416,1090,3264,462,0.42385321855545044,4,0.5009765625,0.39818546175956726,0.4013698457873672,-0.003184378147125244,0.48812466859817505
0.5,60,33,64,0.5979146361351013,1090,3264,482,0.4422018527984619,4,0.498046875,0.40625,0.4013698457873672,0.004880160093307495,0.31404194235801697
0.5,61,33,64,0.5659423470497131,1090,3264,466,0.4275229275226593,4,0.5224609375,0.39919352531433105,0.4013698457873672,-0.00217631459236145,0.37653714418411255
0.5,62,33,64,0.545573890209198,1090,3264,486,0.4458715617656708,4,0.5029296875,0.3926411271095276,0.4013698457873672,-0.008728712797164917,0.4304206073284149
0.5,63,33,64,0.5317205786705017,1090,3264,506,0.46422019600868225,4,0.4892578125,0.4037298262119293,0.4013698457873672,0.0023599863052368164,0.4002212882041931
0.5,64,33,64,0.5021767616271973,1090,3264,512,0.46972477436065674,4,0.5146484375,0.4047378897666931,0.4013698457873672,0.0033680498600006104,0.4428413510322571
0.5,65,33,64,0.5424675941467285,1090,3264,482,0.4422018527984619,4,0.4912109375,0.41129031777381897,0.4013698457873672,0.009920477867126465,0.4947302043437958
0.5,66,33,64,0.5438065528869629,1090,3264,484,0.44403669238090515,4,0.5029296875,0.4067540168762207,0.4013698457873672,0.005384176969528198,0.40569576621055603
0.5,67,33,64,0.5621290802955627,1090,3264,490,0.449541300535202,4,0.509765625,0.39919352531433105,0.4013698457873672,-0.00217631459236145,0.3733433187007904
0.5,68,33,64,0.5020632743835449,1090,3264,516,0.473394513130188,4,0.50390625,0.4097782075405121,0.4013698457873672,0.00840836763381958,0.48030751943588257
0.5,69,33,64,0.5202746391296387,1090,3264,494,0.4532110095024109,4,0.4970703125,0.4072580635547638,0.4013698457873672,0.005888223648071289,0.43961793184280396
0.5,70,33,64,0.5196648836135864,1090,3264,522,0.4788990914821625,4,0.4970703125,0.4228830635547638,0.4013698457873672,0.02151322364807129,0.48486313223838806
0.5,71,33,64,0.5393953919410706,1090,3264,504,0.4623853266239166,4,0.5107421875,0.38608869910240173,0.4013698457873672,-0.015281140804290771,0.5320388078689575
0.5,72,33,64,0.5828970074653625,1090,3264,492,0.45137614011764526,4,0.4970703125,0.40322577953338623,0.4013698457873672,0.0018559396266937256,0.3664795458316803
0.5,73,33,64,0.5723727941513062,1090,3264,492,0.45137614011764526,4,0.5078125,0.40171369910240173,0.4013698457873672,0.0003438591957092285,0.3503871560096741
0.5,74,33,64,0.5345847606658936,1090,3264,502,0.460550457239151,4,0.4873046875,0.3931451439857483,0.4013698457873672,-0.008224695920944214,0.4753088057041168
0.5,75,33,64,0.5437906384468079,1090,3264,484,0.44403669238090515,4,0.4912109375,0.4037298262119293,0.4013698457873672,0.0023599863052368164,0.3735799789428711
0.5,76,33,64,0.5532776713371277,1090,3264,496,0.4550458788871765,4,0.4931640625,0.39969757199287415,0.4013698457873672,-0.0016722679138183594,0.3798803687095642
0.5,77,33,64,0.48296284675598145,1090,3264,510,0.4678899049758911,4,0.501953125,0.4047378897666931,0.4013698457873672,0.0033680498600006104,0.5615156888961792
0.5,78,33,64,0.5285032391548157,1090,3264,498,0.45688074827194214,4,0.494140625,0.4052419364452362,0.4013698457873672,0.003872096538543701,0.5310593843460083
0.5,79,33,64,0.6299095749855042,1090,3264,522,0.4788990914821625,4,0.49609375,0.4057459533214569,0.4013698457873672,0.004376113414764404,0.2964855432510376
0.5,80,33,64,0.5359997153282166,1090,3264,496,0.4550458788871765,4,0.5029296875,0.4097782075405121,0.4013698457873672,0.00840836763381958,0.5005907416343689
0.5,81,33,64,0.5003495216369629,1090,3264,522,0.4788990914821625,4,0.5126953125,0.4097782075405121,0.4013698457873672,0.00840836763381958,0.5545992851257324
0.5,82,33,64,0.5052884221076965,1090,3264,468,0.4293577969074249,4,0.5126953125,0.3739919364452362,0.4013698457873672,-0.0273779034614563,0.4109507203102112
0.5,83,33,64,0.5831437110900879,1090,3264,526,0.48256880044937134,4,0.5078125,0.41582658886909485,0.4013698457873672,0.014456748962402344,0.3431118130683899
0.5,84,33,64,0.6097574234008789,1090,3264,484,0.44403669238090515,4,0.4990234375,0.3876008093357086,0.4013698457873672,-0.013769030570983887,0.2954590320587158
0.5,85,33,64,0.5495166778564453,1090,3264,512,0.46972477436065674,4,0.4951171875,0.40120965242385864,0.4013698457873672,-0.0001601874828338623,0.4078560471534729
0.5,86,33,64,0.5536603927612305,1090,3264,488,0.4477064311504364,4,0.5,0.41129031777381897,0.4013698457873672,0.009920477867126465,0.4123714566230774
0.5,87,33,64,0.5302031636238098,1090,3264,510,0.4678899049758911,4,0.49609375,0.4027217626571655,0.4013698457873672,0.0013519227504730225,0.4746141731739044
0.5,88,33,64,0.5008732080459595,1090,3264,490,0.449541300535202,4,0.50390625,0.4067540168762207,0.4013698457873672,0.005384176969528198,0.5519585609436035
0.5,89,33,64,0.5711129307746887,1090,3264,506,0.46422019600868225,4,0.51953125,0.40020158886909485,0.4013698457873672,-0.0011682510375976562,0.31963884830474854
0.5,90,33,64,0.5238266587257385,1090,3264,480,0.4403669834136963,4,0.4912109375,0.3911290168762207,0.4013698457873672,-0.010240823030471802,0.48940956592559814
0.5,91,33,64,0.5910329818725586,1090,3264,496,0.4550458788871765,4,0.4970703125,0.41330644488334656,0.4013698457873672,0.011936604976654053,0.35084837675094604
0.5,92,33,64,0.5500596165657043,1090,3264,512,0.46972477436065674,4,0.5029296875,0.4057459533214569,0.4013698457873672,0.004376113414764404,0.3623206615447998
0.5,93,33,64,0.5584877729415894,1090,3264,500,0.4587155878543854,4,0.505859375,0.4208669364452362,0.4013698457873672,0.0194970965385437,0.42177093029022217
0.5,94,33,64,0.4904193580150604,1090,3264,470,0.43119266629219055,4,0.4931640625,0.3881048262119293,0.4013698457873672,-0.013265013694763184,0.5551678538322449
0.5,95,33,64,0.5798228979110718,1090,3264,506,0.46422019600868225,4,0.501953125,0.41582658886909485,0.4013698457873672,0.014456748962402344,0.3143763840198517
0.5,96,33,64,0.5553567409515381,1090,3264,514,0.47155964374542236,4,0.4990234375,0.3790322542190552,0.4013698457873672,-0.02233758568763733,0.3871056139469147
0.5,97,33,64,0.5402461886405945,1090,3264,510,0.4678899049758911,4,0.5068359375,0.4067540168762207,0.4013698457873672,0.005384176969528198,0.47496435046195984
0.5,98,33,64,0.5922030210494995,1090,3264,496,0.4550458788871765,4,0.5,0.39818546175956726,0.4013698457873672,-0.003184378147125244,0.30943533778190613
0.5,99,33,64,0.5262383222579956,1090,3264,468,0.4293577969074249,4,0.494140625,0.4082661271095276,0.4013698457873672,0.006896287202835083,0.3665878176689148
0.5,100,33,64,0.5219908952713013,1090,3264,486,0.4458715617656708,4,0.4814453125,0.3805443346500397,0.4013698457873672,-0.020825505256652832,0.5038049221038818
0.5,101,33,64,0.4910321533679962,1090,3264,466,0.4275229275226593,4,0.4873046875,0.38004031777381897,0.4013698457873672,-0.021329522132873535,0.48898500204086304
0.5,102,33,64,0.5266005992889404,1090,3264,486,0.4458715617656708,4,0.4970703125,0.4052419364452362,0.4013698457873672,0.003872096538543701,0.38350969552993774
0.5,103,33,64,0.46391814947128296,1090,3264,496,0.4550458788871765,4,0.4892578125,0.41330644488334656,0.4013698457873672,0.011936604976654053,0.5848070383071899
0.5,104,33,64,0.5546405911445618,1090,3264,510,0.4678899049758911,4,0.5107421875,0.39818546175956726,0.4013698457873672,-0.003184378147125244,0.42698609828948975
0.5,105,33,64,0.5892425775527954,1090,3264,514,0.47155964374542236,4,0.5107421875,0.4274193346500397,0.4013698457873672,0.026049494743347168,0.35464251041412354
0.5,106,33,64,0.5548924207687378,1090,3264,524,0.4807339608669281,4,0.509765625,0.3881048262119293,0.4013698457873672,-0.013265013694763184,0.3461468815803528
0.5,107,33,64,0.5162221789360046,1090,3264,490,0.449541300535202,4,0.501953125,0.40171369910240173,0.4013698457873672,0.0003438591957092285,0.4359402060508728
0.5,108,33,64,0.511752724647522,1090,3264,496,0.4550458788871765,4,0.4912109375,0.4027217626571655,0.4013698457873672,0.0013519227504730225,0.429328978061676
0.5,109,33,64,0.5155066251754761,1090,3264,494,0.4532110095024109,4,0.494140625,0.4072580635547638,0.4013698457873672,0.005888223648071289,0.4090403914451599
0.5,110,33,64,0.5488582849502563,1090,3264,508,0.4660550355911255,4,0.5048828125,0.41683465242385864,0.4013698457873672,0.015464812517166138,0.4238182008266449
0.5,111,33,64,0.5972357392311096,1090,3264,502,0.460550457239151,4,0.4892578125,0.4037298262119293,0.4013698457873672,0.0023599863052368164,0.3448880910873413
0.5,112,33,64,0.523160994052887,1090,3264,522,0.4788990914821625,4,0.501953125,0.41381046175956726,0.4013698457873672,0.012440621852874756,0.439633846282959
0.5,113,33,64,0.5847368836402893,1090,3264,492,0.45137614011764526,4,0.4990234375,0.40221771597862244,0.4013698457873672,0.0008478760719299316,0.35937339067459106
0.5,114,33,64,0.5641022324562073,1090,3264,496,0.4550458788871765,4,0.4892578125,0.41381046175956726,0.4013698457873672,0.012440621852874756,0.3879409432411194
0.5,115,33,64,0.51577228307724,1090,3264,494,0.4532110095024109,4,0.4912109375,0.38407257199287415,0.4013698457873672,-0.01729726791381836,0.47509288787841797
0.5,116,33,64,0.5878281593322754,1090,3264,472,0.4330275356769562,4,0.505859375,0.3951612710952759,0.4013698457873672,-0.006208568811416626,0.3763343095779419
0.5,117,33,64,0.5354886651039124,1090,3264,514,0.47155964374542236,4,0.4970703125,0.4042338728904724,0.4013698457873672,0.0028640329837799072,0.41969138383865356
0.5,118,33,64,0.5316806435585022,1090,3264,502,0.460550457239151,4,0.5126953125,0.3896169364452362,0.4013698457873672,-0.011752903461456299,0.4149147868156433
0.5,119,33,64,0.47624289989471436,1090,3264,464,0.42568808794021606,4,0.5078125,0.39818546175956726,0.4013698457873672,-0.003184378147125244,0.5779937505722046
0.5,120,33,64,0.5902189612388611,1090,3264,502,0.460550457239151,4,0.5078125,0.3926411271095276,0.4013698457873672,-0.008728712797164917,0.37650394439697266
0.5,121,33,64,0.5209917426109314,1090,3264,476,0.43669724464416504,4,0.4931640625,0.375,0.4013698457873672,-0.026369839906692505,0.4437633752822876
0.5,122,33,64,0.5492226481437683,1090,3264,478,0.43853211402893066,4,0.501953125,0.3921370804309845,0.4013698457873672,-0.009232759475708008,0.38576292991638184
0.5,123,33,64,0.4989719092845917,1090,3264,484,0.44403669238090515,4,0.4990234375,0.38558465242385864,0.4013698457873672,-0.015785187482833862,0.4970797300338745
0.5,124,33,64,0.5381781458854675,1090,3264,502,0.460550457239151,4,0.494140625,0.41129031777381897,0.4013698457873672,0.009920477867126465,0.3818802237510681
0.5,125,33,64,0.5214370489120483,1090,3264,492,0.45137614011764526,4,0.4921875,0.41381046175956726,0.4013698457873672,0.012440621852874756,0.43083661794662476
0.5,126,33,64,0.5403226613998413,1090,3264,518,0.4752293527126312,4,0.5029296875,0.4067540168762207,0.4013698457873672,0.005384176969528198,0.38014382123947144
0.5,127,33,64,0.5788673758506775,1090,3264,490,0.449541300535202,4,0.5068359375,0.41532257199287415,0.4013698457873672,0.01395273208618164,0.35652244091033936
0.5,128,33,64,0.5561148524284363,1090,3264,518,0.4752293527126312,4,0.5029296875,0.4092741906642914,0.4013698457873672,0.007904350757598877,0.4239135980606079
0.5,129,33,64,0.5237687826156616,1090,3264,500,0.4587155878543854,4,0.5185546875,0.39969757199287415,0.4013698457873672,-0.0016722679138183594,0.45495668053627014
0.5,130,33,64,0.5576314926147461,1090,3264,496,0.4550458788871765,4,0.4833984375,0.41582658886909485,0.4013698457873672,0.014456748962402344,0.3868911862373352
0.5,131,33,64,0.5283704400062561,1090,3264,510,0.4678899049758911,4,0.4892578125,0.3946572542190552,0.4013698457873672,-0.006712585687637329,0.4115884304046631
0.5,132,33,64,0.4930244982242584,1090,3264,494,0.4532110095024109,4,0.494140625,0.3961693346500397,0.4013698457873672,-0.005200505256652832,0.5175260305404663
0.5,133,33,64,0.5587448477745056,1090,3264,490,0.449541300535202,4,0.494140625,0.3926411271095276,0.4013698457873672,-0.008728712797164917,0.3606327474117279
0.5,134,33,64,0.5124962329864502,1090,3264,514,0.47155964374542236,4,0.501953125,0.40171369910240173,0.4013698457873672,0.0003438591957092285,0.4185894727706909
0.5,135,33,64,0.4965912401676178,1090,3264,482,0.4422018527984619,4,0.4921875,0.38407257199287415,0.4013698457873672,-0.01729726791381836,0.4719735383987427
0.5,136,33,64,0.5226978659629822,1090,3264,468,0.4293577969074249,4,0.5009765625,0.3805443346500397,0.4013698457873672,-0.020825505256652832,0.46135205030441284
0.5,137,33,64,0.5171910524368286,1090,3264,508,0.4660550355911255,4,0.4951171875,0.40625,0.4013698457873672,0.004880160093307495,0.5508613586425781
0.5,138,33,64,0.5003975629806519,1090,3264,506,0.46422019600868225,4,0.501953125,0.40171369910240173,0.4013698457873672,0.0003438591957092285,0.5561271905899048
0.5,139,33,64,0.513363778591156,1090,3264,506,0.46422019600868225,4,0.474609375,0.40221771597862244,0.4013698457873672,0.0008478760719299316,0.43873852491378784
0.5,140,33,64,0.6458013653755188,1090,3264,478,0.43853211402893066,4,0.4921875,0.38256046175956726,0.4013698457873672,-0.018809378147125244,0.2258315086364746
0.5,141,33,64,0.58706134557724,1090,3264,492,0.45137614011764526,4,0.5009765625,0.40120965242385864,0.4013698457873672,-0.0001601874828338623,0.27661430835723877
0.5,142,33,64,0.534972608089447,1090,3264,474,0.4348623752593994,4,0.494140625,0.3795362710952759,0.4013698457873672,-0.021833568811416626,0.43770626187324524
0.5,143,33,64,0.5000568628311157,1090,3264,466,0.4275229275226593,4,0.49609375,0.39868950843811035,0.4013698457873672,-0.0026803314685821533,0.5545098781585693
0.5,144,33,64,0.5834169387817383,1090,3264,464,0.42568808794021606,4,0.490234375,0.3901209533214569,0.4013698457873672,-0.011248886585235596,0.3286803960800171
0.5,145,33,64,0.5336408019065857,1090,3264,486,0.4458715617656708,4,0.4990234375,0.3901209533214569,0.4013698457873672,-0.011248886585235596,0.497187077999115
0.5,146,33,64,0.5186758637428284,1090,3264,474,0.4348623752593994,4,0.4970703125,0.4097782075405121,0.4013698457873672,0.00840836763381958,0.4325227439403534
0.5,147,33,64,0.5689107775688171,1090,3264,496,0.4550458788871765,4,0.50390625,0.4077620804309845,0.4013698457873672,0.006392240524291992,0.3714272975921631
0.5,148,33,64,0.5587402582168579,1090,3264,494,0.4532110095024109,4,0.49609375,0.41481852531433105,0.4013698457873672,0.01344868540763855,0.40654563903808594
0.5,149,33,64,0.5550082921981812,1090,3264,512,0.46972477436065674,4,0.5068359375,0.4183467626571655,0.4013698457873672,0.016976922750473022,0.3702596426010132
0.5,150,33,64,0.5199581384658813,1090,3264,488,0.4477064311504364,4,0.5087890625,0.39969757199287415,0.4013698457873672,-0.0016722679138183594,0.4357511103153229
0.5,151,33,64,0.5843722224235535,1090,3264,506,0.46422019600868225,4,0.5029296875,0.40625,0.4013698457873672,0.004880160093307495,0.3519030511379242
0.5,152,33,64,0.543475329875946,1090,3264,502,0.460550457239151,4,0.5,0.41784271597862244,0.4013698457873672,0.01647287607192993,0.44023364782333374
0.5,153,33,64,0.5230013132095337,1090,3264,486,0.4458715617656708,4,0.5126953125,0.39868950843811035,0.4013698457873672,-0.0026803314685821533,0.47726717591285706
0.5,154,33,64,0.49032074213027954,1090,3264,504,0.4623853266239166,4,0.4990234375,0.3941532075405121,0.4013698457873672,-0.00721663236618042,0.5945398211479187
0.5,155,33,64,0.5412001013755798,1090,3264,510,0.4678899049758911,4,0.4921875,0.4037298262119293,0.4013698457873672,0.0023599863052368164,0.4291231036186218
0.5,156,33,64,0.5323652625083923,1090,3264,500,0.4587155878543854,4,0.498046875,0.4052419364452362,0.4013698457873672,0.003872096538543701,0.4179886281490326
0.5,157,33,64,0.4548793435096741,1090,3264,504,0.4623853266239166,4,0.4970703125,0.3941532075405121,0.4013698457873672,-0.00721663236618042,0.5694973468780518
0.5,158,33,64,0.5296868085861206,1090,3264,496,0.4550458788871765,4,0.498046875,0.3886088728904724,0.4013698457873672,-0.012760967016220093,0.42088815569877625
0.5,159,33,64,0.5370514392852783,1090,3264,498,0.45688074827194214,4,0.498046875,0.41280239820480347,0.4013698457873672,0.011432558298110962,0.4659324288368225
0.5,160,33,64,0.5692209601402283,1090,3264,482,0.4422018527984619,4,0.5078125,0.3805443346500397,0.4013698457873672,-0.020825505256652832,0.386730432510376
0.5,161,33,64,0.5778980255126953,1090,3264,482,0.4422018527984619,4,0.505859375,0.40625,0.4013698457873672,0.004880160093307495,0.3421628475189209
0.5,162,33,64,0.528415322303772,1090,3264,472,0.4330275356769562,4,0.490234375,0.3926411271095276,0.4013698457873672,-0.008728712797164917,0.43661215901374817
0.5,163,33,64,0.5449147820472717,1090,3264,492,0.45137614011764526,4,0.484375,0.4117943346500397,0.4013698457873672,0.010424494743347168,0.39545658230781555
0.5,164,33,64,0.5642284154891968,1090,3264,504,0.4623853266239166,4,0.4931640625,0.41633063554763794,0.4013698457873672,0.014960795640945435,0.4687979221343994
0.5,165,33,64,0.5141733884811401,1090,3264,490,0.449541300535202,4,0.501953125,0.4102822542190552,0.4013698457873672,0.008912414312362671,0.4001457989215851
0.5,166,33,64,0.6136102676391602,1090,3264,490,0.449541300535202,4,0.517578125,0.38155239820480347,0.4013698457873672,-0.019817441701889038,0.3554854393005371
0.5,167,33,64,0.5514229536056519,1090,3264,490,0.449541300535202,4,0.48046875,0.41683465242385864,0.4013698457873672,0.015464812517166138,0.4188079833984375
0.5,168,33,64,0.578174889087677,1090,3264,480,0.4403669834136963,4,0.4892578125,0.3770161271095276,0.4013698457873672,-0.024353712797164917,0.388899028301239
0.5,169,33,64,0.5350160002708435,1090,3264,528,0.48440366983413696,4,0.5068359375,0.4077620804309845,0.4013698457873672,0.006392240524291992,0.41509512066841125
0.5,170,33,64,0.5167049765586853,1090,3264,510,0.4678899049758911,4,0.5029296875,0.39868950843811035,0.4013698457873672,-0.0026803314685821533,0.5520747900009155
0.5,171,33,64,0.531917154788971,1090,3264,530,0.4862385392189026,4,0.51171875,0.41330644488334656,0.4013698457873672,0.011936604976654053,0.4040931761264801
0.5,172,33,64,0.5588645339012146,1090,3264,510,0.4678899049758911,4,0.498046875,0.40171369910240173,0.4013698457873672,0.0003438591957092285,0.38352832198143005
0.5,173,33,64,0.5714427828788757,1090,3264,512,0.46972477436065674,4,0.4892578125,0.4027217626571655,0.4013698457873672,0.0013519227504730225,0.4088120460510254
0.5,174,33,64,0.60263991355896,1090,3264,486,0.4458715617656708,4,0.4990234375,0.3931451439857483,0.4013698457873672,-0.008224695920944214,0.3318891227245331
0.5,175,33,64,0.49112144112586975,1090,3264,462,0.42385321855545044,4,0.498046875,0.3901209533214569,0.4013698457873672,-0.011248886585235596,0.6319743394851685
0.5,176,33,64,0.514470636844635,1090,3264,522,0.4788990914821625,4,0.5048828125,0.4203628897666931,0.4013698457873672,0.01899304986000061,0.5131626129150391
0.5,177,33,64,0.5595424175262451,1090,3264,508,0.4660550355911255,4,0.4931640625,0.4037298262119293,0.4013698457873672,0.0023599863052368164,0.4156525433063507
0.5,178,33,64,0.5527551174163818,1090,3264,478,0.43853211402893066,4,0.5029296875,0.3946572542190552,0.4013698457873672,-0.006712585687637329,0.37050896883010864
0.5,179,33,64,0.5564538836479187,1090,3264,506,0.46422019600868225,4,0.5078125,0.42893144488334656,0.4013698457873672,0.027561604976654053,0.34726202487945557
0.5,180,33,64,0.527857780456543,1090,3264,506,0.46422019600868225,4,0.5078125,0.4067540168762207,0.4013698457873672,0.005384176969528198,0.4423351287841797
0.5,181,33,64,0.48076972365379333,1090,3264,488,0.4477064311504364,4,0.49609375,0.40120965242385864,0.4013698457873672,-0.0001601874828338623,0.5700901746749878
0.5,182,33,64,0.5578945875167847,1090,3264,496,0.4550458788871765,4,0.5,0.4097782075405121,0.4013698457873672,0.00840836763381958,0.381023108959198
0.5,183,33,64,0.5198817849159241,1090,3264,474,0.4348623752593994,4,0.5029296875,0.41280239820480347,0.4013698457873672,0.011432558298110962,0.5057108998298645
0.5,184,33,64,0.5216273665428162,1090,3264,536,0.4917431175708771,4,0.5126953125,0.4067540168762207,0.4013698457873672,0.005384176969528198,0.5030418634414673
0.5,185,33,64,0.5197641849517822,1090,3264,510,0.4678899049758911,4,0.4892578125,0.41431450843811035,0.4013698457873672,0.012944668531417847,0.4727085828781128
0.5,186,33,64,0.5634299516677856,1090,3264,510,0.4678899049758911,4,0.494140625,0.41532257199287415,0.4013698457873672,0.01395273208618164,0.3753926753997803
0.5,187,33,64,0.48834121227264404,1090,3264,522,0.4788990914821625,4,0.494140625,0.40070563554763794,0.4013698457873672,-0.0006642043590545654,0.5313895344734192
0.5,188,33,64,0.5515002608299255,1090,3264,484,0.44403669238090515,4,0.4921875,0.3961693346500397,0.4013698457873672,-0.005200505256652832,0.3748127222061157
0.5,189,33,64,0.5292156338691711,1090,3264,524,0.4807339608669281,4,0.4921875,0.4193548262119293,0.4013698457873672,0.017984986305236816,0.401157021522522
0.5,190,33,64,0.5801786780357361,1090,3264,472,0.4330275356769562,4,0.4970703125,0.4027217626571655,0.4013698457873672,0.0013519227504730225,0.3715199828147888
0.5,191,33,64,0.5223751664161682,1090,3264,484,0.44403669238090515,4,0.4833984375,0.3951612710952759,0.4013698457873672,-0.006208568811416626,0.438587486743927
0.5,192,33,64,0.5709848999977112,1090,3264,504,0.4623853266239166,4,0.501953125,0.40625,0.4013698457873672,0.004880160093307495,0.38206183910369873
0.5,193,33,64,0.5527274012565613,1090,3264,502,0.460550457239151,4,0.5029296875,0.4097782075405121,0.4013698457873672,0.00840836763381958,0.42794597148895264
0.5,194,33,64,0.5196837186813354,1090,3264,514,0.47155964374542236,4,0.5078125,0.41532257199287415,0.4013698457873672,0.01395273208618164,0.4982978403568268
0.5,195,33,64,0.5665183067321777,1090,3264,514,0.47155964374542236,4,0.5,0.41683465242385864,0.4013698457873672,0.015464812517166138,0.4069973826408386
0.5,196,33,64,0.5508254170417786,1090,3264,474,0.4348623752593994,4,0.51953125,0.3719758093357086,0.4013698457873672,-0.029394030570983887,0.3751205801963806
0.5,197,33,64,0.5119961500167847,1090,3264,470,0.43119266629219055,4,0.50390625,0.38508063554763794,0.4013698457873672,-0.016289204359054565,0.5495033264160156
0.5,198,33,64,0.5445151329040527,1090,3264,496,0.4550458788871765,4,0.4990234375,0.3911290168762207,0.4013698457873672,-0.010240823030471802,0.42398130893707275
0.5,199,33,64,0.5635740160942078,1090,3264,520,0.47706422209739685,4,0.4951171875,0.40070563554763794,0.4013698457873672,-0.0006642043590545654,0.3778917193412781
0.5,200,33,64,0.4872778654098511,1090,3264,492,0.45137614011764526,4,0.49609375,0.40120965242385864,0.4013698457873672,-0.0001601874828338623,0.5826593637466431
0.5,201,33,64,0.568745493888855,1090,3264,504,0.4623853266239166,4,0.5009765625,0.4027217626571655,0.4013698457873672,0.0013519227504730225,0.3833499550819397
0.5,202,33,64,0.4720305800437927,1090,3264,484,0.44403669238090515,4,0.4990234375,0.38205644488334656,0.4013698457873672,-0.019313395023345947,0.5542060136795044
0.5,203,33,64,0.5811477303504944,1090,3264,504,0.4623853266239166,4,0.51171875,0.38256046175956726,0.4013698457873672,-0.018809378147125244,0.32021376490592957
0.5,204,33,64,0.5572342872619629,1090,3264,504,0.4623853266239166,4,0.4951171875,0.39919352531433105,0.4013698457873672,-0.00217631459236145,0.33271023631095886
0.5,205,33,64,0.5299378037452698,1090,3264,458,0.4201834797859192,4,0.5,0.375,0.4013698457873672,-0.026369839906692505,0.4188397526741028
0.5,206,33,64,0.5692946314811707,1090,3264,462,0.42385321855545044,4,0.513671875,0.39566531777381897,0.4013698457873672,-0.005704522132873535,0.3538784980773926
0.5,207,33,64,0.5061001181602478,1090,3264,494,0.4532110095024109,4,0.505859375,0.42943546175956726,0.4013698457873672,0.028065621852874756,0.41813310980796814
0.5,208,33,64,0.5476285815238953,1090,3264,508,0.4660550355911255,4,0.4951171875,0.3896169364452362,0.4013698457873672,-0.011752903461456299,0.42426323890686035
0.5,209,33,64,0.5823773741722107,1090,3264,504,0.4623853266239166,4,0.486328125,0.3951612710952759,0.4013698457873672,-0.006208568811416626,0.3535865843296051
0.5,210,33,64,0.5337926745414734,1090,3264,520,0.47706422209739685,4,0.4951171875,0.3951612710952759,0.4013698457873672,-0.006208568811416626,0.4743899703025818
0.5,211,33,64,0.4997066259384155,1090,3264,498,0.45688074827194214,4,0.498046875,0.39818546175956726,0.4013698457873672,-0.003184378147125244,0.4595240652561188
0.5,212,33,64,0.5548856854438782,1090,3264,498,0.45688074827194214,4,0.4970703125,0.39566531777381897,0.4013698457873672,-0.005704522132873535,0.29984205961227417
0.5,213,33,64,0.5388187170028687,1090,3264,492,0.45137614011764526,4,0.48828125,0.3870967626571655,0.4013698457873672,-0.014273077249526978,0.38886696100234985
0.5,214,33,64,0.5776991844177246,1090,3264,526,0.48256880044937134,4,0.484375,0.40322577953338623,0.4013698457873672,0.0018559396266937256,0.3201574385166168
0.5,215,33,64,0.5405057072639465,1090,3264,506,0.46422019600868225,4,0.5107421875,0.40322577953338623,0.4013698457873672,0.0018559396266937256,0.4411289691925049
0.5,216,33,64,0.5160313248634338,1090,3264,490,0.449541300535202,4,0.494140625,0.3911290168762207,0.4013698457873672,-0.010240823030471802,0.4683998227119446
0.5,217,33,64,0.5147145390510559,1090,3264,512,0.46972477436065674,4,0.4912109375,0.3881048262119293,0.4013698457873672,-0.013265013694763184,0.5011680722236633
0.5,218,33,64,0.5822343230247498,1090,3264,540,0.4954128563404083,4,0.50390625,0.41633063554763794,0.4013698457873672,0.014960795640945435,0.3617459237575531
0.5,219,33,64,0.5610934495925903,1090,3264,518,0.4752293527126312,4,0.498046875,0.4072580635547638,0.4013698457873672,0.005888223648071289,0.3783019781112671
0.5,220,33,64,0.5512194037437439,1090,3264,530,0.4862385392189026,4,0.4951171875,0.4072580635547638,0.4013698457873672,0.005888223648071289,0.35874176025390625
0.5,221,33,64,0.5248666405677795,1090,3264,498,0.45688074827194214,4,0.5146484375,0.4102822542190552,0.4013698457873672,0.008912414312362671,0.4121860861778259
0.5,222,33,64,0.5310150980949402,1090,3264,510,0.4678899049758911,4,0.505859375,0.4067540168762207,0.4013698457873672,0.005384176969528198,0.42751750349998474
0.5,223,33,64,0.5587102770805359,1090,3264,506,0.46422019600868225,4,0.4892578125,0.3951612710952759,0.4013698457873672,-0.006208568811416626,0.40363678336143494
0.5,224,33,64,0.609255313873291,1090,3264,494,0.4532110095024109,4,0.515625,0.41280239820480347,0.4013698457873672,0.011432558298110962,0.3563254475593567
0.5,225,33,64,0.4781034290790558,1090,3264,514,0.47155964374542236,4,0.51171875,0.40070563554763794,0.4013698457873672,-0.0006642043590545654,0.5624951124191284
0.5,226,33,64,0.5657182335853577,1090,3264,500,0.4587155878543854,4,0.5048828125,0.3921370804309845,0.4013698457873672,-0.009232759475708008,0.3472316563129425
0.5,227,33,64,0.6098027229309082,1090,3264,522,0.4788990914821625,4,0.49609375,0.3951612710952759,0.4013698457873672,-0.006208568811416626,0.36801570653915405
0.5,228,33,64,0.5433556437492371,1090,3264,498,0.45688074827194214,4,0.490234375,0.3951612710952759,0.4013698457873672,-0.006208568811416626,0.45643702149391174
0.5,229,33,64,0.5491405725479126,1090,3264,496,0.4550458788871765,4,0.4931640625,0.40171369910240173,0.4013698457873672,0.0003438591957092285,0.38617828488349915
0.5,230,33,64,0.5282123684883118,1090,3264,516,0.473394513130188,4,0.5087890625,0.39969757199287415,0.4013698457873672,-0.0016722679138183594,0.41896194219589233
0.5,231,33,64,0.5315236449241638,1090,3264,500,0.4587155878543854,4,0.4853515625,0.4264112710952759,0.4013698457873672,0.025041431188583374,0.4131375551223755
0.5,232,33,64,0.5407397747039795,1090,3264,494,0.4532110095024109,4,0.49609375,0.39818546175956726,0.4013698457873672,-0.003184378147125244,0.47142693400382996
0.5,233,33,64,0.5614251494407654,1090,3264,512,0.46972477436065674,4,0.5087890625,0.41129031777381897,0.4013698457873672,0.009920477867126465,0.3541179895401001
0.5,234,33,64,0.5342110991477966,1090,3264,498,0.45688074827194214,4,0.4970703125,0.4057459533214569,0.4013698457873672,0.004376113414764404,0.4067952632904053
0.5,235,33,64,0.5718427300453186,1090,3264,534,0.48990824818611145,4,0.4912109375,0.4102822542190552,0.4013698457873672,0.008912414312362671,0.40811315178871155
0.5,236,33,64,0.5717911124229431,1090,3264,506,0.46422019600868225,4,0.505859375,0.39868950843811035,0.4013698457873672,-0.0026803314685821533,0.3319120705127716
0.5,237,33,64,0.4875965416431427,1090,3264,466,0.4275229275226593,4,0.4921875,0.3876008093357086,0.4013698457873672,-0.013769030570983887,0.5306817293167114
0.5,238,33,64,0.5518080592155457,1090,3264,498,0.45688074827194214,4,0.5,0.4057459533214569,0.4013698457873672,0.004376113414764404,0.3747457265853882
0.5,239,33,64,0.5303610563278198,1090,3264,510,0.4678899049758911,4,0.4970703125,0.3961693346500397,0.4013698457873672,-0.005200505256652832,0.4333990216255188
0.5,240,33,64,0.48703065514564514,1090,3264,452,0.4146789014339447,4,0.5029296875,0.36995965242385864,0.4013698457873672,-0.03141018748283386,0.47214382886886597
0.5,241,33,64,0.5408371090888977,1090,3264,506,0.46422019600868225,4,0.494140625,0.4072580635547638,0.4013698457873672,0.005888223648071289,0.4216878116130829
0.5,242,33,64,0.5232383608818054,1090,3264,508,0.4660550355911255,4,0.494140625,0.4037298262119293,0.4013698457873672,0.0023599863052368164,0.4312852919101715
0.5,243,33,64,0.4919266104698181,1090,3264,530,0.4862385392189026,4,0.513671875,0.4047378897666931,0.4013698457873672,0.0033680498600006104,0.5188041925430298
0.5,244,33,64,0.5293229222297668,1090,3264,524,0.4807339608669281,4,0.4853515625,0.40625,0.4013698457873672,0.004880160093307495,0.4474591314792633
0.5,245,33,64,0.5393784642219543,1090,3264,490,0.449541300535202,4,0.5087890625,0.41280239820480347,0.4013698457873672,0.011432558298110962,0.4284937381744385
0.5,246,33,64,0.5640173554420471,1090,3264,524,0.4807339608669281,4,0.501953125,0.4057459533214569,0.4013698457873672,0.004376113414764404,0.38843587040901184
0.5,247,33,64,0.5404673218727112,1090,3264,504,0.4623853266239166,4,0.5166015625,0.4102822542190552,0.4013698457873672,0.008912414312362671,0.48606207966804504
0.5,248,33,64,0.5243889689445496,1090,3264,508,0.4660550355911255,4,0.5,0.4248991906642914,0.4013698457873672,0.023529350757598877,0.46348291635513306
0.5,249,33,64,0.5434904098510742,1090,3264,492,0.45137614011764526,4,0.50390625,0.40322577953338623,0.4013698457873672,0.0018559396266937256,0.36310285329818726
0.5,250,33,64,0.5971568822860718,1090,3264,486,0.4458715617656708,4,0.509765625,0.40625,0.4013698457873672,0.004880160093307495,0.3236836791038513
0.5,251,33,64,0.5181636214256287,1090,3264,480,0.4403669834136963,4,0.4970703125,0.40020158886909485,0.4013698457873672,-0.0011682510375976562,0.4971437454223633
0.5,252,33,64,0.5322091579437256,1090,3264,486,0.4458715617656708,4,0.49609375,0.40020158886909485,0.4013698457873672,-0.0011682510375976562,0.4249024987220764
0.5,253,33,64,0.5473558902740479,1090,3264,512,0.46972477436065674,4,0.501953125,0.4193548262119293,0.4013698457873672,0.017984986305236816,0.3624512553215027
0.5,254,33,64,0.5577573180198669,1090,3264,486,0.4458715617656708,4,0.474609375,0.3881048262119293,0.4013698457873672,-0.013265013694763184,0.4142836630344391
0.5,255,33,64,0.5663608908653259,1090,3264,498,0.45688074827194214,4,0.486328125,0.3931451439857483,0.4013698457873672,-0.008224695920944214,0.33537575602531433
0.5,0,65,64,0.4858529269695282,4226,12672,2052,0.48556554317474365,4,0.5087890625,0.4479166865348816,0.4495689103909044,-0.0016522109508514404,0.2676074504852295
0.5,1,65,64,0.5617324113845825,4226,12672,2028,0.47988641262054443,4,0.50244140625,0.4575892984867096,0.4495689103909044,0.008020401000976562,0.1956554353237152
0.5,2,65,64,0.5700807571411133,4226,12672,2048,0.48461902141571045,4,0.49853515625,0.44221231341362,0.4495689103909044,-0.007356584072113037,0.18282443284988403
0.5,3,65,64,0.5373176336288452,4226,12672,2092,0.4950307607650757,4,0.492919921875,0.4420883059501648,0.4495689103909044,-0.007480591535568237,0.21157202124595642
0.5,4,65,64,0.5642926692962646,4226,12672,2078,0.4917179346084595,4,0.50390625,0.4511409103870392,0.4495689103909044,0.0015720129013061523,0.20992325246334076
0.5,5,65,64,0.5351541042327881,4226,12672,2084,0.4931377172470093,4,0.5048828125,0.441592276096344,0.4495689103909044,-0.007976621389389038,0.23548075556755066
0.5,6,65,64,0.536688506603241,4226,12672,2032,0.48083293437957764,4,0.496826171875,0.4396081566810608,0.4495689103909044,-0.009960740804672241,0.23831625282764435
0.5,7,65,64,0.5350441336631775,4226,12672,2072,0.49029815196990967,4,0.50244140625,0.4525049924850464,0.4495689103909044,0.0029360949993133545,0.2433965802192688
0.5,8,65,64,0.532925009727478,4226,12672,2102,0.4973970651626587,4,0.499755859375,0.4568452537059784,0.4495689103909044,0.007276356220245361,0.23307889699935913
0.5,9,65,64,0.5392028093338013,4226,12672,2038,0.48225271701812744,4,0.501220703125,0.4412202537059784,0.4495689103909044,-0.008348643779754639,0.25242793560028076
0.5,10,65,64,0.5334295034408569,4226,12672,2082,0.4926644563674927,4,0.494384765625,0.4538690745830536,0.4495689103909044,0.004300177097320557,0.2685181796550751
0.5,11,65,64,0.5982065796852112,4226,12672,2006,0.4746805429458618,4,0.4951171875,0.443204402923584,0.4495689103909044,-0.006364494562149048,0.1694212257862091
0.5,12,65,64,0.6328684687614441,4226,12672,2056,0.48651206493377686,4,0.501953125,0.4389881193637848,0.4495689103909044,-0.010580778121948242,0.14808590710163116
0.5,13,65,64,0.5931171774864197,4226,12672,2116,0.5007098913192749,4,0.4951171875,0.460069477558136,0.4495689103909044,0.010500580072402954,0.17538458108901978
0.5,14,65,64,0.5159396529197693,4226,12672,2030,0.48035967350006104,4,0.498046875,0.4455605447292328,0.4495689103909044,-0.004008352756500244,0.22420772910118103
0.5,15,65,64,0.551395833492279,4226,12672,2050,0.48509228229522705,4,0.501953125,0.44382444024086,0.4495689103909044,-0.005744457244873047,0.20369204878807068
0.5,16,65,64,0.5493049621582031,4226,12672,2042,0.48319923877716064,4,0.502685546875,0.4548611342906952,0.4495689103909044,0.005292236804962158,0.22040559351444244
0.5,17,65,64,0.5796827673912048,4226,12672,2062,0.48793184757232666,4,0.499267578125,0.4464285969734192,0.4495689103909044,-0.0031403005123138428,0.1773184835910797
0.5,18,65,64,0.5331692695617676,4226,12672,2046,0.48414576053619385,4,0.4970703125,0.4515129327774048,0.4495689103909044,0.001944035291671753,0.23871324956417084
0.5,19,65,64,0.4812712073326111,4226,12672,2092,0.4950307607650757,4,0.50244140625,0.451016902923584,0.4495689103909044,0.0014480054378509521,0.27016472816467285
0.5,20,65,64,0.473070353269577,4226,12672,2042,0.48319923877716064,4,0.50146484375,0.4492807686328888,0.4495689103909044,-0.0002881288528442383,0.2837499976158142
0.5,21,65,64,0.5539160370826721,4226,12672,2050,0.48509228229522705,4,0.498779296875,0.4490327537059784,0.4495689103909044,-0.0005361437797546387,0.1997607946395874
0.5,22,65,64,0.508927583694458,4226,12672,2054,0.48603880405426025,4,0.495361328125,0.448784738779068,0.4495689103909044,-0.0007841587066650391,0.2991088926792145
0.5,23,65,64,0.5379087328910828,4226,12672,2026,0.47941315174102783,4,0.5048828125,0.4584573805332184,0.4495689103909044,0.008888483047485352,0.2262936234474182
0.5,24,65,64,0.519199013710022,4226,12672,2054,0.48603880405426025,4,0.49755859375,0.4449405074119568,0.4495689103909044,-0.004628390073776245,0.2633202075958252
0.5,25,65,64,0.5789362192153931,4226,12672,1998,0.4727874994277954,4,0.49365234375,0.4453125298023224,0.4495689103909044,-0.0042563676834106445,0.1834135204553604
0.5,26,65,64,0.5021131634712219,4226,12672,2138,0.5059157609939575,4,0.5,0.4520089626312256,0.4495689103909044,0.0024400651454925537,0.27582991123199463
0.5,27,65,64,0.4968312382698059,4226,12672,2038,0.48225271701812744,4,0.502197265625,0.45163694024086,0.4495689103909044,0.002068042755126953,0.2744298577308655
0.5,28,65,64,0.5041682124137878,4226,12672,1988,0.4704211950302124,4,0.498046875,0.4492807686328888,0.4495689103909044,-0.0002881288528442383,0.2904827296733856
0.5,29,65,64,0.5624521970748901,4226,12672,1988,0.4704211950302124,4,0.5048828125,0.4554811716079712,0.4495689103909044,0.005912274122238159,0.18658913671970367
0.5,30,65,64,0.5703732967376709,4226,12672,2088,0.4940842390060425,4,0.50390625,0.4563492238521576,0.4495689103909044,0.0067803263664245605,0.2093137949705124
0.5,31,65,64,0.4983052611351013,4226,12672,2072,0.49029815196990967,4,0.502685546875,0.4521329700946808,0.4495689103909044,0.002564072608947754,0.2959825396537781
0.5,32,65,64,0.5007262825965881,4226,12672,2044,0.48367249965667725,4,0.49755859375,0.4496527910232544,0.4495689103909044,8.38935375213623e-05,0.3027517795562744
0.5,33,65,64,0.562140166759491,4226,12672,2026,0.47941315174102783,4,0.501953125,0.4486607313156128,0.4495689103909044,-0.0009081661701202393,0.18534237146377563
0.5,34,65,64,0.539872944355011,4226,12672,2060,0.48745858669281006,4,0.50537109375,0.4461805820465088,0.4495689103909044,-0.003388315439224243,0.24350224435329437
0.5,35,65,64,0.5616123676300049,4226,12672,2030,0.48035967350006104,4,0.509033203125,0.4527530074119568,0.4495689103909044,0.003184109926223755,0.17827847599983215
0.5,36,65,64,0.5721785426139832,4226,12672,2094,0.4955040216445923,4,0.5048828125,0.4536210596561432,0.4495689103909044,0.004052162170410156,0.19996485114097595
0.5,37,65,64,0.5230849981307983,4226,12672,2078,0.4917179346084595,4,0.50244140625,0.4491567611694336,0.4495689103909044,-0.0004121363162994385,0.23498710989952087
0.5,38,65,64,0.5497562289237976,4226,12672,2060,0.48745858669281006,4,0.503662109375,0.4505208730697632,0.4495689103909044,0.0009519755840301514,0.23008987307548523
0.5,39,65,64,0.5579875707626343,4226,12672,2044,0.48367249965667725,4,0.49462890625,0.4472966492176056,0.4495689103909044,-0.0022722482681274414,0.23675505816936493
0.5,40,65,64,0.5644465088844299,4226,12672,2060,0.48745858669281006,4,0.505615234375,0.4496527910232544,0.4495689103909044,8.38935375213623e-05,0.19876065850257874
0.5,41,65,64,0.48823803663253784,4226,12672,2036,0.48177945613861084,4,0.501220703125,0.4489087462425232,0.4495689103909044,-0.0006601512432098389,0.30877596139907837
0.5,42,65,64,0.5367998480796814,4226,12672,2082,0.4926644563674927,4,0.50341796875,0.4569692611694336,0.4495689103909044,0.0074003636837005615,0.23735255002975464
0.5,43,65,64,0.5474513173103333,4226,12672,2054,0.48603880405426025,4,0.496337890625,0.4551091492176056,0.4495689103909044,0.005540251731872559,0.21940994262695312
0.5,44,65,64,0.4963320195674896,4226,12672,2072,0.49029815196990967,4,0.501708984375,0.444444477558136,0.4495689103909044,-0.005124419927597046,0.29557135701179504
0.5,45,65,64,0.5540978908538818,4226,12672,2104,0.4978703260421753,4,0.505126953125,0.444444477558136,0.4495689103909044,-0.005124419927597046,0.21753562986850739
0.5,46,65,64,0.5600178837776184,4226,12672,2088,0.4940842390060425,4,0.492919921875,0.4448164999485016,0.4495689103909044,-0.004752397537231445,0.19911476969718933
0.5,47,65,64,0.5840376615524292,4226,12672,2098,0.4964505434036255,4,0.4970703125,0.4518849551677704,0.4495689103909044,0.0023160576820373535,0.18785539269447327
0.5,48,65,64,0.5581863522529602,4226,12672,2028,0.47988641262054443,4,0.50390625,0.4470486342906952,0.4495689103909044,-0.002520263195037842,0.2018459588289261
0.5,49,65,64,0.5342034101486206,4226,12672,2008,0.4751538038253784,4,0.49951171875,0.4459325671195984,0.4495689103909044,-0.0036363303661346436,0.2188243865966797
0.5,50,65,64,0.5478187203407288,4226,12672,2066,0.48887836933135986,4,0.5029296875,0.441592276096344,0.4495689103909044,-0.007976621389389038,0.22050130367279053
0.5,51,65,64,0.46078193187713623,4226,12672,1976,0.4675816297531128,4,0.50146484375,0.4491567611694336,0.4495689103909044,-0.0004121363162994385,0.3309563994407654
0.5,52,65,64,0.5791711211204529,4226,12672,2056,0.48651206493377686,4,0.4931640625,0.4502728581428528,0.4495689103909044,0.000703960657119751,0.16325238347053528
0.5,53,65,64,0.5284976959228516,4226,12672,2030,0.48035967350006104,4,0.503662109375,0.4423363208770752,0.4495689103909044,-0.007232576608657837,0.24441909790039062
0.5,54,65,64,0.5571011900901794,4226,12672,2002,0.4737340211868286,4,0.497802734375,0.4477926790714264,0.4495689103909044,-0.0017762184143066406,0.2267685830593109
0.5,55,65,64,0.5581027865409851,4226,12672,2078,0.4917179346084595,4,0.504150390625,0.452256977558136,0.4495689103909044,0.002688080072402954,0.20892329514026642
0.5,56,65,64,0.5914637446403503,4226,12672,2028,0.47988641262054443,4,0.506591796875,0.43911212682724,0.4495689103909044,-0.010456770658493042,0.16956932842731476
0.5,57,65,64,0.5747391581535339,4226,12672,2072,0.49029815196990967,4,0.5068359375,0.4512649178504944,0.4495689103909044,0.0016960203647613525,0.18420790135860443
0.5,58,65,64,0.5163829922676086,4226,12672,2092,0.4950307607650757,4,0.5009765625,0.4461805820465088,0.4495689103909044,-0.003388315439224243,0.2888983190059662
0.5,59,65,64,0.47474560141563416,4226,12672,2076,0.49124467372894287,4,0.496337890625,0.4491567611694336,0.4495689103909044,-0.0004121363162994385,0.28352487087249756
0.5,60,65,64,0.5979146361351013,4226,12672,2016,0.4770468473434448,4,0.503173828125,0.4355159103870392,0.4495689103909044,-0.014052987098693848,0.18112200498580933
0.5,61,65,64,0.5659423470497131,4226,12672,2062,0.48793184757232666,4,0.501708984375,0.4446924924850464,0.4495689103909044,-0.0048764050006866455,0.21291401982307434
0.5,62,65,64,0.545573890209198,4226,12672,2014,0.4765735864639282,4,0.492919921875,0.445684552192688,0.4495689103909044,-0.003884345293045044,0.23771095275878906
0.5,63,65,64,0.5317205786705017,4226,12672,2078,0.4917179346084595,4,0.4990234375,0.447544664144516,0.4495689103909044,-0.002024233341217041,0.22276270389556885
0.5,64,65,64,0.5021767616271973,4226,12672,2058,0.48698532581329346,4,0.49267578125,0.448784738779068,0.4495689103909044,-0.0007841587066650391,0.2552296221256256
0.5,65,65,64,0.5424675941467285,4226,12672,2028,0.47988641262054443,4,0.49365234375,0.4439484477043152,0.4495689103909044,-0.005620449781417847,0.2702176570892334
0.5,66,65,64,0.5438065528869629,4226,12672,2032,0.48083293437957764,4,0.499755859375,0.4518849551677704,0.4495689103909044,0.0023160576820373535,0.21970781683921814
0.5,67,65,64,0.5621290802955627,4226,12672,2080,0.4921911954879761,4,0.499267578125,0.4511409103870392,0.4495689103909044,0.0015720129013061523,0.2074366807937622
0.5,68,65,64,0.5020632743835449,4226,12672,2058,0.48698532581329346,4,0.49609375,0.4501488208770752,0.4495689103909044,0.0005799233913421631,0.27440303564071655
0.5,69,65,64,0.5202746391296387,4226,12672,2026,0.47941315174102783,4,0.4912109375,0.4433284103870392,0.4495689103909044,-0.006240487098693848,0.2491195946931839
0.5,70,65,64,0.5196648836135864,4226,12672,2008,0.4751538038253784,4,0.494384765625,0.4554811716079712,0.4495689103909044,0.005912274122238159,0.27387166023254395
0.5,71,65,64,0.5393953919410706,4226,12672,2038,0.48225271701812744,4,0.50439453125,0.4502728581428528,0.4495689103909044,0.000703960657119751,0.28577718138694763
0.5,72,65,64,0.5828970074653625,4226,12672,2062,0.48793184757232666,4,0.496337890625,0.452877014875412,0.4495689103909044,0.003308117389678955,0.2029646337032318
0.5,73,65,64,0.5723727941513062,4226,12672,2042,0.48319923877716064,4,0.503173828125,0.44692462682724,0.4495689103909044,-0.002644270658493042,0.19155633449554443
0.5,74,65,64,0.5345847606658936,4226,12672,2064,0.48840510845184326,4,0.493408203125,0.4501488208770752,0.4495689103909044,0.0005799233913421631,0.26117610931396484
0.5,75,65,64,0.5437906384468079,4226,12672,2120,0.5016564130783081,4,0.50390625,0.4523809850215912,0.4495689103909044,0.0028120875358581543,0.20169439911842346
0.5,76,65,64,0.5532776713371277,4226,12672,2064,0.48840510845184326,4,0.50634765625,0.4485367238521576,0.4495689103909044,-0.0010321736335754395,0.21018368005752563
0.5,77,65,64,0.48296284675598145,4226,12672,2082,0.4926644563674927,4,0.494384765625,0.448784738779068,0.4495689103909044,-0.0007841587066650391,0.31871068477630615
0.5,78,65,64,0.5285032391548157,4226,12672,2058,0.48698532581329346,4,0.50439453125,0.4496527910232544,0.4495689103909044,8.38935375213623e-05,0.28660017251968384
0.5,79,65,64,0.6299095749855042,4226,12672,2000,0.473260760307312,4,0.4912109375,0.4489087462425232,0.4495689103909044,-0.0006601512432098389,0.1631826013326645
0.5,80,65,64,0.5359997153282166,4226,12672,2024,0.47893989086151123,4,0.5087890625,0.4515129327774048,0.4495689103909044,0.001944035291671753,0.27783918380737305
0.5,81,65,64,0.5003495216369629,4226,12672,2052,0.48556554317474365,4,0.498046875,0.4513889253139496,0.4495689103909044,0.0018200278282165527,0.3043438792228699
0.5,82,65,64,0.5052884221076965,4226,12672,2048,0.48461902141571045,4,0.5009765625,0.44221231341362,0.4495689103909044,-0.007356584072113037,0.23062244057655334
0.5,83,65,64,0.5831437110900879,4226,12672,2052,0.48556554317474365,4,0.501220703125,0.4480406939983368,0.4495689103909044,-0.0015282034873962402,0.19014087319374084
0.5,84,65,64,0.6097574234008789,4226,12672,2048,0.48461902141571045,4,0.501708984375,0.4546131193637848,0.4495689103909044,0.005044221878051758,0.16424517333507538
0.5,85,65,64,0.5495166778564453,4226,12672,2066,0.48887836933135986,4,0.496337890625,0.4584573805332184,0.4495689103909044,0.008888483047485352,0.22074393928050995
0.5,86,65,64,0.5536603927612305,4226,12672,2090,0.4945574998855591,4,0.491455078125,0.455977201461792,0.4495689103909044,0.00640830397605896,0.24274170398712158
0.5,87,65,64,0.5302031636238098,4226,12672,2074,0.49077141284942627,4,0.5078125,0.4513889253139496,0.4495689103909044,0.0018200278282165527,0.2626699209213257
0.5,88,65,64,0.5008732080459595,4226,12672,2028,0.47988641262054443,4,0.4892578125,0.4461805820465088,0.4495689103909044,-0.003388315439224243,0.29746562242507935
0.5,89,65,64,0.5711129307746887,4226,12672,2126,0.5030761957168579,4,0.500244140625,0.4530010223388672,0.4495689103909044,0.0034321248531341553,0.17827542126178741
0.5,90,65,64,0.5238266587257385,4226,12672,2010,0.475627064704895,4,0.506591796875,0.4407242238521576,0.4495689103909044,-0.00884467363357544,0.2769721746444702
0.5,91,65,64,0.5910329818725586,4226,12672,2136,0.5054425001144409,4,0.495361328125,0.458829402923584,0.4495689103909044,0.009260505437850952,0.1909807324409485
0.5,92,65,64,0.5500596165657043,4226,12672,2054,0.48603880405426025,4,0.50537109375,0.43911212682724,0.4495689103909044,-0.010456770658493042,0.20999525487422943
0.5,93,65,64,0.5584877729415894,4226,12672,2104,0.4978703260421753,4,0.5087890625,0.4557291865348816,0.4495689103909044,0.00616028904914856,0.2260141223669052
0.5,94,65,64,0.4904193580150604,4226,12672,2150,0.5087553262710571,4,0.493896484375,0.4479166865348816,0.4495689103909044,-0.0016522109508514404,0.2990727424621582
0.5,95,65,64,0.5798228979110718,4226,12672,2082,0.4926644563674927,4,0.4951171875,0.4465526044368744,0.4495689103909044,-0.0030162930488586426,0.17518696188926697
0.5,96,65,64,0.5553567409515381,4226,12672,2046,0.48414576053619385,4,0.493896484375,0.450396865606308,0.4495689103909044,0.0008279681205749512,0.2079833745956421
0.5,97,65,64,0.5402461886405945,4226,12672,2022,0.47846662998199463,4,0.494140625,0.4511409103870392,0.4495689103909044,0.0015720129013061523,0.2523720860481262
0.5,98,65,64,0.5922030210494995,4226,12672,2040,0.48272597789764404,4,0.500244140625,0.4497767984867096,0.4495689103909044,0.0002079010009765625,0.17155395448207855
0.5,99,65,64,0.5262383222579956,4226,12672,2068,0.48935163021087646,4,0.505615234375,0.447544664144516,0.4495689103909044,-0.002024233341217041,0.210787832736969
0.5,100,65,64,0.5219908952713013,4226,12672,2078,0.4917179346084595,4,0.50634765625,0.4561012089252472,0.4495689103909044,0.00653231143951416,0.2755683660507202
0.5,101,65,64,0.4910321533679962,4226,12672,2074,0.49077141284942627,4,0.508056640625,0.4513889253139496,0.4495689103909044,0.0018200278282165527,0.27139413356781006
0.5,102,65,64,0.5266005992889404,4226,12672,2110,0.4992901086807251,4,0.492919921875,0.4527530074119568,0.4495689103909044,0.003184109926223755,0.21398624777793884
0.5,103,65,64,0.46391814947128296,4226,12672,2104,0.4978703260421753,4,0.501953125,0.4392361342906952,0.4495689103909044,-0.010332763195037842,0.33539819717407227
0.5,104,65,64,0.5546405911445618,4226,12672,2090,0.4945574998855591,4,0.49755859375,0.460069477558136,0.4495689103909044,0.010500580072402954,0.23883619904518127
0.5,105,65,64,0.5892425775527954,4226,12672,2054,0.48603880405426025,4,0.490966796875,0.4484127163887024,0.4495689103909044,-0.0011561810970306396,0.19638919830322266
0.5,106,65,64,0.5548924207687378,4226,12672,2084,0.4931377172470093,4,0.495361328125,0.4437004327774048,0.4495689103909044,-0.005868464708328247,0.19281280040740967
0.5,107,65,64,0.5162221789360046,4226,12672,2012,0.4761003255844116,4,0.4990234375,0.4437004327774048,0.4495689103909044,-0.005868464708328247,0.2515353262424469
0.5,108,65,64,0.511752724647522,4226,12672,2090,0.4945574998855591,4,0.49462890625,0.4489087462425232,0.4495689103909044,-0.0006601512432098389,0.24936431646347046
0.5,109,65,64,0.5155066251754761,4226,12672,2064,0.48840510845184326,4,0.496826171875,0.4521329700946808,0.4495689103909044,0.002564072608947754,0.22973358631134033
0.5,110,65,64,0.5488582849502563,4226,12672,2128,0.5035494565963745,4,0.509765625,0.43911212682724,0.4495689103909044,-0.010456770658493042,0.2503519654273987
0.5,111,65,64,0.5972357392311096,4226,12672,2076,0.49124467372894287,4,0.49560546875,0.4496527910232544,0.4495689103909044,8.38935375213623e-05,0.18813934922218323
0.5,112,65,64,0.523160994052887,4226,12672,2058,0.48698532581329346,4,0.509033203125,0.448784738779068,0.4495689103909044,-0.0007841587066650391,0.25036749243736267
0.5,113,65,64,0.5847368836402893,4226,12672,2004,0.4742072820663452,4,0.4990234375,0.4501488208770752,0.4495689103909044,0.0005799233913421631,0.19965779781341553
0.5,114,65,64,0.5641022324562073,4226,12672,2016,0.4770468473434448,4,0.491943359375,0.4479166865348816,0.4495689103909044,-0.0016522109508514404,0.215532124042511
0.5,115,65,64,0.51577228307724,4226,12672,2062,0.48793184757232666,4,0.49853515625,0.452256977558136,0.4495689103909044,0.002688080072402954,0.2626294493675232
0.5,116,65,64,0.5878281593322754,4226,12672,2060,0.48745858669281006,4,0.49609375,0.4439484477043152,0.4495689103909044,-0.005620449781417847,0.2106177806854248
0.5,117,65,64,0.5354886651039124,4226,12672,2058,0.48698532581329346,4,0.49853515625,0.4412202537059784,0.4495689103909044,-0.008348643779754639,0.23026642203330994
0.5,118,65,64,0.5316806435585022,4226,12672,2074,0.49077141284942627,4,0.496826171875,0.4439484477043152,0.4495689103909044,-0.005620449781417847,0.22215059399604797
0.5,119,65,64,0.47624289989471436,4226,12672,2086,0.4936109781265259,4,0.506591796875,0.4471726417541504,0.4495689103909044,-0.0023962557315826416,0.3127899467945099
0.5,120,65,64,0.5902189612388611,4226,12672,2072,0.49029815196990967,4,0.500244140625,0.4398561716079712,0.4495689103909044,-0.00971272587776184,0.2075304538011551
0.5,121,65,64,0.5209917426109314,4226,12672,2018,0.4775201082229614,4,0.501953125,0.4573412835597992,0.4495689103909044,0.007772386074066162,0.23525553941726685
0.5,122,65,64,0.5492226481437683,4226,12672,2096,0.4959772825241089,4,0.500732421875,0.4484127163887024,0.4495689103909044,-0.0011561810970306396,0.21603785455226898
0.5,123,65,64,0.4989719092845917,4226,12672,2092,0.4950307607650757,4,0.503173828125,0.4590774178504944,0.4495689103909044,0.009508520364761353,0.2821604311466217
0.5,124,65,64,0.5381781458854675,4226,12672,2084,0.4931377172470093,4,0.495361328125,0.4515129327774048,0.4495689103909044,0.001944035291671753,0.22396714985370636
0.5,125,65,64,0.5214370489120483,4226,12672,2062,0.48793184757232666,4,0.49951171875,0.4451885223388672,0.4495689103909044,-0.004380375146865845,0.24812361598014832
0.5,126,65,64,0.5403226613998413,4226,12672,2132,0.5044959783554077,4,0.5078125,0.4551091492176056,0.4495689103909044,0.005540251731872559,0.21112677454948425
0.5,127,65,64,0.5788673758506775,4226,12672,2066,0.48887836933135986,4,0.501953125,0.448164701461792,0.4495689103909044,-0.00140419602394104,0.20101714134216309
0.5,128,65,64,0.5561148524284363,4226,12672,2134,0.5049692392349243,4,0.501220703125,0.4533730447292328,0.4495689103909044,0.003804147243499756,0.23761782050132751
0.5,129,65,64,0.5237687826156616,4226,12672,2016,0.4770468473434448,4,0.50732421875,0.4542410969734192,0.4495689103909044,0.004672199487686157,0.2625277638435364
0.5,130,65,64,0.5576314926147461,4226,12672,2106,0.4983435869216919,4,0.506103515625,0.4506448805332184,0.4495689103909044,0.0010759830474853516,0.21779075264930725
0.5,131,65,64,0.5283704400062561,4226,12672,2056,0.48651206493377686,4,0.496826171875,0.4437004327774048,0.4495689103909044,-0.005868464708328247,0.2367323637008667
0.5,132,65,64,0.4930244982242584,4226,12672,2016,0.4770468473434448,4,0.508544921875,0.4480406939983368,0.4495689103909044,-0.0015282034873962402,0.29208964109420776
0.5,133,65,64,0.5587448477745056,4226,12672,2058,0.48698532581329346,4,0.49853515625,0.4413442611694336,0.4495689103909044,-0.008224636316299438,0.20108479261398315
0.5,134,65,64,0.5124962329864502,4226,12672,2030,0.48035967350006104,4,0.507080078125,0.4513889253139496,0.4495689103909044,0.0018200278282165527,0.23595599830150604
0.5,135,65,64,0.4965912401676178,4226,12672,2014,0.4765735864639282,4,0.502685546875,0.440972238779068,0.4495689103909044,-0.008596658706665039,0.26037609577178955
0.5,136,65,64,0.5226978659629822,4226,12672,2080,0.4921911954879761,4,0.504638671875,0.4569692611694336,0.4495689103909044,0.0074003636837005615,0.25687623023986816
0.5,137,65,64,0.5171910524368286,4226,12672,2016,0.4770468473434448,4,0.490478515625,0.446304589509964,0.4495689103909044,-0.003264307975769043,0.2999568283557892
0.5,138,65,64,0.5003975629806519,4226,12672,2060,0.48745858669281006,4,0.49853515625,0.454117089509964,0.4495689103909044,0.004548192024230957,0.29459136724472046
0.5,139,65,64,0.513363778591156,4226,12672,2044,0.48367249965667725,4,0.503662109375,0.4518849551677704,0.4495689103909044,0.0023160576820373535,0.24078477919101715
0.5,140,65,64,0.6458013653755188,4226,12672,2010,0.475627064704895,4,0.5,0.444444477558136,0.4495689103909044,-0.005124419927597046,0.1266028881072998
0.5,141,65,64,0.58706134557724,4226,12672,1998,0.4727874994277954,4,0.500244140625,0.4365079700946808,0.4495689103909044,-0.013060927391052246,0.15726622939109802
0.5,142,65,64,0.534972608089447,4226,12672,2042,0.48319923877716064,4,0.501708984375,0.4486607313156128,0.4495689103909044,-0.0009081661701202393,0.239570751786232
0.5,143,65,64,0.5000568628311157,4226,12672,2092,0.4950307607650757,4,0.505859375,0.4502728581428528,0.4495689103909044,0.000703960657119751,0.30611127614974976
0.5,144,65,64,0.5834169387817383,4226,12672,1992,0.4713677167892456,4,0.49853515625,0.4501488208770752,0.4495689103909044,0.0005799233913421631,0.18101611733436584
0.5,145,65,64,0.5336408019065857,4226,12672,2078,0.4917179346084595,4,0.50048828125,0.4580853581428528,0.4495689103909044,0.008516460657119751,0.26770687103271484
0.5,146,65,64,0.5186758637428284,4226,12672,2028,0.47988641262054443,4,0.501953125,0.4445684850215912,0.4495689103909044,-0.005000412464141846,0.24916717410087585
0.5,147,65,64,0.5689107775688171,4226,12672,2036,0.48177945613861084,4,0.49365234375,0.4546131193637848,0.4495689103909044,0.005044221878051758,0.20561233162879944
0.5,148,65,64,0.5587402582168579,4226,12672,2118,0.5011831521987915,4,0.50341796875,0.4525049924850464,0.4495689103909044,0.0029360949993133545,0.22195273637771606
0.5,149,65,64,0.5550082921981812,4226,12672,2104,0.4978703260421753,4,0.502685546875,0.4437004327774048,0.4495689103909044,-0.005868464708328247,0.2056598663330078
0.5,150,65,64,0.5199581384658813,4226,12672,2078,0.4917179346084595,4,0.510498046875,0.4544891119003296,0.4495689103909044,0.004920214414596558,0.24728555977344513
0.5,151,65,64,0.5843722224235535,4226,12672,2064,0.48840510845184326,4,0.499267578125,0.4526289999485016,0.4495689103909044,0.0030601024627685547,0.1872636377811432
0.5,152,65,64,0.543475329875946,4226,12672,2018,0.4775201082229614,4,0.505615234375,0.454117089509964,0.4495689103909044,0.004548192024230957,0.24462170898914337
0.5,153,65,64,0.5230013132095337,4226,12672,2042,0.48319923877716064,4,0.498291015625,0.4497767984867096,0.4495689103909044,0.0002079010009765625,0.26162660121917725
0.5,154,65,64,0.49032074213027954,4226,12672,2042,0.48319923877716064,4,0.49462890625,0.449404776096344,0.4495689103909044,-0.00016412138938903809,0.3277877867221832
0.5,155,65,64,0.5412001013755798,4226,12672,2082,0.4926644563674927,4,0.4970703125,0.4505208730697632,0.4495689103909044,0.0009519755840301514,0.24000784754753113
0.5,156,65,64,0.5323652625083923,4226,12672,2046,0.48414576053619385,4,0.49853515625,0.4558531939983368,0.4495689103909044,0.00628429651260376,0.2253524661064148
0.5,157,65,64,0.4548793435096741,4226,12672,2004,0.4742072820663452,4,0.490966796875,0.4621776044368744,0.4495689103909044,0.012608706951141357,0.3270800709724426
0.5,158,65,64,0.5296868085861206,4226,12672,2132,0.5044959783554077,4,0.50146484375,0.4543651044368744,0.4495689103909044,0.004796206951141357,0.23462572693824768
0.5,159,65,64,0.5370514392852783,4226,12672,2082,0.4926644563674927,4,0.503662109375,0.4370039999485016,0.4495689103909044,-0.012564897537231445,0.26669302582740784
0.5,160,65,64,0.5692209601402283,4226,12672,2064,0.48840510845184326,4,0.499267578125,0.4505208730697632,0.4495689103909044,0.0009519755840301514,0.2117287516593933
0.5,161,65,64,0.5778980255126953,4226,12672,2090,0.4945574998855591,4,0.497314453125,0.4448164999485016,0.4495689103909044,-0.004752397537231445,0.18698817491531372
0.5,162,65,64,0.528415322303772,4226,12672,2066,0.48887836933135986,4,0.495361328125,0.4585813879966736,0.4495689103909044,0.009012490510940552,0.22918692231178284
0.5,163,65,64,0.5449147820472717,4226,12672,2098,0.4964505434036255,4,0.494873046875,0.4445684850215912,0.4495689103909044,-0.005000412464141846,0.21309368312358856
0.5,164,65,64,0.5642284154891968,4226,12672,2054,0.48603880405426025,4,0.50146484375,0.4484127163887024,0.4495689103909044,-0.0011561810970306396,0.2547750771045685
0.5,165,65,64,0.5141733884811401,4226,12672,2078,0.4917179346084595,4,0.501953125,0.4587053954601288,0.4495689103909044,0.009136497974395752,0.23084712028503418
0.5,166,65,64,0.6136102676391602,4226,12672,2114,0.5002366304397583,4,0.49853515625,0.4548611342906952,0.4495689103909044,0.005292236804962158,0.18746596574783325
0.5,167,65,64,0.5514229536056519,4226,12672,2040,0.48272597789764404,4,0.50048828125,0.4521329700946808,0.4495689103909044,0.002564072608947754,0.24031759798526764
0.5,168,65,64,0.578174889087677,4226,12672,2026,0.47941315174102783,4,0.501953125,0.447544664144516,0.4495689103909044,-0.002024233341217041,0.21865883469581604
0.5,169,65,64,0.5350160002708435,4226,12672,2024,0.47893989086151123,4,0.502685546875,0.4533730447292328,0.4495689103909044,0.003804147243499756,0.24517786502838135
0.5,170,65,64,0.5167049765586853,4226,12672,2034,0.48130619525909424,4,0.501220703125,0.4511409103870392,0.4495689103909044,0.0015720129013061523,0.3100772500038147
0.5,171,65,64,0.531917154788971,4226,12672,1980,0.468528151512146,4,0.5078125,0.451016902923584,0.4495689103909044,0.0014480054378509521,0.23474149405956268
0.5,172,65,64,0.5588645339012146,4226,12672,2062,0.48793184757232666,4,0.509033203125,0.4477926790714264,0.4495689103909044,-0.0017762184143066406,0.2113484889268875
0.5,173,65,64,0.5714427828788757,4226,12672,2064,0.48840510845184326,4,0.495361328125,0.4546131193637848,0.4495689103909044,0.005044221878051758,0.22826126217842102
0.5,174,65,64,0.60263991355896,4226,12672,2076,0.49124467372894287,4,0.498046875,0.4523809850215912,0.4495689103909044,0.0028120875358581543,0.17752118408679962
0.5,175,65,64,0.49112144112586975,4226,12672,2098,0.4964505434036255,4,0.494873046875,0.4562252163887024,0.4495689103909044,0.00665631890296936,0.3364558815956116
0.5,176,65,64,0.514470636844635,4226,12672,2040,0.48272597789764404,4,0.50146484375,0.4512649178504944,0.4495689103909044,0.0016960203647613525,0.2875761389732361
0.5,177,65,64,0.5595424175262451,4226,12672,2016,0.4770468473434448,4,0.500244140625,0.4525049924850464,0.4495689103909044,0.0029360949993133545,0.22732529044151306
0.5,178,65,64,0.5527551174163818,4226,12672,2066,0.48887836933135986,4,0.510986328125,0.44692462682724,0.4495689103909044,-0.002644270658493042,0.20980077981948853
0.5,179,65,64,0.5564538836479187,4226,12672,1996,0.4723142385482788,4,0.498046875,0.4486607313156128,0.4495689103909044,-0.0009081661701202393,0.19314730167388916
0.5,180,65,64,0.527857780456543,4226,12672,2104,0.4978703260421753,4,0.501953125,0.457217276096344,0.4495689103909044,0.007648378610610962,0.24880565702915192
0.5,181,65,64,0.48076972365379333,4226,12672,2090,0.4945574998855591,4,0.504150390625,0.4513889253139496,0.4495689103909044,0.0018200278282165527,0.2989356517791748
0.5,182,65,64,0.5578945875167847,4226,12672,2024,0.47893989086151123,4,0.499267578125,0.4507688879966736,0.4495689103909044,0.0011999905109405518,0.2182970941066742
0.5,183,65,64,0.5198817849159241,4226,12672,2078,0.4917179346084595,4,0.4990234375,0.4508928954601288,0.4495689103909044,0.001323997974395752,0.27771246433258057
0.5,184,65,64,0.5216273665428162,4226,12672,2064,0.48840510845184326,4,0.493408203125,0.452256977558136,0.4495689103909044,0.002688080072402954,0.28318676352500916
0.5,185,65,64,0.5197641849517822,4226,12672,2046,0.48414576053619385,4,0.504150390625,0.4437004327774048,0.4495689103909044,-0.005868464708328247,0.26809102296829224
0.5,186,65,64,0.5634299516677856,4226,12672,2052,0.48556554317474365,4,0.499267578125,0.4464285969734192,0.4495689103909044,-0.0031403005123138428,0.21423840522766113
0.5,187,65,64,0.48834121227264404,4226,12672,2088,0.4940842390060425,4,0.493408203125,0.456597238779068,0.4495689103909044,0.007028341293334961,0.29520153999328613
0.5,188,65,64,0.5515002608299255,4226,12672,2024,0.47893989086151123,4,0.501708984375,0.4375000298023224,0.4495689103909044,-0.012068867683410645,0.21488863229751587
0.5,189,65,64,0.5292156338691711,4226,12672,2034,0.48130619525909424,4,0.497314453125,0.4596974551677704,0.4495689103909044,0.010128557682037354,0.22937506437301636
0.5,190,65,64,0.5801786780357361,4226,12672,2028,0.47988641262054443,4,0.5,0.44382444024086,0.4495689103909044,-0.005744457244873047,0.20325428247451782
0.5,191,65,64,0.5223751664161682,4226,12672,2086,0.4936109781265259,4,0.5,0.445684552192688,0.4495689103909044,-0.003884345293045044,0.2366798222064972
0.5,192,65,64,0.5709848999977112,4226,12672,2106,0.4983435869216919,4,0.4912109375,0.4616815745830536,0.4495689103909044,0.012112677097320557,0.21412630379199982
0.5,193,65,64,0.5527274012565613,4226,12672,2020,0.477993369102478,4,0.50390625,0.458829402923584,0.4495689103909044,0.009260505437850952,0.2237355262041092
0.5,194,65,64,0.5196837186813354,4226,12672,2044,0.48367249965667725,4,0.5029296875,0.4542410969734192,0.4495689103909044,0.004672199487686157,0.2722633481025696
0.5,195,65,64,0.5665183067321777,4226,12672,2066,0.48887836933135986,4,0.491455078125,0.4382440745830536,0.4495689103909044,-0.011324822902679443,0.22819361090660095
0.5,196,65,64,0.5508254170417786,4226,12672,2066,0.48887836933135986,4,0.5009765625,0.4465526044368744,0.4495689103909044,-0.0030162930488586426,0.20034226775169373
0.5,197,65,64,0.5119961500167847,4226,12672,2034,0.48130619525909424,4,0.49853515625,0.447544664144516,0.4495689103909044,-0.002024233341217041,0.30661964416503906
0.5,198,65,64,0.5445151329040527,4226,12672,2046,0.48414576053619385,4,0.498046875,0.448164701461792,0.4495689103909044,-0.00140419602394104,0.23578423261642456
0.5,199,65,64,0.5635740160942078,4226,12672,2016,0.4770468473434448,4,0.499267578125,0.4430803954601288,0.4495689103909044,-0.006488502025604248,0.21300581097602844
0.5,200,65,64,0.4872778654098511,4226,12672,2044,0.48367249965667725,4,0.506591796875,0.4552331566810608,0.4495689103909044,0.005664259195327759,0.31917688250541687
0.5,201,65,64,0.568745493888855,4226,12672,2032,0.48083293437957764,4,0.50244140625,0.4379960596561432,0.4495689103909044,-0.011572837829589844,0.215052992105484
0.5,202,65,64,0.4720305800437927,4226,12672,2052,0.48556554317474365,4,0.495849609375,0.4538690745830536,0.4495689103909044,0.004300177097320557,0.310438334941864
0.5,203,65,64,0.5811477303504944,4226,12672,2090,0.4945574998855591,4,0.500732421875,0.4598214626312256,0.4495689103909044,0.010252565145492554,0.16681230068206787
0.5,204,65,64,0.5572342872619629,4226,12672,2038,0.48225271701812744,4,0.506591796875,0.448164701461792,0.4495689103909044,-0.00140419602394104,0.17991559207439423
0.5,205,65,64,0.5299378037452698,4226,12672,2016,0.4770468473434448,4,0.49755859375,0.4476686716079712,0.4495689103909044,-0.0019002258777618408,0.2377777397632599
0.5,206,65,64,0.5692946314811707,4226,12672,2022,0.47846662998199463,4,0.492431640625,0.4497767984867096,0.4495689103909044,0.0002079010009765625,0.1952773928642273
0.5,207,65,64,0.5061001181602478,4226,12672,2054,0.48603880405426025,4,0.50146484375,0.4497767984867096,0.4495689103909044,0.0002079010009765625,0.23980417847633362
0.5,208,65,64,0.5476285815238953,4226,12672,2072,0.49029815196990967,4,0.504150390625,0.4501488208770752,0.4495689103909044,0.0005799233913421631,0.2267286479473114
0.5,209,65,64,0.5823773741722107,4226,12672,2070,0.48982489109039307,4,0.496826171875,0.4482887089252472,0.4495689103909044,-0.0012801885604858398,0.1934521496295929
0.5,210,65,64,0.5337926745414734,4226,12672,2038,0.48225271701812744,4,0.501220703125,0.439732164144516,0.4495689103909044,-0.009836733341217041,0.2598310112953186
0.5,211,65,64,0.4997066259384155,4226,12672,2098,0.4964505434036255,4,0.503662109375,0.4596974551677704,0.4495689103909044,0.010128557682037354,0.2467944324016571
0.5,212,65,64,0.5548856854438782,4226,12672,2032,0.48083293437957764,4,0.503662109375,0.447544664144516,0.4495689103909044,-0.002024233341217041,0.17140349745750427
0.5,213,65,64,0.5388187170028687,4226,12672,2070,0.48982489109039307,4,0.503173828125,0.44692462682724,0.4495689103909044,-0.002644270658493042,0.2225896120071411
0.5,214,65,64,0.5776991844177246,4226,12672,2054,0.48603880405426025,4,0.498779296875,0.4471726417541504,0.4495689103909044,-0.0023962557315826416,0.17474320530891418
0.5,215,65,64,0.5405057072639465,4226,12672,2072,0.49029815196990967,4,0.498291015625,0.4495287835597992,0.4495689103909044,-4.011392593383789e-05,0.24451608955860138
0.5,216,65,64,0.5160313248634338,4226,12672,2102,0.4973970651626587,4,0.498046875,0.4562252163887024,0.4495689103909044,0.00665631890296936,0.25501224398612976
0.5,217,65,64,0.5147145390510559,4226,12672,2078,0.4917179346084595,4,0.503173828125,0.4531250298023224,0.4495689103909044,0.0035561323165893555,0.2715921401977539
0.5,218,65,64,0.5822343230247498,4226,12672,2050,0.48509228229522705,4,0.499755859375,0.4497767984867096,0.4495689103909044,0.0002079010009765625,0.20197342336177826
0.5,219,65,64,0.5610934495925903,4226,12672,2056,0.48651206493377686,4,0.506591796875,0.449404776096344,0.4495689103909044,-0.00016412138938903809,0.20998363196849823
0.5,220,65,64,0.5512194037437439,4226,12672,2048,0.48461902141571045,4,0.4990234375,0.449404776096344,0.4495689103909044,-0.00016412138938903809,0.20337143540382385
0.5,221,65,64,0.5248666405677795,4226,12672,2038,0.48225271701812744,4,0.506103515625,0.4476686716079712,0.4495689103909044,-0.0019002258777618408,0.2335945963859558
0.5,222,65,64,0.5310150980949402,4226,12672,2052,0.48556554317474365,4,0.501708984375,0.4428323805332184,0.4495689103909044,-0.0067365169525146484,0.23654770851135254
0.5,223,65,64,0.5587102770805359,4226,12672,2014,0.4765735864639282,4,0.5029296875,0.4368799924850464,0.4495689103909044,-0.012688905000686646,0.2323959767818451
0.5,224,65,64,0.609255313873291,4226,12672,2084,0.4931377172470093,4,0.50537109375,0.4472966492176056,0.4495689103909044,-0.0022722482681274414,0.1970537155866623
0.5,225,65,64,0.4781034290790558,4226,12672,2080,0.4921911954879761,4,0.50048828125,0.448784738779068,0.4495689103909044,-0.0007841587066650391,0.30510348081588745
0.5,226,65,64,0.5657182335853577,4226,12672,2050,0.48509228229522705,4,0.505615234375,0.4458085596561432,0.4495689103909044,-0.0037603378295898438,0.1879740208387375
0.5,227,65,64,0.6098027229309082,4226,12672,2084,0.4931377172470093,4,0.5009765625,0.453497052192688,0.4495689103909044,0.003928154706954956,0.19629687070846558
0.5,228,65,64,0.5433556437492371,4226,12672,2014,0.4765735864639282,4,0.49951171875,0.4532490372657776,0.4495689103909044,0.0036801397800445557,0.2530139684677124
0.5,229,65,64,0.5491405725479126,4226,12672,2048,0.48461902141571045,4,0.501953125,0.4525049924850464,0.4495689103909044,0.0029360949993133545,0.21656447649002075
0.5,230,65,64,0.5282123684883118,4226,12672,2036,0.48177945613861084,4,0.4970703125,0.4433284103870392,0.4495689103909044,-0.006240487098693848,0.23384374380111694
0.5,231,65,64,0.5315236449241638,4226,12672,2084,0.4931377172470093,4,0.50146484375,0.4417162835597992,0.4495689103909044,-0.007852613925933838,0.24126754701137543
0.5,232,65,64,0.5407397747039795,4226,12672,2080,0.4921911954879761,4,0.500732421875,0.445684552192688,0.4495689103909044,-0.003884345293045044,0.25618869066238403
0.5,233,65,64,0.5614251494407654,4226,12672,2070,0.48982489109039307,4,0.4970703125,0.452256977558136,0.4495689103909044,0.002688080072402954,0.19246846437454224
0.5,234,65,64,0.5342110991477966,4226,12672,2094,0.4955040216445923,4,0.5,0.4599454700946808,0.4495689103909044,0.010376572608947754,0.21984870731830597
0.5,235,65,64,0.5718427300453186,4226,12672,2042,0.48319923877716064,4,0.497802734375,0.442584365606308,0.4495689103909044,-0.006984531879425049,0.22424355149269104
0.5,236,65,64,0.5717911124229431,4226,12672,2008,0.4751538038253784,4,0.497802734375,0.4454365372657776,0.4495689103909044,-0.004132360219955444,0.18293121457099915
0.5,237,65,64,0.4875965416431427,4226,12672,1998,0.4727874994277954,4,0.499267578125,0.4558531939983368,0.4495689103909044,0.00628429651260376,0.29225099086761475
0.5,238,65,64,0.5518080592155457,4226,12672,2060,0.48745858669281006,4,0.50439453125,0.4505208730697632,0.4495689103909044,0.0009519755840301514,0.2073260396718979
0.5,239,65,64,0.5303610563278198,4226,12672,2000,0.473260760307312,4,0.502197265625,0.4460565745830536,0.4495689103909044,-0.0035123229026794434,0.23408380150794983
0.5,240,65,64,0.48703065514564514,4226,12672,2072,0.49029815196990967,4,0.490966796875,0.4548611342906952,0.4495689103909044,0.005292236804962158,0.2515597939491272
0.5,241,65,64,0.5408371090888977,4226,12672,2060,0.48745858669281006,4,0.49609375,0.451016902923584,0.4495689103909044,0.0014480054378509521,0.2373863160610199
0.5,242,65,64,0.5232383608818054,4226,12672,2064,0.48840510845184326,4,0.488525390625,0.4474206566810608,0.4495689103909044,-0.002148240804672241,0.24363747239112854
0.5,243,65,64,0.4919266104698181,4226,12672,1990,0.470894455909729,4,0.49365234375,0.4434524178504944,0.4495689103909044,-0.0061164796352386475,0.287792444229126
0.5,244,65,64,0.5293229222297668,4226,12672,2082,0.4926644563674927,4,0.495361328125,0.452256977558136,0.4495689103909044,0.002688080072402954,0.2410162091255188
0.5,245,65,64,0.5393784642219543,4226,12672,2018,0.4775201082229614,4,0.5,0.4490327537059784,0.4495689103909044,-0.0005361437797546387,0.23955439031124115
0.5,246,65,64,0.5640173554420471,4226,12672,2058,0.48698532581329346,4,0.5078125,0.4513889253139496,0.4495689103909044,0.0018200278282165527,0.21763485670089722
0.5,247,65,64,0.5404673218727112,4226,12672,2062,0.48793184757232666,4,0.50341796875,0.4440724551677704,0.4495689103909044,-0.0054964423179626465,0.27443748712539673
0.5,248,65,64,0.5243889689445496,4226,12672,2074,0.49077141284942627,4,0.505126953125,0.4471726417541504,0.4495689103909044,-0.0023962557315826416,0.2670362591743469
0.5,249,65,64,0.5434904098510742,4226,12672,2038,0.48225271701812744,4,0.51025390625,0.4527530074119568,0.4495689103909044,0.003184109926223755,0.20582103729248047
0.5,250,65,64,0.5971568822860718,4226,12672,2054,0.48603880405426025,4,0.501220703125,0.4458085596561432,0.4495689103909044,-0.0037603378295898438,0.18641501665115356
0.5,251,65,64,0.5181636214256287,4226,12672,2068,0.48935163021087646,4,0.497314453125,0.4692460596561432,0.4495689103909044,0.019677162170410156,0.26339662075042725
0.5,252,65,64,0.5322091579437256,4226,12672,2038,0.48225271701812744,4,0.492431640625,0.4470486342906952,0.4495689103909044,-0.002520263195037842,0.24188268184661865
0.5,253,65,64,0.5473558902740479,4226,12672,2064,0.48840510845184326,4,0.5,0.4499008059501648,0.4495689103909044,0.0003319084644317627,0.2069953978061676
0.5,254,65,64,0.5577573180198669,4226,12672,2044,0.48367249965667725,4,0.497314453125,0.4496527910232544,0.4495689103909044,8.38935375213623e-05,0.21893911063671112
0.5,255,65,64,0.5663608908653259,4226,12672,2084,0.4931377172470093,4,0.502197265625,0.4455605447292328,0.4495689103909044,-0.004008352756500244,0.18319071829319
0.75,0,17,64,0.7285930514335632,290,864,134,0.46206897497177124,4,0.49609375,0.4062500298023224,0.42585253426451064,-0.01960250735282898,0.3252904415130615
0.75,1,17,64,0.6664665341377258,290,864,126,0.43448275327682495,4,0.4921875,0.4166666865348816,0.42585253426451064,-0.009185850620269775,0.45070531964302063
0.75,2,17,64,0.6309980154037476,290,864,154,0.5310344696044922,4,0.50390625,0.43958336114883423,0.42585253426451064,0.013730823993682861,0.7176982164382935
0.75,3,17,64,0.7358728051185608,290,864,138,0.475862056016922,4,0.53125,0.42916667461395264,0.42585253426451064,0.0033141374588012695,0.2970850169658661
0.75,4,17,64,0.7692478895187378,290,864,128,0.4413793087005615,4,0.515625,0.4270833432674408,0.42585253426451064,0.0012308061122894287,0.2796720266342163
0.75,5,17,64,0.7059789896011353,290,864,138,0.475862056016922,4,0.5,0.4125000238418579,0.42585253426451064,-0.013352513313293457,0.39985212683677673
0.75,6,17,64,0.6582174301147461,290,864,132,0.45517241954803467,4,0.4921875,0.45625001192092896,0.42585253426451064,0.030397474765777588,0.5009680986404419
0.75,7,17,64,0.6772842407226562,290,864,130,0.4482758641242981,4,0.50390625,0.4208333492279053,0.42585253426451064,-0.005019187927246094,0.44019657373428345
0.75,8,17,64,0.7226602435112,290,864,132,0.45517241954803467,4,0.484375,0.43958336114883423,0.42585253426451064,0.013730823993682861,0.44720393419265747
0.75,9,17,64,0.7034627199172974,290,864,126,0.43448275327682495,4,0.4765625,0.40000003576278687,0.42585253426451064,-0.025852501392364502,0.5034806728363037
0.75,10,17,64,0.6697152853012085,290,864,128,0.4413793087005615,4,0.484375,0.42500001192092896,0.42585253426451064,-0.0008525252342224121,0.5558851957321167
0.75,11,17,64,0.7610970139503479,290,864,138,0.475862056016922,4,0.5078125,0.4375000298023224,0.42585253426451064,0.01164749264717102,0.3594752848148346
0.75,12,17,64,0.6896623373031616,290,864,142,0.48965516686439514,4,0.49609375,0.4437500238418579,0.42585253426451064,0.017897486686706543,0.4406154453754425
0.75,13,17,64,0.7728163599967957,290,864,136,0.4689655303955078,4,0.5,0.4375000298023224,0.42585253426451064,0.01164749264717102,0.25399050116539
0.75,14,17,64,0.69968581199646,290,864,132,0.45517241954803467,4,0.48828125,0.44166669249534607,0.42585253426451064,0.015814155340194702,0.39084988832473755
0.75,15,17,64,0.7368960976600647,290,864,136,0.4689655303955078,4,0.48046875,0.4270833432674408,0.42585253426451064,0.0012308061122894287,0.40338775515556335
0.75,16,17,64,0.6416438221931458,290,864,124,0.4275861978530884,4,0.5078125,0.4125000238418579,0.42585253426451064,-0.013352513313293457,0.6505403518676758
0.75,17,17,64,0.6733452081680298,290,864,132,0.45517241954803467,4,0.4765625,0.4583333432674408,0.42585253426451064,0.03248080611228943,0.5208647847175598
0.75,18,17,64,0.7057661414146423,290,864,142,0.48965516686439514,4,0.52734375,0.4270833432674408,0.42585253426451064,0.0012308061122894287,0.3590729832649231
0.75,19,17,64,0.6522625088691711,290,864,120,0.41379308700561523,4,0.484375,0.40000003576278687,0.42585253426451064,-0.025852501392364502,0.5195136666297913
0.75,20,17,64,0.7284276485443115,290,864,128,0.4413793087005615,4,0.5,0.3916666805744171,0.42585253426451064,-0.03418585658073425,0.38409796357154846
0.75,21,17,64,0.7224418520927429,290,864,128,0.4413793087005615,4,0.4765625,0.4229166805744171,0.42585253426451064,-0.002935856580734253,0.3617074489593506
0.75,22,17,64,0.6661162376403809,290,864,142,0.48965516686439514,4,0.46484375,0.39791667461395264,0.42585253426451064,-0.02793586254119873,0.4507518410682678
0.75,23,17,64,0.7499459981918335,290,864,142,0.48965516686439514,4,0.4921875,0.42916667461395264,0.42585253426451064,0.0033141374588012695,0.3363191485404968
0.75,24,17,64,0.6506897211074829,290,864,142,0.48965516686439514,4,0.48828125,0.43958336114883423,0.42585253426451064,0.013730823993682861,0.5057551264762878
0.75,25,17,64,0.6626113057136536,290,864,144,0.4965517222881317,4,0.53515625,0.43541669845581055,0.42585253426451064,0.00956416130065918,0.5125881433486938
0.75,26,17,64,0.6911634206771851,290,864,128,0.4413793087005615,4,0.5,0.460416704416275,0.42585253426451064,0.03456416726112366,0.47092777490615845
0.75,27,17,64,0.7238386273384094,290,864,142,0.48965516686439514,4,0.48046875,0.45625001192092896,0.42585253426451064,0.030397474765777588,0.3443761467933655
0.75,28,17,64,0.672547459602356,290,864,132,0.45517241954803467,4,0.51953125,0.4479166865348816,0.42585253426451064,0.022064149379730225,0.4500844478607178
0.75,29,17,64,0.6702821254730225,290,864,128,0.4413793087005615,4,0.51171875,0.4062500298023224,0.42585253426451064,-0.01960250735282898,0.4277832508087158
0.75,30,17,64,0.7112693190574646,290,864,116,0.4000000059604645,4,0.4921875,0.4020833671092987,0.42585253426451064,-0.02376917004585266,0.35781723260879517
0.75,31,17,64,0.7232363820075989,290,864,122,0.4206896424293518,4,0.47265625,0.44166669249534607,0.42585253426451064,0.015814155340194702,0.3343932628631592
0.75,32,17,64,0.67889803647995,290,864,132,0.45517241954803467,4,0.4765625,0.4270833432674408,0.42585253426451064,0.0012308061122894287,0.46627235412597656
0.75,33,17,64,0.7196348309516907,290,864,136,0.4689655303955078,4,0.48046875,0.4166666865348816,0.42585253426451064,-0.009185850620269775,0.3437616229057312
0.75,34,17,64,0.6555313467979431,290,864,138,0.475862056016922,4,0.4921875,0.4333333671092987,0.42585253426451064,0.007480829954147339,0.5528794527053833
0.75,35,17,64,0.6874047517776489,290,864,136,0.4689655303955078,4,0.5,0.48125001788139343,0.42585253426451064,0.055397480726242065,0.4158523976802826
0.75,36,17,64,0.6694821715354919,290,864,140,0.48275861144065857,4,0.515625,0.43125003576278687,0.42585253426451064,0.005397498607635498,0.4086778163909912
0.75,37,17,64,0.7262121438980103,290,864,128,0.4413793087005615,4,0.515625,0.4520833492279053,0.42585253426451064,0.026230812072753906,0.3441482186317444
0.75,38,17,64,0.7180256247520447,290,864,122,0.4206896424293518,4,0.5078125,0.43958336114883423,0.42585253426451064,0.013730823993682861,0.34354209899902344
0.75,39,17,64,0.7189239263534546,290,864,130,0.4482758641242981,4,0.51171875,0.4166666865348816,0.42585253426451064,-0.009185850620269775,0.38382580876350403
0.75,40,17,64,0.7068591117858887,290,864,120,0.41379308700561523,4,0.515625,0.44166669249534607,0.42585253426451064,0.015814155340194702,0.5088996887207031
0.75,41,17,64,0.7295730710029602,290,864,130,0.4482758641242981,4,0.5,0.4270833432674408,0.42585253426451064,0.0012308061122894287,0.3843338191509247
0.75,42,17,64,0.6992065906524658,290,864,142,0.48965516686439514,4,0.51171875,0.42500001192092896,0.42585253426451064,-0.0008525252342224121,0.38268887996673584
0.75,43,17,64,0.6784887313842773,290,864,134,0.46206897497177124,4,0.51953125,0.40000003576278687,0.42585253426451064,-0.025852501392364502,0.5333539247512817
0.75,44,17,64,0.726859450340271,290,864,120,0.41379308700561523,4,0.5078125,0.3854166865348816,0.42585253426451064,-0.040435850620269775,0.29438596963882446
0.75,45,17,64,0.7339695692062378,290,864,124,0.4275861978530884,4,0.48046875,0.4020833671092987,0.42585253426451064,-0.02376917004585266,0.30725353956222534
0.75,46,17,64,0.7344473004341125,290,864,144,0.4965517222881317,4,0.50390625,0.4229166805744171,0.42585253426451064,-0.002935856580734253,0.34332895278930664
0.75,47,17,64,0.6925587058067322,290,864,120,0.41379308700561523,4,0.51171875,0.4166666865348816,0.42585253426451064,-0.009185850620269775,0.47360336780548096
0.75,48,17,64,0.6818333864212036,290,864,142,0.48965516686439514,4,0.54296875,0.4166666865348816,0.42585253426451064,-0.009185850620269775,0.43324899673461914
0.75,49,17,64,0.7126754522323608,290,864,134,0.46206897497177124,4,0.484375,0.3958333432674408,0.42585253426451064,-0.03001919388771057,0.3719382882118225
0.75,50,17,64,0.7316948771476746,290,864,138,0.475862056016922,4,0.49609375,0.43125003576278687,0.42585253426451064,0.005397498607635498,0.3401142358779907
0.75,51,17,64,0.6698487401008606,290,864,144,0.4965517222881317,4,0.5,0.4437500238418579,0.42585253426451064,0.017897486686706543,0.44605517387390137
0.75,52,17,64,0.7085562348365784,290,864,138,0.475862056016922,4,0.53125,0.4208333492279053,0.42585253426451064,-0.005019187927246094,0.3737568259239197
0.75,53,17,64,0.7103738188743591,290,864,140,0.48275861144065857,4,0.51171875,0.4333333671092987,0.42585253426451064,0.007480829954147339,0.38354265689849854
0.75,54,17,64,0.6827389001846313,290,864,118,0.40689656138420105,4,0.53125,0.39375001192092896,0.42585253426451064,-0.03210252523422241,0.3966403901576996
0.75,55,17,64,0.678215503692627,290,864,150,0.517241358757019,4,0.51953125,0.4062500298023224,0.42585253426451064,-0.01960250735282898,0.5197061896324158
0.75,56,17,64,0.6984269022941589,290,864,126,0.43448275327682495,4,0.5078125,0.41458335518836975,0.42585253426451064,-0.011269181966781616,0.3592737913131714
0.75,57,17,64,0.6885060667991638,290,864,140,0.48275861144065857,4,0.50390625,0.4270833432674408,0.42585253426451064,0.0012308061122894287,0.4467252790927887
0.75,58,17,64,0.7329962849617004,290,864,128,0.4413793087005615,4,0.5234375,0.4645833671092987,0.42585253426451064,0.03873082995414734,0.336419939994812
0.75,59,17,64,0.7364320158958435,290,864,136,0.4689655303955078,4,0.48828125,0.4229166805744171,0.42585253426451064,-0.002935856580734253,0.33142662048339844
0.75,60,17,64,0.6510065793991089,290,864,138,0.475862056016922,4,0.5078125,0.41041669249534607,0.42585253426451064,-0.015435844659805298,0.5726050734519958
0.75,61,17,64,0.6834154725074768,290,864,128,0.4413793087005615,4,0.51171875,0.41458335518836975,0.42585253426451064,-0.011269181966781616,0.47720298171043396
0.75,62,17,64,0.6730172634124756,290,864,136,0.4689655303955078,4,0.4921875,0.38750001788139343,0.42585253426451064,-0.038352519273757935,0.5463852882385254
0.75,63,17,64,0.6889946460723877,290,864,140,0.48275861144065857,4,0.51171875,0.43125003576278687,0.42585253426451064,0.005397498607635498,0.48397451639175415
0.75,64,17,64,0.6853713989257812,290,864,136,0.4689655303955078,4,0.5,0.3958333432674408,0.42585253426451064,-0.03001919388771057,0.45440980792045593
0.75,65,17,64,0.7021767497062683,290,864,136,0.4689655303955078,4,0.484375,0.44166669249534607,0.42585253426451064,0.015814155340194702,0.4248705506324768
0.75,66,17,64,0.7175220847129822,290,864,134,0.46206897497177124,4,0.484375,0.4166666865348816,0.42585253426451064,-0.009185850620269775,0.28161221742630005
0.75,67,17,64,0.6876981854438782,290,864,132,0.45517241954803467,4,0.51953125,0.41875001788139343,0.42585253426451064,-0.007102519273757935,0.421084463596344
0.75,68,17,64,0.6746485233306885,290,864,132,0.45517241954803467,4,0.5,0.40000003576278687,0.42585253426451064,-0.025852501392364502,0.5103025436401367
0.75,69,17,64,0.7259284853935242,290,864,126,0.43448275327682495,4,0.51171875,0.41875001788139343,0.42585253426451064,-0.007102519273757935,0.34744346141815186
0.75,70,17,64,0.7609975337982178,290,864,128,0.4413793087005615,4,0.4765625,0.3895833492279053,0.42585253426451064,-0.036269187927246094,0.2881850600242615
0.75,71,17,64,0.7375181913375854,290,864,140,0.48275861144065857,4,0.48828125,0.4375000298023224,0.42585253426451064,0.01164749264717102,0.3713206648826599
0.75,72,17,64,0.6867443323135376,290,864,148,0.5103448033332825,4,0.5078125,0.4333333671092987,0.42585253426451064,0.007480829954147339,0.43026116490364075
0.75,73,17,64,0.6888123154640198,290,864,146,0.5034482479095459,4,0.50390625,0.4750000238418579,0.42585253426451064,0.04914748668670654,0.3503633141517639
0.75,74,17,64,0.691424548625946,290,864,142,0.48965516686439514,4,0.484375,0.40416669845581055,0.42585253426451064,-0.02168583869934082,0.5182438492774963
0.75,75,17,64,0.7374475598335266,290,864,126,0.43448275327682495,4,0.49609375,0.42916667461395264,0.42585253426451064,0.0033141374588012695,0.3646653890609741
0.75,76,17,64,0.6746583580970764,290,864,138,0.475862056016922,4,0.51171875,0.3958333432674408,0.42585253426451064,-0.03001919388771057,0.47236859798431396
0.75,77,17,64,0.6945154070854187,290,864,130,0.4482758641242981,4,0.5078125,0.41875001788139343,0.42585253426451064,-0.007102519273757935,0.37685251235961914
0.75,78,17,64,0.6844031810760498,290,864,132,0.45517241954803467,4,0.5390625,0.43958336114883423,0.42585253426451064,0.013730823993682861,0.4222508668899536
0.75,79,17,64,0.7128230333328247,290,864,138,0.475862056016922,4,0.515625,0.4437500238418579,0.42585253426451064,0.017897486686706543,0.42850297689437866
0.75,80,17,64,0.6753475069999695,290,864,134,0.46206897497177124,4,0.49609375,0.4520833492279053,0.42585253426451064,0.026230812072753906,0.46272820234298706
0.75,81,17,64,0.755211353302002,290,864,138,0.475862056016922,4,0.51171875,0.45625001192092896,0.42585253426451064,0.030397474765777588,0.3216652274131775
0.75,82,17,64,0.6535779237747192,290,864,146,0.5034482479095459,4,0.4921875,0.4062500298023224,0.42585253426451064,-0.01960250735282898,0.49318456649780273
0.75,83,17,64,0.7164633870124817,290,864,138,0.475862056016922,4,0.4921875,0.4270833432674408,0.42585253426451064,0.0012308061122894287,0.3803839683532715
0.75,84,17,64,0.6126142740249634,290,864,140,0.48275861144065857,4,0.5078125,0.43541669845581055,0.42585253426451064,0.00956416130065918,0.5515303015708923
0.75,85,17,64,0.630136251449585,290,864,134,0.46206897497177124,4,0.53125,0.460416704416275,0.42585253426451064,0.03456416726112366,0.558381199836731
0.75,86,17,64,0.6757287383079529,290,864,122,0.4206896424293518,4,0.49609375,0.43541669845581055,0.42585253426451064,0.00956416130065918,0.4185568690299988
0.75,87,17,64,0.7406280040740967,290,864,138,0.475862056016922,4,0.51953125,0.45000001788139343,0.42585253426451064,0.024147480726242065,0.33736664056777954
0.75,88,17,64,0.7154321670532227,290,864,136,0.4689655303955078,4,0.5,0.43541669845581055,0.42585253426451064,0.00956416130065918,0.3457714915275574
0.75,89,17,64,0.6909509301185608,290,864,160,0.5517241358757019,4,0.515625,0.41875001788139343,0.42585253426451064,-0.007102519273757935,0.38103628158569336
0.75,90,17,64,0.6692075133323669,290,864,126,0.43448275327682495,4,0.51171875,0.41875001788139343,0.42585253426451064,-0.007102519273757935,0.48769518733024597
0.75,91,17,64,0.6625511050224304,290,864,116,0.4000000059604645,4,0.515625,0.4229166805744171,0.42585253426451064,-0.002935856580734253,0.5907714366912842
0.75,92,17,64,0.7745211720466614,290,864,132,0.45517241954803467,4,0.48828125,0.39791667461395264,0.42585253426451064,-0.02793586254119873,0.25275424122810364
0.75,93,17,64,0.6322089433670044,290,864,130,0.4482758641242981,4,0.50390625,0.3812500238418579,0.42585253426451064,-0.04460251331329346,0.6582926511764526
0.75,94,17,64,0.6783056259155273,290,864,130,0.4482758641242981,4,0.5078125,0.4270833432674408,0.42585253426451064,0.0012308061122894287,0.48265340924263
0.75,95,17,64,0.6862878799438477,290,864,132,0.45517241954803467,4,0.4921875,0.4645833671092987,0.42585253426451064,0.03873082995414734,0.4152604937553406
0.75,96,17,64,0.7027302980422974,290,864,130,0.4482758641242981,4,0.515625,0.3895833492279053,0.42585253426451064,-0.036269187927246094,0.4006449282169342
0.75,97,17,64,0.6652619242668152,290,864,138,0.475862056016922,4,0.5234375,0.41458335518836975,0.42585253426451064,-0.011269181966781616,0.5617396831512451
0.75,98,17,64,0.6938857436180115,290,864,138,0.475862056016922,4,0.5,0.4333333671092987,0.42585253426451064,0.007480829954147339,0.46708640456199646
0.75,99,17,64,0.7413306832313538,290,864,140,0.48275861144065857,4,0.51953125,0.4166666865348816,0.42585253426451064,-0.009185850620269775,0.38019177317619324
0.75,100,17,64,0.7004200220108032,290,864,132,0.45517241954803467,4,0.4921875,0.48750001192092896,0.42585253426451064,0.06164747476577759,0.4174351990222931
0.75,101,17,64,0.7338069677352905,290,864,130,0.4482758641242981,4,0.5546875,0.4270833432674408,0.42585253426451064,0.0012308061122894287,0.3643743395805359
0.75,102,17,64,0.6680067777633667,290,864,134,0.46206897497177124,4,0.4921875,0.46666669845581055,0.42585253426451064,0.04081416130065918,0.44382768869400024
0.75,103,17,64,0.6607224345207214,290,864,130,0.4482758641242981,4,0.5234375,0.4062500298023224,0.42585253426451064,-0.01960250735282898,0.4875296354293823
0.75,104,17,64,0.7143701314926147,290,864,148,0.5103448033332825,4,0.51953125,0.43541669845581055,0.42585253426451064,0.00956416130065918,0.3652029037475586
0.75,105,17,64,0.6105517148971558,290,864,128,0.4413793087005615,4,0.50390625,0.42500001192092896,0.42585253426451064,-0.0008525252342224121,0.6536426544189453
0.75,106,17,64,0.6860136985778809,290,864,130,0.4482758641242981,4,0.4921875,0.42916667461395264,0.42585253426451064,0.0033141374588012695,0.4483192563056946
0.75,107,17,64,0.7142291069030762,290,864,140,0.48275861144065857,4,0.52734375,0.43541669845581055,0.42585253426451064,0.00956416130065918,0.35905975103378296
0.75,108,17,64,0.714279294013977,290,864,126,0.43448275327682495,4,0.50390625,0.4062500298023224,0.42585253426451064,-0.01960250735282898,0.39318305253982544
0.75,109,17,64,0.7029129862785339,290,864,128,0.4413793087005615,4,0.484375,0.43958336114883423,0.42585253426451064,0.013730823993682861,0.32296666502952576
0.75,110,17,64,0.7314661741256714,290,864,144,0.4965517222881317,4,0.515625,0.4270833432674408,0.42585253426451064,0.0012308061122894287,0.3377876281738281
0.75,111,17,64,0.7273858189582825,290,864,124,0.4275861978530884,4,0.5078125,0.41041669249534607,0.42585253426451064,-0.015435844659805298,0.32532167434692383
0.75,112,17,64,0.7300900220870972,290,864,134,0.46206897497177124,4,0.48828125,0.45000001788139343,0.42585253426451064,0.024147480726242065,0.35096997022628784
0.75,113,17,64,0.6619542241096497,290,864,148,0.5103448033332825,4,0.49609375,0.4333333671092987,0.42585253426451064,0.007480829954147339,0.44481080770492554
0.75,114,17,64,0.681018054485321,290,864,140,0.48275861144065857,4,0.50390625,0.47083336114883423,0.42585253426451064,0.04498082399368286,0.4226263463497162
0.75,115,17,64,0.7199352383613586,290,864,124,0.4275861978530884,4,0.51171875,0.4125000238418579,0.42585253426451064,-0.013352513313293457,0.32914984226226807
0.75,116,17,64,0.6637039184570312,290,864,138,0.475862056016922,4,0.52734375,0.4208333492279053,0.42585253426451064,-0.005019187927246094,0.4901334047317505
0.75,117,17,64,0.6952260732650757,290,864,116,0.4000000059604645,4,0.484375,0.3645833432674408,0.42585253426451064,-0.06126919388771057,0.3573330044746399
0.75,118,17,64,0.6935412287712097,290,864,128,0.4413793087005615,4,0.5078125,0.4270833432674408,0.42585253426451064,0.0012308061122894287,0.4849914312362671
0.75,119,17,64,0.7304375171661377,290,864,152,0.5241379141807556,4,0.515625,0.46250003576278687,0.42585253426451064,0.0366474986076355,0.35357171297073364
0.75,120,17,64,0.6545003056526184,290,864,138,0.475862056016922,4,0.51953125,0.4479166865348816,0.42585253426451064,0.022064149379730225,0.5066552758216858
0.75,121,17,64,0.6648669838905334,290,864,124,0.4275861978530884,4,0.4765625,0.37708336114883423,0.42585253426451064,-0.04876917600631714,0.5079593062400818
0.75,122,17,64,0.6578083634376526,290,864,138,0.475862056016922,4,0.515625,0.40833336114883423,0.42585253426451064,-0.01751917600631714,0.4896166920661926
0.75,123,17,64,0.6978559494018555,290,864,134,0.46206897497177124,4,0.48828125,0.4166666865348816,0.42585253426451064,-0.009185850620269775,0.3849486708641052
0.75,124,17,64,0.8025718927383423,290,864,138,0.475862056016922,4,0.48828125,0.4437500238418579,0.42585253426451064,0.017897486686706543,0.21418459713459015
0.75,125,17,64,0.7054166197776794,290,864,152,0.5241379141807556,4,0.4921875,0.43958336114883423,0.42585253426451064,0.013730823993682861,0.43521255254745483
0.75,126,17,64,0.7150261402130127,290,864,130,0.4482758641242981,4,0.48828125,0.41041669249534607,0.42585253426451064,-0.015435844659805298,0.38454848527908325
0.75,127,17,64,0.7052786946296692,290,864,128,0.4413793087005615,4,0.52734375,0.45000001788139343,0.42585253426451064,0.024147480726242065,0.4181519150733948
0.75,128,17,64,0.7132452130317688,290,864,146,0.5034482479095459,4,0.484375,0.43541669845581055,0.42585253426451064,0.00956416130065918,0.3815208077430725
0.75,129,17,64,0.687590479850769,290,864,132,0.45517241954803467,4,0.50390625,0.4166666865348816,0.42585253426451064,-0.009185850620269775,0.48904934525489807
0.75,130,17,64,0.7099864482879639,290,864,140,0.48275861144065857,4,0.4921875,0.4520833492279053,0.42585253426451064,0.026230812072753906,0.36593130230903625
0.75,131,17,64,0.7143025398254395,290,864,122,0.4206896424293518,4,0.484375,0.4166666865348816,0.42585253426451064,-0.009185850620269775,0.33499181270599365
0.75,132,17,64,0.7044157385826111,290,864,136,0.4689655303955078,4,0.5,0.4437500238418579,0.42585253426451064,0.017897486686706543,0.36078301072120667
0.75,133,17,64,0.688787043094635,290,864,110,0.37931033968925476,4,0.49609375,0.37291669845581055,0.42585253426451064,-0.05293583869934082,0.4634079933166504
0.75,134,17,64,0.7525336146354675,290,864,140,0.48275861144065857,4,0.484375,0.4125000238418579,0.42585253426451064,-0.013352513313293457,0.32198137044906616
0.75,135,17,64,0.6724399328231812,290,864,142,0.48965516686439514,4,0.51953125,0.4166666865348816,0.42585253426451064,-0.009185850620269775,0.46751904487609863
0.75,136,17,64,0.7081651091575623,290,864,136,0.4689655303955078,4,0.484375,0.45000001788139343,0.42585253426451064,0.024147480726242065,0.3777950406074524
0.75,137,17,64,0.6484190225601196,290,864,144,0.4965517222881317,4,0.4921875,0.40000003576278687,0.42585253426451064,-0.025852501392364502,0.45473167300224304
0.75,138,17,64,0.706325888633728,290,864,136,0.4689655303955078,4,0.51953125,0.45000001788139343,0.42585253426451064,0.024147480726242065,0.38979437947273254
0.75,139,17,64,0.6618953347206116,290,864,118,0.40689656138420105,4,0.4921875,0.39791667461395264,0.42585253426451064,-0.02793586254119873,0.42285943031311035
0.75,140,17,64,0.6855860948562622,290,864,130,0.4482758641242981,4,0.484375,0.42916667461395264,0.42585253426451064,0.0033141374588012695,0.3706440031528473
0.75,141,17,64,0.6823779344558716,290,864,152,0.5241379141807556,4,0.4921875,0.42500001192092896,0.42585253426451064,-0.0008525252342224121,0.49493834376335144
0.75,142,17,64,0.6856074333190918,290,864,128,0.4413793087005615,4,0.48046875,0.4020833671092987,0.42585253426451064,-0.02376917004585266,0.37639421224594116
0.75,143,17,64,0.6503879427909851,290,864,126,0.43448275327682495,4,0.4765625,0.4375000298023224,0.42585253426451064,0.01164749264717102,0.5435981750488281
0.75,144,17,64,0.7344042062759399,290,864,134,0.46206897497177124,4,0.4921875,0.460416704416275,0.42585253426451064,0.03456416726112366,0.3151102066040039
0.75,145,17,64,0.6986035108566284,290,864,112,0.38620689511299133,4,0.5078125,0.39375001192092896,0.42585253426451064,-0.03210252523422241,0.3616175651550293
0.75,146,17,64,0.7053233981132507,290,864,140,0.48275861144065857,4,0.484375,0.4583333432674408,0.42585253426451064,0.03248080611228943,0.35325589776039124
0.75,147,17,64,0.6982285380363464,290,864,130,0.4482758641242981,4,0.49609375,0.3916666805744171,0.42585253426451064,-0.03418585658073425,0.4456306993961334
0.75,148,17,64,0.7306819558143616,290,864,150,0.517241358757019,4,0.5234375,0.44166669249534607,0.42585253426451064,0.015814155340194702,0.3790435492992401
0.75,149,17,64,0.6887751817703247,290,864,134,0.46206897497177124,4,0.48828125,0.4437500238418579,0.42585253426451064,0.017897486686706543,0.41948217153549194
0.75,150,17,64,0.6953950524330139,290,864,120,0.41379308700561523,4,0.5078125,0.4062500298023224,0.42585253426451064,-0.01960250735282898,0.371840238571167
0.75,151,17,64,0.748297929763794,290,864,130,0.4482758641242981,4,0.48828125,0.4208333492279053,0.42585253426451064,-0.005019187927246094,0.3211764693260193
0.75,152,17,64,0.6813610196113586,290,864,120,0.41379308700561523,4,0.47265625,0.37291669845581055,0.42585253426451064,-0.05293583869934082,0.39654654264450073
0.75,153,17,64,0.6698004007339478,290,864,108,0.3724137842655182,4,0.51953125,0.39375001192092896,0.42585253426451064,-0.03210252523422241,0.4225769639015198
0.75,154,17,64,0.6674968004226685,290,864,108,0.3724137842655182,4,0.49609375,0.41875001788139343,0.42585253426451064,-0.007102519273757935,0.5415880680084229
0.75,155,17,64,0.759499192237854,290,864,146,0.5034482479095459,4,0.48828125,0.4125000238418579,0.42585253426451064,-0.013352513313293457,0.2720056176185608
0.75,156,17,64,0.6502640843391418,290,864,134,0.46206897497177124,4,0.5,0.4229166805744171,0.42585253426451064,-0.002935856580734253,0.467415452003479
0.75,157,17,64,0.7188752889633179,290,864,148,0.5103448033332825,4,0.515625,0.45000001788139343,0.42585253426451064,0.024147480726242065,0.4202865958213806
0.75,158,17,64,0.6838558912277222,290,864,126,0.43448275327682495,4,0.52734375,0.42500001192092896,0.42585253426451064,-0.0008525252342224121,0.48773500323295593
0.75,159,17,64,0.6963896751403809,290,864,144,0.4965517222881317,4,0.453125,0.43541669845581055,0.42585253426451064,0.00956416130065918,0.39153236150741577
0.75,160,17,64,0.7047631740570068,290,864,162,0.5586206912994385,4,0.45703125,0.46250003576278687,0.42585253426451064,0.0366474986076355,0.37115418910980225
0.75,161,17,64,0.7009990811347961,290,864,136,0.4689655303955078,4,0.48828125,0.45000001788139343,0.42585253426451064,0.024147480726242065,0.5503790378570557
0.75,162,17,64,0.7804160714149475,290,864,126,0.43448275327682495,4,0.4921875,0.42500001192092896,0.42585253426451064,-0.0008525252342224121,0.24648915231227875
0.75,163,17,64,0.7247189283370972,290,864,140,0.48275861144065857,4,0.53515625,0.46250003576278687,0.42585253426451064,0.0366474986076355,0.3969108462333679
0.75,164,17,64,0.697759211063385,290,864,138,0.475862056016922,4,0.484375,0.4208333492279053,0.42585253426451064,-0.005019187927246094,0.4400753378868103
0.75,165,17,64,0.6800178289413452,290,864,150,0.517241358757019,4,0.5,0.4541666805744171,0.42585253426451064,0.028314143419265747,0.36580973863601685
0.75,166,17,64,0.7084814310073853,290,864,122,0.4206896424293518,4,0.51953125,0.43541669845581055,0.42585253426451064,0.00956416130065918,0.3773241639137268
0.75,167,17,64,0.7260635495185852,290,864,142,0.48965516686439514,4,0.515625,0.4125000238418579,0.42585253426451064,-0.013352513313293457,0.372840940952301
0.75,168,17,64,0.7050312757492065,290,864,138,0.475862056016922,4,0.49609375,0.4020833671092987,0.42585253426451064,-0.02376917004585266,0.4164150059223175
0.75,169,17,64,0.6841312050819397,290,864,150,0.517241358757019,4,0.50390625,0.40416669845581055,0.42585253426451064,-0.02168583869934082,0.4218914210796356
0.75,170,17,64,0.7058805227279663,290,864,122,0.4206896424293518,4,0.51953125,0.4520833492279053,0.42585253426451064,0.026230812072753906,0.40850013494491577
0.75,171,17,64,0.7424041628837585,290,864,132,0.45517241954803467,4,0.51171875,0.46250003576278687,0.42585253426451064,0.0366474986076355,0.358132541179657
0.75,172,17,64,0.7383865714073181,290,864,140,0.48275861144065857,4,0.5,0.4229166805744171,0.42585253426451064,-0.002935856580734253,0.2933874726295471
0.75,173,17,64,0.6606270670890808,290,864,136,0.4689655303955078,4,0.48046875,0.41458335518836975,0.42585253426451064,-0.011269181966781616,0.48400163650512695
0.75,174,17,64,0.7334208488464355,290,864,134,0.46206897497177124,4,0.51171875,0.41458335518836975,0.42585253426451064,-0.011269181966781616,0.2970884442329407
0.75,175,17,64,0.7200595140457153,290,864,130,0.4482758641242981,4,0.49609375,0.42500001192092896,0.42585253426451064,-0.0008525252342224121,0.36285343766212463
0.75,176,17,64,0.7249700427055359,290,864,138,0.475862056016922,4,0.515625,0.4229166805744171,0.42585253426451064,-0.002935856580734253,0.397687166929245
0.75,177,17,64,0.6943979859352112,290,864,144,0.4965517222881317,4,0.5,0.40000003576278687,0.42585253426451064,-0.025852501392364502,0.47897008061408997
0.75,178,17,64,0.7171659469604492,290,864,126,0.43448275327682495,4,0.5078125,0.4166666865348816,0.42585253426451064,-0.009185850620269775,0.36722636222839355
0.75,179,17,64,0.7248949408531189,290,864,128,0.4413793087005615,4,0.515625,0.43125003576278687,0.42585253426451064,0.005397498607635498,0.3209288716316223
0.75,180,17,64,0.6997030377388,290,864,128,0.4413793087005615,4,0.48828125,0.41041669249534607,0.42585253426451064,-0.015435844659805298,0.565534234046936
0.75,181,17,64,0.7040460109710693,290,864,144,0.4965517222881317,4,0.5,0.4375000298023224,0.42585253426451064,0.01164749264717102,0.45883989334106445
0.75,182,17,64,0.6654390692710876,290,864,148,0.5103448033332825,4,0.48046875,0.43125003576278687,0.42585253426451064,0.005397498607635498,0.5772589445114136
0.75,183,17,64,0.6720898151397705,290,864,126,0.43448275327682495,4,0.484375,0.3958333432674408,0.42585253426451064,-0.03001919388771057,0.5280798077583313
0.75,184,17,64,0.6632014513015747,290,864,122,0.4206896424293518,4,0.5078125,0.4125000238418579,0.42585253426451064,-0.013352513313293457,0.5323841571807861
0.75,185,17,64,0.662862241268158,290,864,118,0.40689656138420105,4,0.47265625,0.42916667461395264,0.42585253426451064,0.0033141374588012695,0.5316795110702515
0.75,186,17,64,0.7398800849914551,290,864,138,0.475862056016922,4,0.48828125,0.43958336114883423,0.42585253426451064,0.013730823993682861,0.327070951461792
0.75,187,17,64,0.6451541185379028,290,864,120,0.41379308700561523,4,0.49609375,0.40416669845581055,0.42585253426451064,-0.02168583869934082,0.5612191557884216
0.75,188,17,64,0.6843582987785339,290,864,130,0.4482758641242981,4,0.51953125,0.40833336114883423,0.42585253426451064,-0.01751917600631714,0.4645226001739502
0.75,189,17,64,0.6914629936218262,290,864,138,0.475862056016922,4,0.49609375,0.43541669845581055,0.42585253426451064,0.00956416130065918,0.4535198211669922
0.75,190,17,64,0.7566580772399902,290,864,136,0.4689655303955078,4,0.484375,0.4583333432674408,0.42585253426451064,0.03248080611228943,0.2982442080974579
0.75,191,17,64,0.6191660165786743,290,864,128,0.4413793087005615,4,0.5390625,0.4166666865348816,0.42585253426451064,-0.009185850620269775,0.6885932683944702
0.75,192,17,64,0.6773049235343933,290,864,128,0.4413793087005615,4,0.50390625,0.3958333432674408,0.42585253426451064,-0.03001919388771057,0.5821717977523804
0.75,193,17,64,0.6416601538658142,290,864,138,0.475862056016922,4,0.48046875,0.4583333432674408,0.42585253426451064,0.03248080611228943,0.5552166700363159
0.75,194,17,64,0.6426010727882385,290,864,138,0.475862056016922,4,0.5,0.42500001192092896,0.42585253426451064,-0.0008525252342224121,0.5365626811981201
0.75,195,17,64,0.6699448823928833,290,864,148,0.5103448033332825,4,0.4765625,0.46666669845581055,0.42585253426451064,0.04081416130065918,0.5462371110916138
0.75,196,17,64,0.7279719114303589,290,864,138,0.475862056016922,4,0.49609375,0.4270833432674408,0.42585253426451064,0.0012308061122894287,0.3194362223148346
0.75,197,17,64,0.7329925298690796,290,864,144,0.4965517222881317,4,0.53125,0.460416704416275,0.42585253426451064,0.03456416726112366,0.33405357599258423
0.75,198,17,64,0.7348466515541077,290,864,140,0.48275861144065857,4,0.4765625,0.47708335518836975,0.42585253426451064,0.051230818033218384,0.30306828022003174
0.75,199,17,64,0.6840043663978577,290,864,126,0.43448275327682495,4,0.515625,0.40416669845581055,0.42585253426451064,-0.02168583869934082,0.46619588136672974
0.75,200,17,64,0.7695869207382202,290,864,142,0.48965516686439514,4,0.5,0.43541669845581055,0.42585253426451064,0.00956416130065918,0.2788010239601135
0.75,201,17,64,0.7087929248809814,290,864,140,0.48275861144065857,4,0.47265625,0.44166669249534607,0.42585253426451064,0.015814155340194702,0.3662625253200531
0.75,202,17,64,0.6857689023017883,290,864,130,0.4482758641242981,4,0.5,0.4541666805744171,0.42585253426451064,0.028314143419265747,0.44371452927589417
0.75,203,17,64,0.7851300239562988,290,864,140,0.48275861144065857,4,0.49609375,0.4270833432674408,0.42585253426451064,0.0012308061122894287,0.2719407081604004
0.75,204,17,64,0.7051730751991272,290,864,138,0.475862056016922,4,0.4765625,0.43541669845581055,0.42585253426451064,0.00956416130065918,0.37674158811569214
0.75,205,17,64,0.6314218044281006,290,864,132,0.45517241954803467,4,0.5,0.39375001192092896,0.42585253426451064,-0.03210252523422241,0.5755137801170349
0.75,206,17,64,0.6690256595611572,290,864,130,0.4482758641242981,4,0.51171875,0.3854166865348816,0.42585253426451064,-0.040435850620269775,0.5080865621566772
0.75,207,17,64,0.6262717843055725,290,864,150,0.517241358757019,4,0.48828125,0.44583335518836975,0.42585253426451064,0.019980818033218384,0.6820917129516602
0.75,208,17,64,0.7156038284301758,290,864,134,0.46206897497177124,4,0.4921875,0.4750000238418579,0.42585253426451064,0.04914748668670654,0.38156503438949585
0.75,209,17,64,0.676400363445282,290,864,138,0.475862056016922,4,0.48828125,0.43541669845581055,0.42585253426451064,0.00956416130065918,0.3836934566497803
0.75,210,17,64,0.7082871794700623,290,864,132,0.45517241954803467,4,0.50390625,0.40416669845581055,0.42585253426451064,-0.02168583869934082,0.31884413957595825
0.75,211,17,64,0.656744122505188,290,864,132,0.45517241954803467,4,0.515625,0.41041669249534607,0.42585253426451064,-0.015435844659805298,0.48684364557266235
0.75,212,17,64,0.7006912231445312,290,864,140,0.48275861144065857,4,0.515625,0.45000001788139343,0.42585253426451064,0.024147480726242065,0.3818736672401428
0.75,213,17,64,0.7099777460098267,290,864,138,0.475862056016922,4,0.52734375,0.39791667461395264,0.42585253426451064,-0.02793586254119873,0.4153349697589874
0.75,214,17,64,0.6802379488945007,290,864,152,0.5241379141807556,4,0.52734375,0.4687500298023224,0.42585253426451064,0.04289749264717102,0.5019285678863525
0.75,215,17,64,0.7004472017288208,290,864,126,0.43448275327682495,4,0.49609375,0.39375001192092896,0.42585253426451064,-0.03210252523422241,0.40520307421684265
0.75,216,17,64,0.6442983746528625,290,864,136,0.4689655303955078,4,0.48046875,0.38750001788139343,0.42585253426451064,-0.038352519273757935,0.6845906972885132
0.75,217,17,64,0.7348986864089966,290,864,142,0.48965516686439514,4,0.5078125,0.4333333671092987,0.42585253426451064,0.007480829954147339,0.40039268136024475
0.75,218,17,64,0.7184991836547852,290,864,144,0.4965517222881317,4,0.5,0.4687500298023224,0.42585253426451064,0.04289749264717102,0.41508620977401733
0.75,219,17,64,0.6999362707138062,290,864,120,0.41379308700561523,4,0.484375,0.4125000238418579,0.42585253426451064,-0.013352513313293457,0.5039139986038208
0.75,220,17,64,0.6592000126838684,290,864,116,0.4000000059604645,4,0.4921875,0.4020833671092987,0.42585253426451064,-0.02376917004585266,0.5359979867935181
0.75,221,17,64,0.714561402797699,290,864,138,0.475862056016922,4,0.48046875,0.4437500238418579,0.42585253426451064,0.017897486686706543,0.3336881995201111
0.75,222,17,64,0.6882338523864746,290,864,138,0.475862056016922,4,0.52734375,0.4062500298023224,0.42585253426451064,-0.01960250735282898,0.41876211762428284
0.75,223,17,64,0.701720654964447,290,864,152,0.5241379141807556,4,0.5234375,0.4479166865348816,0.42585253426451064,0.022064149379730225,0.3976662755012512
0.75,224,17,64,0.7749560475349426,290,864,138,0.475862056016922,4,0.484375,0.4479166865348816,0.42585253426451064,0.022064149379730225,0.28193527460098267
0.75,225,17,64,0.6876816153526306,290,864,148,0.5103448033332825,4,0.4765625,0.4479166865348816,0.42585253426451064,0.022064149379730225,0.3598517179489136
0.75,226,17,64,0.7020009160041809,290,864,136,0.4689655303955078,4,0.48828125,0.44166669249534607,0.42585253426451064,0.015814155340194702,0.41385841369628906
0.75,227,17,64,0.7440968751907349,290,864,150,0.517241358757019,4,0.48046875,0.46666669845581055,0.42585253426451064,0.04081416130065918,0.3695650100708008
0.75,228,17,64,0.6991422772407532,290,864,134,0.46206897497177124,4,0.49609375,0.4125000238418579,0.42585253426451064,-0.013352513313293457,0.3596680760383606
0.75,229,17,64,0.7506034970283508,290,864,116,0.4000000059604645,4,0.48828125,0.3812500238418579,0.42585253426451064,-0.04460251331329346,0.3012238144874573
0.75,230,17,64,0.6427699327468872,290,864,138,0.475862056016922,4,0.5234375,0.4541666805744171,0.42585253426451064,0.028314143419265747,0.4739132523536682
0.75,231,17,64,0.7195056676864624,290,864,128,0.4413793087005615,4,0.4921875,0.4062500298023224,0.42585253426451064,-0.01960250735282898,0.37100648880004883
0.75,232,17,64,0.7435497641563416,290,864,130,0.4482758641242981,4,0.53515625,0.36250001192092896,0.42585253426451064,-0.06335252523422241,0.30717530846595764
0.75,233,17,64,0.6619008183479309,290,864,150,0.517241358757019,4,0.48828125,0.41458335518836975,0.42585253426451064,-0.011269181966781616,0.46396762132644653
0.75,234,17,64,0.63075190782547,290,864,118,0.40689656138420105,4,0.48828125,0.4333333671092987,0.42585253426451064,0.007480829954147339,0.6093611121177673
0.75,235,17,64,0.7037763595581055,290,864,140,0.48275861144065857,4,0.5,0.4479166865348816,0.42585253426451064,0.022064149379730225,0.4274201989173889
0.75,236,17,64,0.6951223611831665,290,864,144,0.4965517222881317,4,0.4921875,0.41875001788139343,0.42585253426451064,-0.007102519273757935,0.41266024112701416
0.75,237,17,64,0.6937403678894043,290,864,144,0.4965517222881317,4,0.5078125,0.460416704416275,0.42585253426451064,0.03456416726112366,0.46835067868232727
0.75,238,17,64,0.663776695728302,290,864,126,0.43448275327682495,4,0.484375,0.4166666865348816,0.42585253426451064,-0.009185850620269775,0.4691460430622101
0.75,239,17,64,0.7160932421684265,290,864,140,0.48275861144065857,4,0.51171875,0.45000001788139343,0.42585253426451064,0.024147480726242065,0.4025702178478241
0.75,240,17,64,0.7100857496261597,290,864,128,0.4413793087005615,4,0.51953125,0.44583335518836975,0.42585253426451064,0.019980818033218384,0.4252094626426697
0.75,241,17,64,0.7193589210510254,290,864,130,0.4482758641242981,4,0.51953125,0.4375000298023224,0.42585253426451064,0.01164749264717102,0.4279492199420929
0.75,242,17,64,0.6968665719032288,290,864,134,0.46206897497177124,4,0.5,0.45000001788139343,0.42585253426451064,0.024147480726242065,0.4789862036705017
0.75,243,17,64,0.6897650957107544,290,864,144,0.4965517222881317,4,0.515625,0.4125000238418579,0.42585253426451064,-0.013352513313293457,0.3718274235725403
0.75,244,17,64,0.7713142037391663,290,864,122,0.4206896424293518,4,0.51171875,0.4062500298023224,0.42585253426451064,-0.01960250735282898,0.23970136046409607
0.75,245,17,64,0.702220618724823,290,864,130,0.4482758641242981,4,0.48828125,0.3916666805744171,0.42585253426451064,-0.03418585658073425,0.41773146390914917
0.75,246,17,64,0.6988213658332825,290,864,134,0.46206897497177124,4,0.50390625,0.4375000298023224,0.42585253426451064,0.01164749264717102,0.3553740084171295
0.75,247,17,64,0.6133498549461365,290,864,132,0.45517241954803467,4,0.5,0.39375001192092896,0.42585253426451064,-0.03210252523422241,0.5951712131500244
0.75,248,17,64,0.7266646027565002,290,864,152,0.5241379141807556,4,0.47265625,0.4541666805744171,0.42585253426451064,0.028314143419265747,0.32459720969200134
0.75,249,17,64,0.7371475100517273,290,864,136,0.4689655303955078,4,0.53515625,0.4333333671092987,0.42585253426451064,0.007480829954147339,0.35172468423843384
0.75,250,17,64,0.7158944010734558,290,864,150,0.517241358757019,4,0.5,0.4958333671092987,0.42585253426451064,0.06998082995414734,0.3295981287956238
0.75,251,17,64,0.7589269280433655,290,864,130,0.4482758641242981,4,0.58203125,0.41041669249534607,0.42585253426451064,-0.015435844659805298,0.29432979226112366
0.75,252,17,64,0.6737159490585327,290,864,136,0.4689655303955078,4,0.5234375,0.43958336114883423,0.42585253426451064,0.013730823993682861,0.4932214915752411
0.75,253,17,64,0.6773815155029297,290,864,132,0.45517241954803467,4,0.5078125,0.40416669845581055,0.42585253426451064,-0.02168583869934082,0.4641354978084564
0.75,254,17,64,0.6602764129638672,290,864,124,0.4275861978530884,4,0.50390625,0.4166666865348816,0.42585253426451064,-0.009185850620269775,0.4490245580673218
0.75,255,17,64,0.690224289894104,290,864,144,0.4965517222881317,4,0.45703125,0.41875001788139343,0.42585253426451064,-0.007102519273757935,0.39448392391204834
0.75,0,33,64,0.7285930514335632,1090,3264,520,0.47706422209739685,4,0.501953125,0.4380040168762207,0.4333070942009505,0.004696935415267944,0.17584843933582306
0.75,1,33,64,0.6664665341377258,1090,3264,546,0.5009174346923828,4,0.501953125,0.44808465242385864,0.4333070942009505,0.014777570962905884,0.2648504376411438
0.75,2,33,64,0.6309980154037476,1090,3264,502,0.460550457239151,4,0.5234375,0.4203628897666931,0.4333070942009505,-0.012944191694259644,0.41364434361457825
0.75,3,33,64,0.7358728051185608,1090,3264,532,0.4880734086036682,4,0.4755859375,0.44254031777381897,0.4333070942009505,0.009233236312866211,0.17704102396965027
0.75,4,33,64,0.7692478895187378,1090,3264,536,0.4917431175708771,4,0.5087890625,0.45110884308815,0.4333070942009505,0.017801761627197266,0.14331425726413727
0.75,5,33,64,0.7059789896011353,1090,3264,510,0.4678899049758911,4,0.5029296875,0.4349798262119293,0.4333070942009505,0.0016727447509765625,0.22361843287944794
0.75,6,33,64,0.6582174301147461,1090,3264,516,0.473394513130188,4,0.5166015625,0.44254031777381897,0.4333070942009505,0.009233236312866211,0.2833980917930603
0.75,7,33,64,0.6772842407226562,1090,3264,514,0.47155964374542236,4,0.49609375,0.4097782075405121,0.4333070942009505,-0.023528873920440674,0.24774369597434998
0.75,8,33,64,0.7226602435112,1090,3264,492,0.45137614011764526,4,0.50390625,0.4339717626571655,0.4333070942009505,0.0006646811962127686,0.2431691586971283
0.75,9,33,64,0.7034627199172974,1090,3264,524,0.4807339608669281,4,0.490234375,0.4516128897666931,0.4333070942009505,0.018305808305740356,0.25777679681777954
0.75,10,33,64,0.6697152853012085,1090,3264,550,0.5045871734619141,4,0.51171875,0.42893144488334656,0.4333070942009505,-0.004375636577606201,0.2992645502090454
0.75,11,33,64,0.7610970139503479,1090,3264,530,0.4862385392189026,4,0.498046875,0.4395161271095276,0.4333070942009505,0.006209045648574829,0.18342456221580505
0.75,12,33,64,0.6896623373031616,1090,3264,494,0.4532110095024109,4,0.49609375,0.41733869910240173,0.4333070942009505,-0.015968382358551025,0.2500304579734802
0.75,13,33,64,0.7728163599967957,1090,3264,526,0.48256880044937134,4,0.5087890625,0.4380040168762207,0.4333070942009505,0.004696935415267944,0.15034529566764832
0.75,14,33,64,0.69968581199646,1090,3264,524,0.4807339608669281,4,0.5009765625,0.4349798262119293,0.4333070942009505,0.0016727447509765625,0.2177143096923828
0.75,15,33,64,0.7368960976600647,1090,3264,500,0.4587155878543854,4,0.4921875,0.4254032075405121,0.4333070942009505,-0.007903873920440674,0.22365325689315796
0.75,16,33,64,0.6416438221931458,1090,3264,524,0.4807339608669281,4,0.49609375,0.4420362710952759,0.4333070942009505,0.00872918963432312,0.33595800399780273
0.75,17,33,64,0.6733452081680298,1090,3264,552,0.5064220428466797,4,0.4833984375,0.43195563554763794,0.4333070942009505,-0.0013514459133148193,0.2894427478313446
0.75,18,33,64,0.7057661414146423,1090,3264,512,0.46972477436065674,4,0.509765625,0.44506046175956726,0.4333070942009505,0.011753380298614502,0.20423340797424316
0.75,19,33,64,0.6522625088691711,1090,3264,506,0.46422019600868225,4,0.5087890625,0.4420362710952759,0.4333070942009505,0.00872918963432312,0.29294246435165405
0.75,20,33,64,0.7284276485443115,1090,3264,532,0.4880734086036682,4,0.5068359375,0.43195563554763794,0.4333070942009505,-0.0013514459133148193,0.21159014105796814
0.75,21,33,64,0.7224418520927429,1090,3264,532,0.4880734086036682,4,0.490234375,0.4369959533214569,0.4333070942009505,0.0036888718605041504,0.21173328161239624
0.75,22,33,64,0.6661162376403809,1090,3264,514,0.47155964374542236,4,0.49609375,0.42943546175956726,0.4333070942009505,-0.003871619701385498,0.2670362591743469
0.75,23,33,64,0.7499459981918335,1090,3264,542,0.49724769592285156,4,0.5,0.46118950843811035,0.4333070942009505,0.027882426977157593,0.1890588253736496
0.75,24,33,64,0.6506897211074829,1090,3264,532,0.4880734086036682,4,0.5009765625,0.43346771597862244,0.4333070942009505,0.00016063451766967773,0.2834317088127136
0.75,25,33,64,0.6626113057136536,1090,3264,530,0.4862385392189026,4,0.4951171875,0.43094757199287415,0.4333070942009505,-0.0023595094680786133,0.2916299104690552
0.75,26,33,64,0.6911634206771851,1090,3264,520,0.47706422209739685,4,0.49609375,0.4243951439857483,0.4333070942009505,-0.008911937475204468,0.26744890213012695
0.75,27,33,64,0.7238386273384094,1090,3264,530,0.4862385392189026,4,0.4931640625,0.4339717626571655,0.4333070942009505,0.0006646811962127686,0.20220285654067993
0.75,28,33,64,0.672547459602356,1090,3264,544,0.4990825653076172,4,0.5,0.46068546175956726,0.4333070942009505,0.027378380298614502,0.24312685430049896
0.75,29,33,64,0.6702821254730225,1090,3264,516,0.473394513130188,4,0.5087890625,0.4369959533214569,0.4333070942009505,0.0036888718605041504,0.2569590210914612
0.75,30,33,64,0.7112693190574646,1090,3264,508,0.4660550355911255,4,0.4931640625,0.43145158886909485,0.4333070942009505,-0.0018554925918579102,0.20590026676654816
0.75,31,33,64,0.7232363820075989,1090,3264,500,0.4587155878543854,4,0.5009765625,0.4228830635547638,0.4333070942009505,-0.010424017906188965,0.1983393132686615
0.75,32,33,64,0.67889803647995,1090,3264,510,0.4678899049758911,4,0.5107421875,0.42691531777381897,0.4333070942009505,-0.006391763687133789,0.2712632417678833
0.75,33,33,64,0.7196348309516907,1090,3264,522,0.4788990914821625,4,0.5029296875,0.44405239820480347,0.4333070942009505,0.010745316743850708,0.19796505570411682
0.75,34,33,64,0.6555313467979431,1090,3264,508,0.4660550355911255,4,0.4873046875,0.42792338132858276,0.4333070942009505,-0.005383700132369995,0.3066166639328003
0.75,35,33,64,0.6874047517776489,1090,3264,526,0.48256880044937134,4,0.5107421875,0.42993950843811035,0.4333070942009505,-0.0033675730228424072,0.24221345782279968
0.75,36,33,64,0.6694821715354919,1090,3264,532,0.4880734086036682,4,0.5,0.44657257199287415,0.4333070942009505,0.013265490531921387,0.2469169944524765
0.75,37,33,64,0.7262121438980103,1090,3264,540,0.4954128563404083,4,0.4931640625,0.4339717626571655,0.4333070942009505,0.0006646811962127686,0.1978645622730255
0.75,38,33,64,0.7180256247520447,1090,3264,512,0.46972477436065674,4,0.5048828125,0.4274193346500397,0.4333070942009505,-0.005887746810913086,0.19486728310585022
0.75,39,33,64,0.7189239263534546,1090,3264,516,0.473394513130188,4,0.494140625,0.44455644488334656,0.4333070942009505,0.011249363422393799,0.2205788940191269
0.75,40,33,64,0.7068591117858887,1090,3264,514,0.47155964374542236,4,0.498046875,0.4405241906642914,0.4333070942009505,0.007217109203338623,0.2844625413417816
0.75,41,33,64,0.7295730710029602,1090,3264,516,0.473394513130188,4,0.4921875,0.4420362710952759,0.4333070942009505,0.00872918963432312,0.21007606387138367
0.75,42,33,64,0.6992065906524658,1090,3264,534,0.48990824818611145,4,0.48828125,0.4430443346500397,0.4333070942009505,0.009737253189086914,0.2153887152671814
0.75,43,33,64,0.6784887313842773,1090,3264,506,0.46422019600868225,4,0.4990234375,0.41633063554763794,0.4333070942009505,-0.01697644591331482,0.29407909512519836
0.75,44,33,64,0.726859450340271,1090,3264,532,0.4880734086036682,4,0.4912109375,0.453125,0.4333070942009505,0.01981791853904724,0.18861955404281616
0.75,45,33,64,0.7339695692062378,1090,3264,506,0.46422019600868225,4,0.5126953125,0.4274193346500397,0.4333070942009505,-0.005887746810913086,0.18017254769802094
0.75,46,33,64,0.7344473004341125,1090,3264,520,0.47706422209739685,4,0.5,0.4233870804309845,0.4333070942009505,-0.009920001029968262,0.19693127274513245
0.75,47,33,64,0.6925587058067322,1090,3264,508,0.4660550355911255,4,0.4921875,0.4213709533214569,0.4333070942009505,-0.01193612813949585,0.27259573340415955
0.75,48,33,64,0.6818333864212036,1090,3264,518,0.4752293527126312,4,0.513671875,0.43296369910240173,0.4333070942009505,-0.0003433823585510254,0.24489669501781464
0.75,49,33,64,0.7126754522323608,1090,3264,512,0.46972477436065674,4,0.5087890625,0.4410282075405121,0.4333070942009505,0.007721126079559326,0.20690682530403137
0.75,50,33,64,0.7316948771476746,1090,3264,544,0.4990825653076172,4,0.5068359375,0.4390120804309845,0.4333070942009505,0.005704998970031738,0.19978056848049164
0.75,51,33,64,0.6698487401008606,1090,3264,494,0.4532110095024109,4,0.4931640625,0.4203628897666931,0.4333070942009505,-0.012944191694259644,0.2775915861129761
0.75,52,33,64,0.7085562348365784,1090,3264,512,0.46972477436065674,4,0.5166015625,0.4400201439857483,0.4333070942009505,0.006713062524795532,0.21329966187477112
0.75,53,33,64,0.7103738188743591,1090,3264,508,0.4660550355911255,4,0.49609375,0.4359878897666931,0.4333070942009505,0.0026808083057403564,0.21591061353683472
0.75,54,33,64,0.6827389001846313,1090,3264,496,0.4550458788871765,4,0.517578125,0.4223790168762207,0.4333070942009505,-0.010928064584732056,0.24604234099388123
0.75,55,33,64,0.678215503692627,1090,3264,560,0.5137614607810974,4,0.5126953125,0.4430443346500397,0.4333070942009505,0.009737253189086914,0.26407021284103394
0.75,56,33,64,0.6984269022941589,1090,3264,540,0.4954128563404083,4,0.4873046875,0.4410282075405121,0.4333070942009505,0.007721126079559326,0.19304046034812927
0.75,57,33,64,0.6885060667991638,1090,3264,512,0.46972477436065674,4,0.5,0.43296369910240173,0.4333070942009505,-0.0003433823585510254,0.2786390483379364
0.75,58,33,64,0.7329962849617004,1090,3264,520,0.47706422209739685,4,0.515625,0.4495967626571655,0.4333070942009505,0.01628968119621277,0.18470430374145508
0.75,59,33,64,0.7364320158958435,1090,3264,528,0.48440366983413696,4,0.5029296875,0.4380040168762207,0.4333070942009505,0.004696935415267944,0.178423672914505
0.75,60,33,64,0.6510065793991089,1090,3264,488,0.4477064311504364,4,0.5048828125,0.41481852531433105,0.4333070942009505,-0.018488556146621704,0.33017316460609436
0.75,61,33,64,0.6834154725074768,1090,3264,508,0.4660550355911255,4,0.5,0.42993950843811035,0.4333070942009505,-0.0033675730228424072,0.26546335220336914
0.75,62,33,64,0.6730172634124756,1090,3264,492,0.45137614011764526,4,0.5205078125,0.45010077953338623,0.4333070942009505,0.01679369807243347,0.2970675528049469
0.75,63,33,64,0.6889946460723877,1090,3264,516,0.473394513130188,4,0.498046875,0.4380040168762207,0.4333070942009505,0.004696935415267944,0.26261720061302185
0.75,64,33,64,0.6853713989257812,1090,3264,552,0.5064220428466797,4,0.509765625,0.4521169364452362,0.4333070942009505,0.018809854984283447,0.25242331624031067
0.75,65,33,64,0.7021767497062683,1090,3264,504,0.4623853266239166,4,0.49609375,0.4364919364452362,0.4333070942009505,0.0031848549842834473,0.23488730192184448
0.75,66,33,64,0.7175220847129822,1090,3264,518,0.4752293527126312,4,0.51171875,0.43195563554763794,0.4333070942009505,-0.0013514459133148193,0.1790275275707245
0.75,67,33,64,0.6876981854438782,1090,3264,554,0.5082569122314453,4,0.501953125,0.44657257199287415,0.4333070942009505,0.013265490531921387,0.23619529604911804
0.75,68,33,64,0.6746485233306885,1090,3264,522,0.4788990914821625,4,0.517578125,0.4359878897666931,0.4333070942009505,0.0026808083057403564,0.2812630832195282
0.75,69,33,64,0.7259284853935242,1090,3264,488,0.4477064311504364,4,0.490234375,0.4354838728904724,0.4333070942009505,0.0021767914295196533,0.19094881415367126
0.75,70,33,64,0.7609975337982178,1090,3264,484,0.44403669238090515,4,0.4921875,0.44405239820480347,0.4333070942009505,0.010745316743850708,0.16308164596557617
0.75,71,33,64,0.7375181913375854,1090,3264,524,0.4807339608669281,4,0.490234375,0.41733869910240173,0.4333070942009505,-0.015968382358551025,0.20496982336044312
0.75,72,33,64,0.6867443323135376,1090,3264,492,0.45137614011764526,4,0.498046875,0.4228830635547638,0.4333070942009505,-0.010424017906188965,0.24982216954231262
0.75,73,33,64,0.6888123154640198,1090,3264,508,0.4660550355911255,4,0.494140625,0.43296369910240173,0.4333070942009505,-0.0003433823585510254,0.230635404586792
0.75,74,33,64,0.691424548625946,1090,3264,516,0.473394513130188,4,0.5029296875,0.44354838132858276,0.4333070942009505,0.010241299867630005,0.25808507204055786
0.75,75,33,64,0.7374475598335266,1090,3264,522,0.4788990914821625,4,0.4853515625,0.44909271597862244,0.4333070942009505,0.015785634517669678,0.19522163271903992
0.75,76,33,64,0.6746583580970764,1090,3264,502,0.460550457239151,4,0.494140625,0.43447577953338623,0.4333070942009505,0.0011686980724334717,0.2507898807525635
0.75,77,33,64,0.6945154070854187,1090,3264,512,0.46972477436065674,4,0.49609375,0.4248991906642914,0.4333070942009505,-0.008407890796661377,0.21667011082172394
0.75,78,33,64,0.6844031810760498,1090,3264,480,0.4403669834136963,4,0.5009765625,0.4264112710952759,0.4333070942009505,-0.00689581036567688,0.23345452547073364
0.75,79,33,64,0.7128230333328247,1090,3264,534,0.48990824818611145,4,0.5,0.453125,0.4333070942009505,0.01981791853904724,0.23989538848400116
0.75,80,33,64,0.6753475069999695,1090,3264,492,0.45137614011764526,4,0.5078125,0.42792338132858276,0.4333070942009505,-0.005383700132369995,0.2805853486061096
0.75,81,33,64,0.755211353302002,1090,3264,518,0.4752293527126312,4,0.501953125,0.44506046175956726,0.4333070942009505,0.011753380298614502,0.18247422575950623
0.75,82,33,64,0.6535779237747192,1090,3264,514,0.47155964374542236,4,0.4990234375,0.43145158886909485,0.4333070942009505,-0.0018554925918579102,0.270471453666687
0.75,83,33,64,0.7164633870124817,1090,3264,518,0.4752293527126312,4,0.5048828125,0.44405239820480347,0.4333070942009505,0.010745316743850708,0.21914154291152954
0.75,84,33,64,0.6126142740249634,1090,3264,492,0.45137614011764526,4,0.50390625,0.42691531777381897,0.4333070942009505,-0.006391763687133789,0.35425931215286255
0.75,85,33,64,0.630136251449585,1090,3264,512,0.46972477436065674,4,0.5048828125,0.4430443346500397,0.4333070942009505,0.009737253189086914,0.34080278873443604
0.75,86,33,64,0.6757287383079529,1090,3264,500,0.4587155878543854,4,0.49609375,0.4223790168762207,0.4333070942009505,-0.010928064584732056,0.23972128331661224
0.75,87,33,64,0.7406280040740967,1090,3264,508,0.4660550355911255,4,0.498046875,0.4254032075405121,0.4333070942009505,-0.007903873920440674,0.2014593780040741
0.75,88,33,64,0.7154321670532227,1090,3264,512,0.46972477436065674,4,0.4912109375,0.4375,0.4333070942009505,0.004192918539047241,0.19719499349594116
0.75,89,33,64,0.6909509301185608,1090,3264,542,0.49724769592285156,4,0.494140625,0.4415322542190552,0.4333070942009505,0.008225172758102417,0.22377561032772064
0.75,90,33,64,0.6692075133323669,1090,3264,508,0.4660550355911255,4,0.4931640625,0.42691531777381897,0.4333070942009505,-0.006391763687133789,0.2683069109916687
0.75,91,33,64,0.6625511050224304,1090,3264,528,0.48440366983413696,4,0.5244140625,0.43245965242385864,0.4333070942009505,-0.0008474290370941162,0.3492969870567322
0.75,92,33,64,0.7745211720466614,1090,3264,512,0.46972477436065674,4,0.505859375,0.41683465242385864,0.4333070942009505,-0.016472429037094116,0.14360129833221436
0.75,93,33,64,0.6322089433670044,1090,3264,516,0.473394513130188,4,0.484375,0.44405239820480347,0.4333070942009505,0.010745316743850708,0.3571397066116333
0.75,94,33,64,0.6783056259155273,1090,3264,536,0.4917431175708771,4,0.505859375,0.44354838132858276,0.4333070942009505,0.010241299867630005,0.265367716550827
0.75,95,33,64,0.6862878799438477,1090,3264,528,0.48440366983413696,4,0.4951171875,0.41582658886909485,0.4333070942009505,-0.01748049259185791,0.26195022463798523
0.75,96,33,64,0.7027302980422974,1090,3264,526,0.48256880044937134,4,0.498046875,0.4092741906642914,0.4333070942009505,-0.024032890796661377,0.24347421526908875
0.75,97,33,64,0.6652619242668152,1090,3264,504,0.4623853266239166,4,0.501953125,0.4551411271095276,0.4333070942009505,0.02183404564857483,0.30433589220046997
0.75,98,33,64,0.6938857436180115,1090,3264,496,0.4550458788871765,4,0.50390625,0.4369959533214569,0.4333070942009505,0.0036888718605041504,0.2572197914123535
0.75,99,33,64,0.7413306832313538,1090,3264,530,0.4862385392189026,4,0.5029296875,0.44707658886909485,0.4333070942009505,0.01376950740814209,0.21550306677818298
0.75,100,33,64,0.7004200220108032,1090,3264,530,0.4862385392189026,4,0.5029296875,0.43044352531433105,0.4333070942009505,-0.002863556146621704,0.24347350001335144
0.75,101,33,64,0.7338069677352905,1090,3264,502,0.460550457239151,4,0.4951171875,0.41683465242385864,0.4333070942009505,-0.016472429037094116,0.1995072364807129
0.75,102,33,64,0.6680067777633667,1090,3264,508,0.4660550355911255,4,0.5048828125,0.4339717626571655,0.4333070942009505,0.0006646811962127686,0.26076558232307434
0.75,103,33,64,0.6607224345207214,1090,3264,512,0.46972477436065674,4,0.5146484375,0.4243951439857483,0.4333070942009505,-0.008911937475204468,0.29321354627609253
0.75,104,33,64,0.7143701314926147,1090,3264,514,0.47155964374542236,4,0.5205078125,0.44354838132858276,0.4333070942009505,0.010241299867630005,0.21277102828025818
0.75,105,33,64,0.6105517148971558,1090,3264,530,0.4862385392189026,4,0.501953125,0.43195563554763794,0.4333070942009505,-0.0013514459133148193,0.36144381761550903
0.75,106,33,64,0.6860136985778809,1090,3264,512,0.46972477436065674,4,0.4951171875,0.44808465242385864,0.4333070942009505,0.014777570962905884,0.2602192163467407
0.75,107,33,64,0.7142291069030762,1090,3264,506,0.46422019600868225,4,0.5,0.44808465242385864,0.4333070942009505,0.014777570962905884,0.19917088747024536
0.75,108,33,64,0.714279294013977,1090,3264,520,0.47706422209739685,4,0.4990234375,0.43296369910240173,0.4333070942009505,-0.0003433823585510254,0.21860307455062866
0.75,109,33,64,0.7029129862785339,1090,3264,524,0.4807339608669281,4,0.50390625,0.41280239820480347,0.4333070942009505,-0.020504683256149292,0.20949018001556396
0.75,110,33,64,0.7314661741256714,1090,3264,524,0.4807339608669281,4,0.4853515625,0.4339717626571655,0.4333070942009505,0.0006646811962127686,0.1944122016429901
0.75,111,33,64,0.7273858189582825,1090,3264,552,0.5064220428466797,4,0.50390625,0.4541330635547638,0.4333070942009505,0.020825982093811035,0.19106128811836243
0.75,112,33,64,0.7300900220870972,1090,3264,530,0.4862385392189026,4,0.490234375,0.4375,0.4333070942009505,0.004192918539047241,0.19860213994979858
0.75,113,33,64,0.6619542241096497,1090,3264,522,0.4788990914821625,4,0.50390625,0.43195563554763794,0.4333070942009505,-0.0013514459133148193,0.275082528591156
0.75,114,33,64,0.681018054485321,1090,3264,530,0.4862385392189026,4,0.4970703125,0.4183467626571655,0.4333070942009505,-0.014960318803787231,0.2472647726535797
0.75,115,33,64,0.7199352383613586,1090,3264,524,0.4807339608669281,4,0.51171875,0.4400201439857483,0.4333070942009505,0.006713062524795532,0.18411871790885925
0.75,116,33,64,0.6637039184570312,1090,3264,500,0.4587155878543854,4,0.5224609375,0.4430443346500397,0.4333070942009505,0.009737253189086914,0.26519712805747986
0.75,117,33,64,0.6952260732650757,1090,3264,500,0.4587155878543854,4,0.48828125,0.4405241906642914,0.4333070942009505,0.007217109203338623,0.21258610486984253
0.75,118,33,64,0.6935412287712097,1090,3264,486,0.4458715617656708,4,0.4873046875,0.4238911271095276,0.4333070942009505,-0.009415954351425171,0.2723909616470337
0.75,119,33,64,0.7304375171661377,1090,3264,566,0.5192660689353943,4,0.5048828125,0.4727822542190552,0.4333070942009505,0.03947517275810242,0.1887173056602478
0.75,120,33,64,0.6545003056526184,1090,3264,528,0.48440366983413696,4,0.513671875,0.43245965242385864,0.4333070942009505,-0.0008474290370941162,0.28717097640037537
0.75,121,33,64,0.6648669838905334,1090,3264,484,0.44403669238090515,4,0.5009765625,0.42943546175956726,0.4333070942009505,-0.003871619701385498,0.28062814474105835
0.75,122,33,64,0.6578083634376526,1090,3264,494,0.4532110095024109,4,0.5048828125,0.44909271597862244,0.4333070942009505,0.015785634517669678,0.2762184739112854
0.75,123,33,64,0.6978559494018555,1090,3264,536,0.4917431175708771,4,0.4951171875,0.4369959533214569,0.4333070942009505,0.0036888718605041504,0.21591049432754517
0.75,124,33,64,0.8025718927383423,1090,3264,518,0.4752293527126312,4,0.48828125,0.4390120804309845,0.4333070942009505,0.005704998970031738,0.12529590725898743
0.75,125,33,64,0.7054166197776794,1090,3264,524,0.4807339608669281,4,0.5009765625,0.42842739820480347,0.4333070942009505,-0.004879683256149292,0.23689663410186768
0.75,126,33,64,0.7150261402130127,1090,3264,500,0.4587155878543854,4,0.5,0.43094757199287415,0.4333070942009505,-0.0023595094680786133,0.21746709942817688
0.75,127,33,64,0.7052786946296692,1090,3264,514,0.47155964374542236,4,0.5087890625,0.4364919364452362,0.4333070942009505,0.0031848549842834473,0.23293092846870422
0.75,128,33,64,0.7132452130317688,1090,3264,504,0.4623853266239166,4,0.49609375,0.40221771597862244,0.4333070942009505,-0.031089365482330322,0.22360000014305115
0.75,129,33,64,0.687590479850769,1090,3264,530,0.4862385392189026,4,0.4892578125,0.44455644488334656,0.4333070942009505,0.011249363422393799,0.26630648970603943
0.75,130,33,64,0.7099864482879639,1090,3264,510,0.4678899049758911,4,0.4873046875,0.4410282075405121,0.4333070942009505,0.007721126079559326,0.20943127572536469
0.75,131,33,64,0.7143025398254395,1090,3264,522,0.4788990914821625,4,0.494140625,0.4243951439857483,0.4333070942009505,-0.008911937475204468,0.20248883962631226
0.75,132,33,64,0.7044157385826111,1090,3264,532,0.4880734086036682,4,0.498046875,0.44254031777381897,0.4333070942009505,0.009233236312866211,0.20902976393699646
0.75,133,33,64,0.688787043094635,1090,3264,524,0.4807339608669281,4,0.5029296875,0.4364919364452362,0.4333070942009505,0.0031848549842834473,0.2539443373680115
0.75,134,33,64,0.7525336146354675,1090,3264,500,0.4587155878543854,4,0.5185546875,0.4274193346500397,0.4333070942009505,-0.005887746810913086,0.18058276176452637
0.75,135,33,64,0.6724399328231812,1090,3264,506,0.46422019600868225,4,0.4921875,0.41481852531433105,0.4333070942009505,-0.018488556146621704,0.2791306674480438
0.75,136,33,64,0.7081651091575623,1090,3264,526,0.48256880044937134,4,0.486328125,0.44707658886909485,0.4333070942009505,0.01376950740814209,0.21827885508537292
0.75,137,33,64,0.6484190225601196,1090,3264,530,0.4862385392189026,4,0.505859375,0.4339717626571655,0.4333070942009505,0.0006646811962127686,0.25686588883399963
0.75,138,33,64,0.706325888633728,1090,3264,516,0.473394513130188,4,0.4990234375,0.4400201439857483,0.4333070942009505,0.006713062524795532,0.2195233702659607
0.75,139,33,64,0.6618953347206116,1090,3264,520,0.47706422209739685,4,0.5048828125,0.43094757199287415,0.4333070942009505,-0.0023595094680786133,0.2435166835784912
0.75,140,33,64,0.6855860948562622,1090,3264,518,0.4752293527126312,4,0.5,0.41532257199287415,0.4333070942009505,-0.017984509468078613,0.21636155247688293
0.75,141,33,64,0.6823779344558716,1090,3264,526,0.48256880044937134,4,0.50390625,0.44405239820480347,0.4333070942009505,0.010745316743850708,0.26926982402801514
0.75,142,33,64,0.6856074333190918,1090,3264,508,0.4660550355911255,4,0.4970703125,0.42842739820480347,0.4333070942009505,-0.004879683256149292,0.20903483033180237
0.75,143,33,64,0.6503879427909851,1090,3264,496,0.4550458788871765,4,0.51171875,0.4077620804309845,0.4333070942009505,-0.02554500102996826,0.3119007349014282
0.75,144,33,64,0.7344042062759399,1090,3264,524,0.4807339608669281,4,0.5224609375,0.44808465242385864,0.4333070942009505,0.014777570962905884,0.18656888604164124
0.75,145,33,64,0.6986035108566284,1090,3264,540,0.4954128563404083,4,0.484375,0.4213709533214569,0.4333070942009505,-0.01193612813949585,0.211328387260437
0.75,146,33,64,0.7053233981132507,1090,3264,528,0.48440366983413696,4,0.48828125,0.42792338132858276,0.4333070942009505,-0.005383700132369995,0.23089085519313812
0.75,147,33,64,0.6982285380363464,1090,3264,516,0.473394513130188,4,0.5146484375,0.42792338132858276,0.4333070942009505,-0.005383700132369995,0.25179532170295715
0.75,148,33,64,0.7306819558143616,1090,3264,560,0.5137614607810974,4,0.4892578125,0.46421369910240173,0.4333070942009505,0.030906617641448975,0.20661571621894836
0.75,149,33,64,0.6887751817703247,1090,3264,498,0.45688074827194214,4,0.49609375,0.42893144488334656,0.4333070942009505,-0.004375636577606201,0.24534621834754944
0.75,150,33,64,0.6953950524330139,1090,3264,532,0.4880734086036682,4,0.505859375,0.4415322542190552,0.4333070942009505,0.008225172758102417,0.22060033679008484
0.75,151,33,64,0.748297929763794,1090,3264,504,0.4623853266239166,4,0.482421875,0.43346771597862244,0.4333070942009505,0.00016063451766967773,0.1784171164035797
0.75,152,33,64,0.6813610196113586,1090,3264,524,0.4807339608669281,4,0.5068359375,0.4233870804309845,0.4333070942009505,-0.009920001029968262,0.220131516456604
0.75,153,33,64,0.6698004007339478,1090,3264,508,0.4660550355911255,4,0.5,0.41784271597862244,0.4333070942009505,-0.015464365482330322,0.24709853529930115
0.75,154,33,64,0.6674968004226685,1090,3264,538,0.4935779869556427,4,0.4921875,0.4274193346500397,0.4333070942009505,-0.005887746810913086,0.3198562264442444
0.75,155,33,64,0.759499192237854,1090,3264,520,0.47706422209739685,4,0.4951171875,0.4254032075405121,0.4333070942009505,-0.007903873920440674,0.15637236833572388
0.75,156,33,64,0.6502640843391418,1090,3264,504,0.4623853266239166,4,0.4775390625,0.43195563554763794,0.4333070942009505,-0.0013514459133148193,0.2724003791809082
0.75,157,33,64,0.7188752889633179,1090,3264,542,0.49724769592285156,4,0.4931640625,0.43346771597862244,0.4333070942009505,0.00016063451766967773,0.25876712799072266
0.75,158,33,64,0.6838558912277222,1090,3264,530,0.4862385392189026,4,0.5107421875,0.4208669364452362,0.4333070942009505,-0.012440145015716553,0.2748078405857086
0.75,159,33,64,0.6963896751403809,1090,3264,508,0.4660550355911255,4,0.501953125,0.4349798262119293,0.4333070942009505,0.0016727447509765625,0.22365838289260864
0.75,160,33,64,0.7047631740570068,1090,3264,510,0.4678899049758911,4,0.4931640625,0.44354838132858276,0.4333070942009505,0.010241299867630005,0.2184649407863617
0.75,161,33,64,0.7009990811347961,1090,3264,536,0.4917431175708771,4,0.4755859375,0.45917338132858276,0.4333070942009505,0.025866299867630005,0.29135051369667053
0.75,162,33,64,0.7804160714149475,1090,3264,532,0.4880734086036682,4,0.5048828125,0.4561491906642914,0.4333070942009505,0.022842109203338623,0.13641147315502167
0.75,163,33,64,0.7247189283370972,1090,3264,580,0.5321100950241089,4,0.5107421875,0.45967739820480347,0.4333070942009505,0.026370316743850708,0.21853698790073395
0.75,164,33,64,0.697759211063385,1090,3264,512,0.46972477436065674,4,0.50390625,0.4097782075405121,0.4333070942009505,-0.023528873920440674,0.2555055618286133
0.75,165,33,64,0.6800178289413452,1090,3264,522,0.4788990914821625,4,0.5087890625,0.42993950843811035,0.4333070942009505,-0.0033675730228424072,0.24080118536949158
0.75,166,33,64,0.7084814310073853,1090,3264,498,0.45688074827194214,4,0.4990234375,0.43346771597862244,0.4333070942009505,0.00016063451766967773,0.2149985432624817
0.75,167,33,64,0.7260635495185852,1090,3264,506,0.46422019600868225,4,0.484375,0.4420362710952759,0.4333070942009505,0.00872918963432312,0.2085980474948883
0.75,168,33,64,0.7050312757492065,1090,3264,514,0.47155964374542236,4,0.4951171875,0.43094757199287415,0.4333070942009505,-0.0023595094680786133,0.23786720633506775
0.75,169,33,64,0.6841312050819397,1090,3264,548,0.5027523040771484,4,0.505859375,0.4586693346500397,0.4333070942009505,0.025362253189086914,0.24948978424072266
0.75,170,33,64,0.7058805227279663,1090,3264,544,0.4990825653076172,4,0.5185546875,0.44858869910240173,0.4333070942009505,0.015281617641448975,0.22775724530220032
0.75,171,33,64,0.7424041628837585,1090,3264,500,0.4587155878543854,4,0.5078125,0.41381046175956726,0.4333070942009505,-0.019496619701385498,0.2278366982936859
0.75,172,33,64,0.7383865714073181,1090,3264,512,0.46972477436065674,4,0.494140625,0.4223790168762207,0.4333070942009505,-0.010928064584732056,0.17522889375686646
0.75,173,33,64,0.6606270670890808,1090,3264,488,0.4477064311504364,4,0.4931640625,0.4102822542190552,0.4333070942009505,-0.023024827241897583,0.2826700806617737
0.75,174,33,64,0.7334208488464355,1090,3264,492,0.45137614011764526,4,0.5048828125,0.43245965242385864,0.4333070942009505,-0.0008474290370941162,0.18843257427215576
0.75,175,33,64,0.7200595140457153,1090,3264,526,0.48256880044937134,4,0.4814453125,0.4375,0.4333070942009505,0.004192918539047241,0.19728511571884155
0.75,176,33,64,0.7249700427055359,1090,3264,520,0.47706422209739685,4,0.4970703125,0.4243951439857483,0.4333070942009505,-0.008911937475204468,0.2113562524318695
0.75,177,33,64,0.6943979859352112,1090,3264,496,0.4550458788871765,4,0.509765625,0.4203628897666931,0.4333070942009505,-0.012944191694259644,0.25957372784614563
0.75,178,33,64,0.7171659469604492,1090,3264,512,0.46972477436065674,4,0.4951171875,0.4102822542190552,0.4333070942009505,-0.023024827241897583,0.2237681746482849
0.75,179,33,64,0.7248949408531189,1090,3264,500,0.4587155878543854,4,0.49609375,0.4077620804309845,0.4333070942009505,-0.02554500102996826,0.19945333898067474
0.75,180,33,64,0.6997030377388,1090,3264,512,0.46972477436065674,4,0.48828125,0.44606852531433105,0.4333070942009505,0.012761443853378296,0.2999836206436157
0.75,181,33,64,0.7040460109710693,1090,3264,554,0.5082569122314453,4,0.4873046875,0.4364919364452362,0.4333070942009505,0.0031848549842834473,0.2510855793952942
0.75,182,33,64,0.6654390692710876,1090,3264,526,0.48256880044937134,4,0.505859375,0.4077620804309845,0.4333070942009505,-0.02554500102996826,0.32697510719299316
0.75,183,33,64,0.6720898151397705,1090,3264,514,0.47155964374542236,4,0.494140625,0.4233870804309845,0.4333070942009505,-0.009920001029968262,0.30018770694732666
0.75,184,33,64,0.6632014513015747,1090,3264,502,0.460550457239151,4,0.5078125,0.43195563554763794,0.4333070942009505,-0.0013514459133148193,0.2809807062149048
0.75,185,33,64,0.662862241268158,1090,3264,534,0.48990824818611145,4,0.5146484375,0.41683465242385864,0.4333070942009505,-0.016472429037094116,0.3249515891075134
0.75,186,33,64,0.7398800849914551,1090,3264,530,0.4862385392189026,4,0.4921875,0.4536290168762207,0.4333070942009505,0.020321935415267944,0.18091800808906555
0.75,187,33,64,0.6451541185379028,1090,3264,538,0.4935779869556427,4,0.4951171875,0.45110884308815,0.4333070942009505,0.017801761627197266,0.32339829206466675
0.75,188,33,64,0.6843582987785339,1090,3264,486,0.4458715617656708,4,0.490234375,0.41633063554763794,0.4333070942009505,-0.01697644591331482,0.26506128907203674
0.75,189,33,64,0.6914629936218262,1090,3264,530,0.4862385392189026,4,0.5146484375,0.4238911271095276,0.4333070942009505,-0.009415954351425171,0.2681724429130554
0.75,190,33,64,0.7566580772399902,1090,3264,532,0.4880734086036682,4,0.4990234375,0.45110884308815,0.4333070942009505,0.017801761627197266,0.16154450178146362
0.75,191,33,64,0.6191660165786743,1090,3264,516,0.473394513130188,4,0.48828125,0.4223790168762207,0.4333070942009505,-0.010928064584732056,0.3924233913421631
0.75,192,33,64,0.6773049235343933,1090,3264,512,0.46972477436065674,4,0.4921875,0.4410282075405121,0.4333070942009505,0.007721126079559326,0.29224905371665955
0.75,193,33,64,0.6416601538658142,1090,3264,506,0.46422019600868225,4,0.4970703125,0.4369959533214569,0.4333070942009505,0.0036888718605041504,0.3237106204032898
0.75,194,33,64,0.6426010727882385,1090,3264,516,0.473394513130188,4,0.4970703125,0.41633063554763794,0.4333070942009505,-0.01697644591331482,0.32303565740585327
0.75,195,33,64,0.6699448823928833,1090,3264,496,0.4550458788871765,4,0.4921875,0.421875,0.4333070942009505,-0.011432081460952759,0.31674903631210327
0.75,196,33,64,0.7279719114303589,1090,3264,512,0.46972477436065674,4,0.4921875,0.44606852531433105,0.4333070942009505,0.012761443853378296,0.17357203364372253
0.75,197,33,64,0.7329925298690796,1090,3264,512,0.46972477436065674,4,0.5126953125,0.4248991906642914,0.4333070942009505,-0.008407890796661377,0.20568525791168213
0.75,198,33,64,0.7348466515541077,1090,3264,486,0.4458715617656708,4,0.49609375,0.44254031777381897,0.4333070942009505,0.009233236312866211,0.18143489956855774
0.75,199,33,64,0.6840043663978577,1090,3264,484,0.44403669238090515,4,0.494140625,0.43447577953338623,0.4333070942009505,0.0011686980724334717,0.2734624147415161
0.75,200,33,64,0.7695869207382202,1090,3264,518,0.4752293527126312,4,0.5009765625,0.44657257199287415,0.4333070942009505,0.013265490531921387,0.15984928607940674
0.75,201,33,64,0.7087929248809814,1090,3264,532,0.4880734086036682,4,0.4921875,0.4395161271095276,0.4333070942009505,0.006209045648574829,0.221399188041687
0.75,202,33,64,0.6857689023017883,1090,3264,526,0.48256880044937134,4,0.49609375,0.44506046175956726,0.4333070942009505,0.011753380298614502,0.24863815307617188
0.75,203,33,64,0.7851300239562988,1090,3264,500,0.4587155878543854,4,0.498046875,0.4264112710952759,0.4333070942009505,-0.00689581036567688,0.15630805492401123
0.75,204,33,64,0.7051730751991272,1090,3264,508,0.4660550355911255,4,0.498046875,0.42792338132858276,0.4333070942009505,-0.005383700132369995,0.20717862248420715
0.75,205,33,64,0.6314218044281006,1090,3264,530,0.4862385392189026,4,0.4951171875,0.4364919364452362,0.4333070942009505,0.0031848549842834473,0.3180077075958252
0.75,206,33,64,0.6690256595611572,1090,3264,542,0.49724769592285156,4,0.5,0.4405241906642914,0.4333070942009505,0.007217109203338623,0.27680957317352295
0.75,207,33,64,0.6262717843055725,1090,3264,492,0.45137614011764526,4,0.4951171875,0.4375,0.4333070942009505,0.004192918539047241,0.3960367441177368
0.75,208,33,64,0.7156038284301758,1090,3264,520,0.47706422209739685,4,0.4931640625,0.4359878897666931,0.4333070942009505,0.0026808083057403564,0.2188299000263214
0.75,209,33,64,0.676400363445282,1090,3264,500,0.4587155878543854,4,0.5,0.40322577953338623,0.4333070942009505,-0.03008130192756653,0.24484960734844208
0.75,210,33,64,0.7082871794700623,1090,3264,538,0.4935779869556427,4,0.4990234375,0.41683465242385864,0.4333070942009505,-0.016472429037094116,0.2040664255619049
0.75,211,33,64,0.656744122505188,1090,3264,548,0.5027523040771484,4,0.50390625,0.43044352531433105,0.4333070942009505,-0.002863556146621704,0.2751653790473938
0.75,212,33,64,0.7006912231445312,1090,3264,510,0.4678899049758911,4,0.5185546875,0.44758063554763794,0.4333070942009505,0.01427355408668518,0.22414647042751312
0.75,213,33,64,0.7099777460098267,1090,3264,502,0.460550457239151,4,0.486328125,0.4264112710952759,0.4333070942009505,-0.00689581036567688,0.2261848896741867
0.75,214,33,64,0.6802379488945007,1090,3264,504,0.4623853266239166,4,0.5146484375,0.44909271597862244,0.4333070942009505,0.015785634517669678,0.2893345355987549
0.75,215,33,64,0.7004472017288208,1090,3264,524,0.4807339608669281,4,0.5048828125,0.44909271597862244,0.4333070942009505,0.015785634517669678,0.22612248361110687
0.75,216,33,64,0.6442983746528625,1090,3264,500,0.4587155878543854,4,0.4794921875,0.41633063554763794,0.4333070942009505,-0.01697644591331482,0.37158912420272827
0.75,217,33,64,0.7348986864089966,1090,3264,508,0.4660550355911255,4,0.494140625,0.42943546175956726,0.4333070942009505,-0.003871619701385498,0.2170144021511078
0.75,218,33,64,0.7184991836547852,1090,3264,526,0.48256880044937134,4,0.486328125,0.4541330635547638,0.4333070942009505,0.020825982093811035,0.2213500738143921
0.75,219,33,64,0.6999362707138062,1090,3264,490,0.449541300535202,4,0.5078125,0.4248991906642914,0.4333070942009505,-0.008407890796661377,0.2660614252090454
0.75,220,33,64,0.6592000126838684,1090,3264,506,0.46422019600868225,4,0.50390625,0.43044352531433105,0.4333070942009505,-0.002863556146621704,0.2922639846801758
0.75,221,33,64,0.714561402797699,1090,3264,506,0.46422019600868225,4,0.5224609375,0.44254031777381897,0.4333070942009505,0.009233236312866211,0.1899653673171997
0.75,222,33,64,0.6882338523864746,1090,3264,514,0.47155964374542236,4,0.48046875,0.4254032075405121,0.4333070942009505,-0.007903873920440674,0.23513579368591309
0.75,223,33,64,0.701720654964447,1090,3264,530,0.4862385392189026,4,0.4990234375,0.44506046175956726,0.4333070942009505,0.011753380298614502,0.21707499027252197
0.75,224,33,64,0.7749560475349426,1090,3264,516,0.473394513130188,4,0.50390625,0.4259072542190552,0.4333070942009505,-0.007399827241897583,0.15495166182518005
0.75,225,33,64,0.6876816153526306,1090,3264,522,0.4788990914821625,4,0.484375,0.4228830635547638,0.4333070942009505,-0.010424017906188965,0.2334819734096527
0.75,226,33,64,0.7020009160041809,1090,3264,516,0.473394513130188,4,0.4951171875,0.4259072542190552,0.4333070942009505,-0.007399827241897583,0.2367640733718872
0.75,227,33,64,0.7440968751907349,1090,3264,508,0.4660550355911255,4,0.486328125,0.44455644488334656,0.4333070942009505,0.011249363422393799,0.2162003517150879
0.75,228,33,64,0.6991422772407532,1090,3264,506,0.46422019600868225,4,0.4970703125,0.41330644488334656,0.4333070942009505,-0.0200006365776062,0.21229538321495056
0.75,229,33,64,0.7506034970283508,1090,3264,548,0.5027523040771484,4,0.509765625,0.43094757199287415,0.4333070942009505,-0.0023595094680786133,0.1574447751045227
0.75,230,33,64,0.6427699327468872,1090,3264,488,0.4477064311504364,4,0.517578125,0.42691531777381897,0.4333070942009505,-0.006391763687133789,0.2859974503517151
0.75,231,33,64,0.7195056676864624,1090,3264,528,0.48440366983413696,4,0.49609375,0.4521169364452362,0.4333070942009505,0.018809854984283447,0.20863381028175354
0.75,232,33,64,0.7435497641563416,1090,3264,488,0.4477064311504364,4,0.501953125,0.41733869910240173,0.4333070942009505,-0.015968382358551025,0.1685989648103714
0.75,233,33,64,0.6619008183479309,1090,3264,516,0.473394513130188,4,0.4833984375,0.42842739820480347,0.4333070942009505,-0.004879683256149292,0.2674635648727417
0.75,234,33,64,0.63075190782547,1090,3264,494,0.4532110095024109,4,0.4951171875,0.4117943346500397,0.4333070942009505,-0.021512746810913086,0.3540078401565552
0.75,235,33,64,0.7037763595581055,1090,3264,532,0.4880734086036682,4,0.4921875,0.4349798262119293,0.4333070942009505,0.0016727447509765625,0.23430341482162476
0.75,236,33,64,0.6951223611831665,1090,3264,520,0.47706422209739685,4,0.515625,0.4390120804309845,0.4333070942009505,0.005704998970031738,0.22475659847259521
0.75,237,33,64,0.6937403678894043,1090,3264,500,0.4587155878543854,4,0.4912109375,0.43195563554763794,0.4333070942009505,-0.0013514459133148193,0.259380578994751
0.75,238,33,64,0.663776695728302,1090,3264,508,0.4660550355911255,4,0.4951171875,0.4238911271095276,0.4333070942009505,-0.009415954351425171,0.2711181938648224
0.75,239,33,64,0.7160932421684265,1090,3264,544,0.4990825653076172,4,0.494140625,0.4677419066429138,0.4333070942009505,0.03443482518196106,0.21546228229999542
0.75,240,33,64,0.7100857496261597,1090,3264,526,0.48256880044937134,4,0.505859375,0.44455644488334656,0.4333070942009505,0.011249363422393799,0.2525103986263275
0.75,241,33,64,0.7193589210510254,1090,3264,510,0.4678899049758911,4,0.5,0.4354838728904724,0.4333070942009505,0.0021767914295196533,0.22967348992824554
0.75,242,33,64,0.6968665719032288,1090,3264,534,0.48990824818611145,4,0.51953125,0.4385080635547638,0.4333070942009505,0.005200982093811035,0.26883822679519653
0.75,243,33,64,0.6897650957107544,1090,3264,514,0.47155964374542236,4,0.4990234375,0.4223790168762207,0.4333070942009505,-0.010928064584732056,0.2304864227771759
0.75,244,33,64,0.7713142037391663,1090,3264,488,0.4477064311504364,4,0.5107421875,0.41633063554763794,0.4333070942009505,-0.01697644591331482,0.1423684060573578
0.75,245,33,64,0.702220618724823,1090,3264,510,0.4678899049758911,4,0.486328125,0.43245965242385864,0.4333070942009505,-0.0008474290370941162,0.23788726329803467
0.75,246,33,64,0.6988213658332825,1090,3264,510,0.4678899049758911,4,0.4921875,0.4223790168762207,0.4333070942009505,-0.010928064584732056,0.23143285512924194
0.75,247,33,64,0.6133498549461365,1090,3264,488,0.4477064311504364,4,0.5087890625,0.4339717626571655,0.4333070942009505,0.0006646811962127686,0.34667542576789856
0.75,248,33,64,0.7266646027565002,1090,3264,486,0.4458715617656708,4,0.5048828125,0.42842739820480347,0.4333070942009505,-0.004879683256149292,0.19964638352394104
0.75,249,33,64,0.7371475100517273,1090,3264,516,0.473394513130188,4,0.498046875,0.4223790168762207,0.4333070942009505,-0.010928064584732056,0.20147386193275452
0.75,250,33,64,0.7158944010734558,1090,3264,520,0.47706422209739685,4,0.490234375,0.4369959533214569,0.4333070942009505,0.0036888718605041504,0.20293252170085907
0.75,251,33,64,0.7589269280433655,1090,3264,536,0.4917431175708771,4,0.505859375,0.4516128897666931,0.4333070942009505,0.018305808305740356,0.15553045272827148
0.75,252,33,64,0.6737159490585327,1090,3264,514,0.47155964374542236,4,0.515625,0.42691531777381897,0.4333070942009505,-0.006391763687133789,0.2913665771484375
0.75,253,33,64,0.6773815155029297,1090,3264,532,0.4880734086036682,4,0.5087890625,0.42993950843811035,0.4333070942009505,-0.0033675730228424072,0.2660061717033386
0.75,254,33,64,0.6602764129638672,1090,3264,478,0.43853211402893066,4,0.5078125,0.4339717626571655,0.4333070942009505,0.0006646811962127686,0.2538260817527771
0.75,255,33,64,0.690224289894104,1090,3264,504,0.4623853266239166,4,0.50390625,0.4354838728904724,0.4333070942009505,0.0021767914295196533,0.21804305911064148
0.75,0,65,64,0.7285930514335632,4226,12672,2070,0.48982489109039307,4,0.496337890625,0.4821428954601288,0.481340132574189,0.0008027553558349609,0.08773766458034515
0.75,1,65,64,0.6664665341377258,4226,12672,2088,0.4940842390060425,4,0.494140625,0.4723462462425232,0.481340132574189,-0.00899389386177063,0.13363447785377502
0.75,2,65,64,0.6309980154037476,4226,12672,2062,0.48793184757232666,4,0.50439453125,0.478794664144516,0.481340132574189,-0.002545475959777832,0.20307780802249908
0.75,3,65,64,0.7358728051185608,4226,12672,2058,0.48698532581329346,4,0.49853515625,0.4686260223388672,0.481340132574189,-0.012714117765426636,0.08841326832771301
0.75,4,65,64,0.7692478895187378,4226,12672,2070,0.48982489109039307,4,0.502197265625,0.472842276096344,0.481340132574189,-0.008497864007949829,0.07658471167087555
0.75,5,65,64,0.7059789896011353,4226,12672,2084,0.4931377172470093,4,0.498046875,0.488839328289032,0.481340132574189,0.007499188184738159,0.11197584122419357
0.75,6,65,64,0.6582174301147461,4226,12672,2168,0.5130146741867065,4,0.49560546875,0.4843750298023224,0.481340132574189,0.0030348896980285645,0.14124318957328796
0.75,7,65,64,0.6772842407226562,4226,12672,2002,0.4737340211868286,4,0.50341796875,0.482266902923584,0.481340132574189,0.0009267628192901611,0.12122226506471634
0.75,8,65,64,0.7226602435112,4226,12672,2094,0.4955040216445923,4,0.49951171875,0.4831349551677704,0.481340132574189,0.0017948150634765625,0.12389127910137177
0.75,9,65,64,0.7034627199172974,4226,12672,2032,0.48083293437957764,4,0.494140625,0.481646865606308,0.481340132574189,0.00030672550201416016,0.13032037019729614
0.75,10,65,64,0.6697152853012085,4226,12672,2120,0.5016564130783081,4,0.5009765625,0.4771825671195984,0.481340132574189,-0.004157572984695435,0.1473367065191269
0.75,11,65,64,0.7610970139503479,4226,12672,2056,0.48651206493377686,4,0.504638671875,0.47507444024086,0.481340132574189,-0.006265699863433838,0.091939777135849
0.75,12,65,64,0.6896623373031616,4226,12672,2100,0.4969238042831421,4,0.49658203125,0.4733383357524872,0.481340132574189,-0.00800180435180664,0.12600722908973694
0.75,13,65,64,0.7728163599967957,4226,12672,2150,0.5087553262710571,4,0.502685546875,0.4852430820465088,0.481340132574189,0.003902941942214966,0.07483191788196564
0.75,14,65,64,0.69968581199646,4226,12672,2118,0.5011831521987915,4,0.49560546875,0.48598712682724,0.481340132574189,0.004646986722946167,0.1087552011013031
0.75,15,65,64,0.7368960976600647,4226,12672,2026,0.47941315174102783,4,0.49462890625,0.481026828289032,0.481340132574189,-0.0003133118152618408,0.11128627508878708
0.75,16,65,64,0.6416438221931458,4226,12672,2074,0.49077141284942627,4,0.49755859375,0.4809027910232544,0.481340132574189,-0.0004373490810394287,0.16499868035316467
0.75,17,65,64,0.6733452081680298,4226,12672,2112,0.4997633695602417,4,0.499755859375,0.4871031939983368,0.481340132574189,0.005763053894042969,0.1380198746919632
0.75,18,65,64,0.7057661414146423,4226,12672,2132,0.5044959783554077,4,0.502197265625,0.4739583730697632,0.481340132574189,-0.00738176703453064,0.10204128921031952
0.75,19,65,64,0.6522625088691711,4226,12672,2160,0.5111216306686401,4,0.49560546875,0.4942956566810608,0.481340132574189,0.012955516576766968,0.14581668376922607
0.75,20,65,64,0.7284276485443115,4226,12672,2110,0.4992901086807251,4,0.499267578125,0.4933035969734192,0.481340132574189,0.011963456869125366,0.10245908796787262
0.75,21,65,64,0.7224418520927429,4226,12672,2140,0.5063890218734741,4,0.49755859375,0.4780506193637848,0.481340132574189,-0.003289520740509033,0.10827656090259552
0.75,22,65,64,0.6661162376403809,4226,12672,2102,0.4973970651626587,4,0.5009765625,0.4945436716079712,0.481340132574189,0.013203531503677368,0.13058879971504211
0.75,23,65,64,0.7499459981918335,4226,12672,2146,0.5078088045120239,4,0.5029296875,0.480034738779068,0.481340132574189,-0.00130540132522583,0.09306572377681732
0.75,24,65,64,0.6506897211074829,4226,12672,2086,0.4936109781265259,4,0.501708984375,0.4915674924850464,0.481340132574189,0.010227352380752563,0.14118453860282898
0.75,25,65,64,0.6626113057136536,4226,12672,2080,0.4921911954879761,4,0.50439453125,0.4826389253139496,0.481340132574189,0.0012987852096557617,0.14325007796287537
0.75,26,65,64,0.6911634206771851,4226,12672,2086,0.4936109781265259,4,0.5,0.4790426790714264,0.481340132574189,-0.0022974610328674316,0.13743096590042114
0.75,27,65,64,0.7238386273384094,4226,12672,2112,0.4997633695602417,4,0.49951171875,0.4724702537059784,0.481340132574189,-0.00886988639831543,0.09834963083267212
0.75,28,65,64,0.672547459602356,4226,12672,2082,0.4926644563674927,4,0.51220703125,0.4970238506793976,0.481340132574189,0.01568371057510376,0.1229388564825058
0.75,29,65,64,0.6702821254730225,4226,12672,2080,0.4921911954879761,4,0.50634765625,0.4836309850215912,0.481340132574189,0.0022908449172973633,0.1328425109386444
0.75,30,65,64,0.7112693190574646,4226,12672,2130,0.5040227174758911,4,0.502685546875,0.4837549924850464,0.481340132574189,0.0024148523807525635,0.10479755699634552
0.75,31,65,64,0.7232363820075989,4226,12672,2114,0.5002366304397583,4,0.502685546875,0.4748264253139496,0.481340132574189,-0.006513714790344238,0.09989376366138458
0.75,32,65,64,0.67889803647995,4226,12672,2142,0.5068622827529907,4,0.50390625,0.4817708730697632,0.481340132574189,0.00043073296546936035,0.12987932562828064
0.75,33,65,64,0.7196348309516907,4226,12672,2076,0.49124467372894287,4,0.509033203125,0.480654776096344,0.481340132574189,-0.0006853640079498291,0.09744732081890106
0.75,34,65,64,0.6555313467979431,4226,12672,2090,0.4945574998855591,4,0.4921875,0.4868551790714264,0.481340132574189,0.005515038967132568,0.14656150341033936
0.75,35,65,64,0.6874047517776489,4226,12672,2112,0.4997633695602417,4,0.49951171875,0.4758184850215912,0.481340132574189,-0.005521655082702637,0.12079206109046936
0.75,36,65,64,0.6694821715354919,4226,12672,2146,0.5078088045120239,4,0.492431640625,0.4836309850215912,0.481340132574189,0.0022908449172973633,0.12136682122945786
0.75,37,65,64,0.7262121438980103,4226,12672,2046,0.48414576053619385,4,0.5029296875,0.4786706566810608,0.481340132574189,-0.0026694834232330322,0.1005132794380188
0.75,38,65,64,0.7180256247520447,4226,12672,2114,0.5002366304397583,4,0.5009765625,0.4712301790714264,0.481340132574189,-0.010109961032867432,0.09986811876296997
0.75,39,65,64,0.7189239263534546,4226,12672,2110,0.4992901086807251,4,0.490478515625,0.4898313879966736,0.481340132574189,0.00849124789237976,0.10764451324939728
0.75,40,65,64,0.7068591117858887,4226,12672,2098,0.4964505434036255,4,0.49365234375,0.4789186716079712,0.481340132574189,-0.002421468496322632,0.14246314764022827
0.75,41,65,64,0.7295730710029602,4226,12672,2134,0.5049692392349243,4,0.499755859375,0.49379962682724,0.481340132574189,0.012459486722946167,0.1011868566274643
0.75,42,65,64,0.6992065906524658,4226,12672,2060,0.48745858669281006,4,0.48779296875,0.4836309850215912,0.481340132574189,0.0022908449172973633,0.10778509825468063
0.75,43,65,64,0.6784887313842773,4226,12672,2088,0.4940842390060425,4,0.496337890625,0.496651828289032,0.481340132574189,0.01531168818473816,0.13907629251480103
0.75,44,65,64,0.726859450340271,4226,12672,2110,0.4992901086807251,4,0.494873046875,0.4785466492176056,0.481340132574189,-0.0027934908866882324,0.09035368263721466
0.75,45,65,64,0.7339695692062378,4226,12672,2040,0.48272597789764404,4,0.49658203125,0.4795387089252472,0.481340132574189,-0.0018014311790466309,0.09018398821353912
0.75,46,65,64,0.7344473004341125,4226,12672,2120,0.5016564130783081,4,0.500732421875,0.4877232313156128,0.481340132574189,0.00638309121131897,0.09425386041402817
0.75,47,65,64,0.6925587058067322,4226,12672,2050,0.48509228229522705,4,0.50927734375,0.4796627163887024,0.481340132574189,-0.0016774237155914307,0.1329125165939331
0.75,48,65,64,0.6818333864212036,4226,12672,2084,0.4931377172470093,4,0.497802734375,0.4796627163887024,0.481340132574189,-0.0016774237155914307,0.12253741919994354
0.75,49,65,64,0.7126754522323608,4226,12672,2014,0.4765735864639282,4,0.502197265625,0.4677579700946808,0.481340132574189,-0.013582170009613037,0.10371013730764389
0.75,50,65,64,0.7316948771476746,4226,12672,2086,0.4936109781265259,4,0.49267578125,0.4764385223388672,0.481340132574189,-0.004901617765426636,0.10069878399372101
0.75,51,65,64,0.6698487401008606,4226,12672,2096,0.4959772825241089,4,0.497802734375,0.481646865606308,0.481340132574189,0.00030672550201416016,0.13700509071350098
0.75,52,65,64,0.7085562348365784,4226,12672,2072,0.49029815196990967,4,0.50537109375,0.4723462462425232,0.481340132574189,-0.00899389386177063,0.11150491237640381
0.75,53,65,64,0.7103738188743591,4226,12672,2082,0.4926644563674927,4,0.498291015625,0.4807787835597992,0.481340132574189,-0.0005613565444946289,0.1081571951508522
0.75,54,65,64,0.6827389001846313,4226,12672,2080,0.4921911954879761,4,0.5078125,0.4831349551677704,0.481340132574189,0.0017948150634765625,0.12707452476024628
0.75,55,65,64,0.678215503692627,4226,12672,2110,0.4992901086807251,4,0.4990234375,0.496651828289032,0.481340132574189,0.01531168818473816,0.13166600465774536
0.75,56,65,64,0.6984269022941589,4226,12672,2078,0.4917179346084595,4,0.508544921875,0.4792906939983368,0.481340132574189,-0.0020494461059570312,0.09868159890174866
0.75,57,65,64,0.6885060667991638,4226,12672,2052,0.48556554317474365,4,0.501708984375,0.4760664999485016,0.481340132574189,-0.005273640155792236,0.13951316475868225
0.75,58,65,64,0.7329962849617004,4226,12672,2048,0.48461902141571045,4,0.5048828125,0.4823909103870392,0.481340132574189,0.0010507702827453613,0.09570161998271942
0.75,59,65,64,0.7364320158958435,4226,12672,2034,0.48130619525909424,4,0.493896484375,0.4727182686328888,0.481340132574189,-0.00862187147140503,0.09320880472660065
0.75,60,65,64,0.6510065793991089,4226,12672,2096,0.4959772825241089,4,0.501708984375,0.48288694024086,0.481340132574189,0.0015468001365661621,0.16087470948696136
0.75,61,65,64,0.6834154725074768,4226,12672,2106,0.4983435869216919,4,0.49755859375,0.4789186716079712,0.481340132574189,-0.002421468496322632,0.13136820495128632
0.75,62,65,64,0.6730172634124756,4226,12672,2042,0.48319923877716064,4,0.502685546875,0.488839328289032,0.481340132574189,0.007499188184738159,0.14618057012557983
0.75,63,65,64,0.6889946460723877,4226,12672,2060,0.48745858669281006,4,0.50634765625,0.484127014875412,0.481340132574189,0.002786874771118164,0.1307612508535385
0.75,64,65,64,0.6853713989257812,4226,12672,2042,0.48319923877716064,4,0.50146484375,0.4885912835597992,0.481340132574189,0.007251143455505371,0.12849199771881104
0.75,65,65,64,0.7021767497062683,4226,12672,2096,0.4959772825241089,4,0.506591796875,0.4792906939983368,0.481340132574189,-0.0020494461059570312,0.11629682779312134
0.75,66,65,64,0.7175220847129822,4226,12672,2076,0.49124467372894287,4,0.50146484375,0.4702381193637848,0.481340132574189,-0.011102020740509033,0.09103302657604218
0.75,67,65,64,0.6876981854438782,4226,12672,2060,0.48745858669281006,4,0.497314453125,0.4812748432159424,0.481340132574189,-6.529688835144043e-05,0.12717896699905396
0.75,68,65,64,0.6746485233306885,4226,12672,2150,0.5087553262710571,4,0.5029296875,0.4815228581428528,0.481340132574189,0.00018271803855895996,0.13496088981628418
0.75,69,65,64,0.7259284853935242,4226,12672,2084,0.4931377172470093,4,0.50439453125,0.47817462682724,0.481340132574189,-0.003165513277053833,0.09911490976810455
0.75,70,65,64,0.7609975337982178,4226,12672,2030,0.48035967350006104,4,0.49853515625,0.481646865606308,0.481340132574189,0.00030672550201416016,0.08112791180610657
0.75,71,65,64,0.7375181913375854,4226,12672,2060,0.48745858669281006,4,0.49609375,0.4785466492176056,0.481340132574189,-0.0027934908866882324,0.1013873964548111
0.75,72,65,64,0.6867443323135376,4226,12672,2112,0.4997633695602417,4,0.49951171875,0.4797867238521576,0.481340132574189,-0.0015534162521362305,0.12065643072128296
0.75,73,65,64,0.6888123154640198,4226,12672,2120,0.5016564130783081,4,0.508056640625,0.4770585596561432,0.481340132574189,-0.004281580448150635,0.11238862574100494
0.75,74,65,64,0.691424548625946,4226,12672,2124,0.5026029348373413,4,0.497314453125,0.4836309850215912,0.481340132574189,0.0022908449172973633,0.12957671284675598
0.75,75,65,64,0.7374475598335266,4226,12672,2124,0.5026029348373413,4,0.501220703125,0.478794664144516,0.481340132574189,-0.002545475959777832,0.09699740260839462
0.75,76,65,64,0.6746583580970764,4226,12672,2082,0.4926644563674927,4,0.499267578125,0.4791666865348816,0.481340132574189,-0.0021734535694122314,0.12485889345407486
0.75,77,65,64,0.6945154070854187,4226,12672,2068,0.48935163021087646,4,0.501220703125,0.4809027910232544,0.481340132574189,-0.0004373490810394287,0.10816656798124313
0.75,78,65,64,0.6844031810760498,4226,12672,2050,0.48509228229522705,4,0.50439453125,0.47817462682724,0.481340132574189,-0.003165513277053833,0.11895613372325897
0.75,79,65,64,0.7128230333328247,4226,12672,2170,0.5134879350662231,4,0.498291015625,0.4779266119003296,0.481340132574189,-0.0034135282039642334,0.11817122995853424
0.75,80,65,64,0.6753475069999695,4226,12672,2166,0.5125414133071899,4,0.504638671875,0.4747024178504944,0.481340132574189,-0.0066377222537994385,0.14445960521697998
0.75,81,65,64,0.755211353302002,4226,12672,2118,0.5011831521987915,4,0.496337890625,0.4825149178504944,0.481340132574189,0.0011747777462005615,0.08905118703842163
0.75,82,65,64,0.6535779237747192,4226,12672,2076,0.49124467372894287,4,0.498046875,0.4863591492176056,0.481340132574189,0.005019009113311768,0.13117080926895142
0.75,83,65,64,0.7164633870124817,4226,12672,2092,0.4950307607650757,4,0.50244140625,0.475694477558136,0.481340132574189,-0.005645662546157837,0.11134994029998779
0.75,84,65,64,0.6126142740249634,4226,12672,2074,0.49077141284942627,4,0.5,0.472222238779068,0.481340132574189,-0.00911790132522583,0.1821776032447815
0.75,85,65,64,0.630136251449585,4226,12672,2128,0.5035494565963745,4,0.494873046875,0.478794664144516,0.481340132574189,-0.002545475959777832,0.16930386424064636
0.75,86,65,64,0.6757287383079529,4226,12672,2110,0.4992901086807251,4,0.5107421875,0.4779266119003296,0.481340132574189,-0.0034135282039642334,0.11543546617031097
0.75,87,65,64,0.7406280040740967,4226,12672,2082,0.4926644563674927,4,0.497802734375,0.4827629327774048,0.481340132574189,0.001422792673110962,0.10064312815666199
0.75,88,65,64,0.7154321670532227,4226,12672,2090,0.4945574998855591,4,0.508056640625,0.47817462682724,0.481340132574189,-0.003165513277053833,0.09771846234798431
0.75,89,65,64,0.6909509301185608,4226,12672,2084,0.4931377172470093,4,0.499267578125,0.4831349551677704,0.481340132574189,0.0017948150634765625,0.10782136768102646
0.75,90,65,64,0.6692075133323669,4226,12672,2062,0.48793184757232666,4,0.496826171875,0.4880952537059784,0.481340132574189,0.00675511360168457,0.13133931159973145
0.75,91,65,64,0.6625511050224304,4226,12672,2072,0.49029815196990967,4,0.49365234375,0.4837549924850464,0.481340132574189,0.0024148523807525635,0.1688545048236847
0.75,92,65,64,0.7745211720466614,4226,12672,2040,0.48272597789764404,4,0.503173828125,0.4689980447292328,0.481340132574189,-0.012342095375061035,0.07524678111076355
0.75,93,65,64,0.6322089433670044,4226,12672,2104,0.4978703260421753,4,0.5,0.4765625298023224,0.481340132574189,-0.0047776103019714355,0.17152364552021027
0.75,94,65,64,0.6783056259155273,4226,12672,2098,0.4964505434036255,4,0.513427734375,0.4869791865348816,0.481340132574189,0.0056390464305877686,0.12811675667762756
0.75,95,65,64,0.6862878799438477,4226,12672,2072,0.49029815196990967,4,0.497802734375,0.478794664144516,0.481340132574189,-0.002545475959777832,0.12999171018600464
0.75,96,65,64,0.7027302980422974,4226,12672,2100,0.4969238042831421,4,0.503662109375,0.4821428954601288,0.481340132574189,0.0008027553558349609,0.11651729047298431
0.75,97,65,64,0.6652619242668152,4226,12672,2092,0.4950307607650757,4,0.493896484375,0.4686260223388672,0.481340132574189,-0.012714117765426636,0.15753276646137238
0.75,98,65,64,0.6938857436180115,4226,12672,2090,0.4945574998855591,4,0.509033203125,0.4880952537059784,0.481340132574189,0.00675511360168457,0.12747976183891296
0.75,99,65,64,0.7413306832313538,4226,12672,2106,0.4983435869216919,4,0.4931640625,0.4882192611694336,0.481340132574189,0.0068791210651397705,0.10446386784315109
0.75,100,65,64,0.7004200220108032,4226,12672,2026,0.47941315174102783,4,0.496826171875,0.4818948805332184,0.481340132574189,0.0005547404289245605,0.12122014909982681
0.75,101,65,64,0.7338069677352905,4226,12672,2106,0.4983435869216919,4,0.49755859375,0.4864831566810608,0.481340132574189,0.005143016576766968,0.09709841012954712
0.75,102,65,64,0.6680067777633667,4226,12672,2064,0.48840510845184326,4,0.503662109375,0.487847238779068,0.481340132574189,0.00650709867477417,0.12886404991149902
0.75,103,65,64,0.6607224345207214,4226,12672,2114,0.5002366304397583,4,0.49755859375,0.4867311716079712,0.481340132574189,0.005391031503677368,0.14352601766586304
0.75,104,65,64,0.7143701314926147,4226,12672,2092,0.4950307607650757,4,0.500244140625,0.4717262089252472,0.481340132574189,-0.00961393117904663,0.10900188982486725
0.75,105,65,64,0.6105517148971558,4226,12672,2084,0.4931377172470093,4,0.49365234375,0.4724702537059784,0.481340132574189,-0.00886988639831543,0.18165189027786255
0.75,106,65,64,0.6860136985778809,4226,12672,2052,0.48556554317474365,4,0.50634765625,0.4747024178504944,0.481340132574189,-0.0066377222537994385,0.13007423281669617
0.75,107,65,64,0.7142291069030762,4226,12672,2022,0.47846662998199463,4,0.503662109375,0.4720982313156128,0.481340132574189,-0.00924190878868103,0.10143322497606277
0.75,108,65,64,0.714279294013977,4226,12672,2082,0.4926644563674927,4,0.495361328125,0.487847238779068,0.481340132574189,0.00650709867477417,0.10882589221000671
0.75,109,65,64,0.7029129862785339,4226,12672,2188,0.5177472829818726,4,0.496337890625,0.4874752163887024,0.481340132574189,0.006135076284408569,0.10113011300563812
0.75,110,65,64,0.7314661741256714,4226,12672,2100,0.4969238042831421,4,0.5,0.4740823805332184,0.481340132574189,-0.0072577595710754395,0.09674923121929169
0.75,111,65,64,0.7273858189582825,4226,12672,2102,0.4973970651626587,4,0.49755859375,0.4809027910232544,0.481340132574189,-0.0004373490810394287,0.09660747647285461
0.75,112,65,64,0.7300900220870972,4226,12672,2110,0.4992901086807251,4,0.494873046875,0.4832589626312256,0.481340132574189,0.0019188225269317627,0.09687686711549759
0.75,113,65,64,0.6619542241096497,4226,12672,2056,0.48651206493377686,4,0.500732421875,0.4831349551677704,0.481340132574189,0.0017948150634765625,0.1345987319946289
0.75,114,65,64,0.681018054485321,4226,12672,2124,0.5026029348373413,4,0.50244140625,0.4724702537059784,0.481340132574189,-0.00886988639831543,0.1211923286318779
0.75,115,65,64,0.7199352383613586,4226,12672,2090,0.4945574998855591,4,0.491943359375,0.482266902923584,0.481340132574189,0.0009267628192901611,0.09077727794647217
0.75,116,65,64,0.6637039184570312,4226,12672,2090,0.4945574998855591,4,0.497314453125,0.4785466492176056,0.481340132574189,-0.0027934908866882324,0.1314031034708023
0.75,117,65,64,0.6952260732650757,4226,12672,2178,0.5153809785842896,4,0.499267578125,0.4761905074119568,0.481340132574189,-0.005149632692337036,0.10783658176660538
0.75,118,65,64,0.6935412287712097,4226,12672,2138,0.5059157609939575,4,0.49755859375,0.4863591492176056,0.481340132574189,0.005019009113311768,0.12895303964614868
0.75,119,65,64,0.7304375171661377,4226,12672,2088,0.4940842390060425,4,0.493408203125,0.480654776096344,0.481340132574189,-0.0006853640079498291,0.10025881230831146
0.75,120,65,64,0.6545003056526184,4226,12672,2110,0.4992901086807251,4,0.498046875,0.4764385223388672,0.481340132574189,-0.004901617765426636,0.14766784012317657
0.75,121,65,64,0.6648669838905334,4226,12672,2148,0.5082820653915405,4,0.50439453125,0.4809027910232544,0.481340132574189,-0.0004373490810394287,0.14087653160095215
0.75,122,65,64,0.6578083634376526,4226,12672,2164,0.5120681524276733,4,0.498779296875,0.487847238779068,0.481340132574189,0.00650709867477417,0.13957278430461884
0.75,123,65,64,0.6978559494018555,4226,12672,2142,0.5068622827529907,4,0.50244140625,0.487227201461792,0.481340132574189,0.005887061357498169,0.10762767493724823
0.75,124,65,64,0.8025718927383423,4226,12672,2076,0.49124467372894287,4,0.4912109375,0.4831349551677704,0.481340132574189,0.0017948150634765625,0.06195959821343422
0.75,125,65,64,0.7054166197776794,4226,12672,2084,0.4931377172470093,4,0.4990234375,0.476934552192688,0.481340132574189,-0.004405587911605835,0.11973946541547775
0.75,126,65,64,0.7150261402130127,4226,12672,2102,0.4973970651626587,4,0.49609375,0.480034738779068,0.481340132574189,-0.00130540132522583,0.10727284103631973
0.75,127,65,64,0.7052786946296692,4226,12672,2112,0.4997633695602417,4,0.50390625,0.4784226417541504,0.481340132574189,-0.0029174983501434326,0.11797860264778137
0.75,128,65,64,0.7132452130317688,4226,12672,2078,0.4917179346084595,4,0.498046875,0.4765625298023224,0.481340132574189,-0.0047776103019714355,0.10875256359577179
0.75,129,65,64,0.687590479850769,4226,12672,2038,0.48225271701812744,4,0.506591796875,0.4740823805332184,0.481340132574189,-0.0072577595710754395,0.1305638551712036
0.75,130,65,64,0.7099864482879639,4226,12672,2096,0.4959772825241089,4,0.501708984375,0.4815228581428528,0.481340132574189,0.00018271803855895996,0.10639394819736481
0.75,131,65,64,0.7143025398254395,4226,12672,2084,0.4931377172470093,4,0.49853515625,0.4902034103870392,0.481340132574189,0.008863270282745361,0.09530222415924072
0.75,132,65,64,0.7044157385826111,4226,12672,2120,0.5016564130783081,4,0.498046875,0.484127014875412,0.481340132574189,0.002786874771118164,0.10510209202766418
0.75,133,65,64,0.688787043094635,4226,12672,2098,0.4964505434036255,4,0.495361328125,0.4831349551677704,0.481340132574189,0.0017948150634765625,0.12802447378635406
0.75,134,65,64,0.7525336146354675,4226,12672,2090,0.4945574998855591,4,0.5009765625,0.4812748432159424,0.481340132574189,-6.529688835144043e-05,0.08746983110904694
0.75,135,65,64,0.6724399328231812,4226,12672,2088,0.4940842390060425,4,0.50390625,0.4842510223388672,0.481340132574189,0.0029108822345733643,0.13778658211231232
0.75,136,65,64,0.7081651091575623,4226,12672,2040,0.48272597789764404,4,0.498046875,0.4863591492176056,0.481340132574189,0.005019009113311768,0.11003684997558594
0.75,137,65,64,0.6484190225601196,4226,12672,2042,0.48319923877716064,4,0.501708984375,0.4843750298023224,0.481340132574189,0.0030348896980285645,0.13151399791240692
0.75,138,65,64,0.706325888633728,4226,12672,2066,0.48887836933135986,4,0.5029296875,0.4718502163887024,0.481340132574189,-0.00948992371559143,0.11401467025279999
0.75,139,65,64,0.6618953347206116,4226,12672,2080,0.4921911954879761,4,0.498046875,0.485367089509964,0.481340132574189,0.004026949405670166,0.12052267789840698
0.75,140,65,64,0.6855860948562622,4226,12672,2132,0.5044959783554077,4,0.502685546875,0.4911954700946808,0.481340132574189,0.009855329990386963,0.11206616461277008
0.75,141,65,64,0.6823779344558716,4226,12672,2114,0.5002366304397583,4,0.501953125,0.4725942611694336,0.481340132574189,-0.00874587893486023,0.13856935501098633
0.75,142,65,64,0.6856074333190918,4226,12672,2160,0.5111216306686401,4,0.502685546875,0.479414701461792,0.481340132574189,-0.001925438642501831,0.10452352464199066
0.75,143,65,64,0.6503879427909851,4226,12672,2102,0.4973970651626587,4,0.504638671875,0.4815228581428528,0.481340132574189,0.00018271803855895996,0.15503045916557312
0.75,144,65,64,0.7344042062759399,4226,12672,2080,0.4921911954879761,4,0.498046875,0.4795387089252472,0.481340132574189,-0.0018014311790466309,0.09079159796237946
0.75,145,65,64,0.6986035108566284,4226,12672,2044,0.48367249965667725,4,0.49658203125,0.4782986342906952,0.481340132574189,-0.003041505813598633,0.10786110907793045
0.75,146,65,64,0.7053233981132507,4226,12672,2058,0.48698532581329346,4,0.4951171875,0.481646865606308,0.481340132574189,0.00030672550201416016,0.11853969097137451
0.75,147,65,64,0.6982285380363464,4226,12672,2110,0.4992901086807251,4,0.4990234375,0.4748264253139496,0.481340132574189,-0.006513714790344238,0.12611141800880432
0.75,148,65,64,0.7306819558143616,4226,12672,2074,0.49077141284942627,4,0.4970703125,0.4748264253139496,0.481340132574189,-0.006513714790344238,0.1048164963722229
0.75,149,65,64,0.6887751817703247,4226,12672,2050,0.48509228229522705,4,0.500732421875,0.4863591492176056,0.481340132574189,0.005019009113311768,0.11993728578090668
0.75,150,65,64,0.6953950524330139,4226,12672,2108,0.4988168478012085,4,0.504638671875,0.475694477558136,0.481340132574189,-0.005645662546157837,0.10890229046344757
0.75,151,65,64,0.748297929763794,4226,12672,2108,0.4988168478012085,4,0.504150390625,0.4868551790714264,0.481340132574189,0.005515038967132568,0.08774169534444809
0.75,152,65,64,0.6813610196113586,4226,12672,2074,0.49077141284942627,4,0.49755859375,0.4770585596561432,0.481340132574189,-0.004281580448150635,0.10925406217575073
0.75,153,65,64,0.6698004007339478,4226,12672,2056,0.48651206493377686,4,0.498046875,0.4838789999485016,0.481340132574189,0.0025388598442077637,0.1218680590391159
0.75,154,65,64,0.6674968004226685,4226,12672,2100,0.4969238042831421,4,0.50439453125,0.4797867238521576,0.481340132574189,-0.0015534162521362305,0.15594497323036194
0.75,155,65,64,0.759499192237854,4226,12672,2088,0.4940842390060425,4,0.50390625,0.4789186716079712,0.481340132574189,-0.002421468496322632,0.07528136670589447
0.75,156,65,64,0.6502640843391418,4226,12672,2104,0.4978703260421753,4,0.502197265625,0.4885912835597992,0.481340132574189,0.007251143455505371,0.13498982787132263
0.75,157,65,64,0.7188752889633179,4226,12672,2046,0.48414576053619385,4,0.495849609375,0.4780506193637848,0.481340132574189,-0.003289520740509033,0.12850111722946167
0.75,158,65,64,0.6838558912277222,4226,12672,2042,0.48319923877716064,4,0.498046875,0.4658978581428528,0.481340132574189,-0.01544228196144104,0.1388891637325287
0.75,159,65,64,0.6963896751403809,4226,12672,2110,0.4992901086807251,4,0.501953125,0.4821428954601288,0.481340132574189,0.0008027553558349609,0.1132926195859909
0.75,160,65,64,0.7047631740570068,4226,12672,2122,0.5021296739578247,4,0.5048828125,0.48288694024086,0.481340132574189,0.0015468001365661621,0.11375530064105988
0.75,161,65,64,0.7009990811347961,4226,12672,2060,0.48745858669281006,4,0.5,0.4849950671195984,0.481340132574189,0.0036549270153045654,0.14149370789527893
0.75,162,65,64,0.7804160714149475,4226,12672,2032,0.48083293437957764,4,0.499267578125,0.469122052192688,0.481340132574189,-0.012218087911605835,0.06894008070230484
0.75,163,65,64,0.7247189283370972,4226,12672,2122,0.5021296739578247,4,0.501953125,0.4871031939983368,0.481340132574189,0.005763053894042969,0.10834983736276627
0.75,164,65,64,0.697759211063385,4226,12672,2126,0.5030761957168579,4,0.489990234375,0.4903274178504944,0.481340132574189,0.008987277746200562,0.12266628444194794
0.75,165,65,64,0.6800178289413452,4226,12672,2128,0.5035494565963745,4,0.49853515625,0.4854910969734192,0.481340132574189,0.004150956869125366,0.11574724316596985
0.75,166,65,64,0.7084814310073853,4226,12672,2098,0.4964505434036255,4,0.4951171875,0.4801587462425232,0.481340132574189,-0.0011813938617706299,0.10952439904212952
0.75,167,65,64,0.7260635495185852,4226,12672,2096,0.4959772825241089,4,0.5,0.4779266119003296,0.481340132574189,-0.0034135282039642334,0.1044715940952301
0.75,168,65,64,0.7050312757492065,4226,12672,2096,0.4959772825241089,4,0.492431640625,0.4779266119003296,0.481340132574189,-0.0034135282039642334,0.12019091099500656
0.75,169,65,64,0.6841312050819397,4226,12672,2050,0.48509228229522705,4,0.5029296875,0.4774305820465088,0.481340132574189,-0.003909558057785034,0.12219852209091187
0.75,170,65,64,0.7058805227279663,4226,12672,2096,0.4959772825241089,4,0.501953125,0.4826389253139496,0.481340132574189,0.0012987852096557617,0.1169833093881607
0.75,171,65,64,0.7424041628837585,4226,12672,2040,0.48272597789764404,4,0.502197265625,0.4782986342906952,0.481340132574189,-0.003041505813598633,0.10999901592731476
0.75,172,65,64,0.7383865714073181,4226,12672,2060,0.48745858669281006,4,0.49267578125,0.486607164144516,0.481340132574189,0.005267024040222168,0.0889032855629921
0.75,173,65,64,0.6606270670890808,4226,12672,2072,0.49029815196990967,4,0.498046875,0.4749504327774048,0.481340132574189,-0.006389707326889038,0.1399332880973816
0.75,174,65,64,0.7334208488464355,4226,12672,2074,0.49077141284942627,4,0.502197265625,0.4844990372657776,0.481340132574189,0.0031588971614837646,0.0930807888507843
0.75,175,65,64,0.7200595140457153,4226,12672,2130,0.5040227174758911,4,0.4951171875,0.4727182686328888,0.481340132574189,-0.00862187147140503,0.09935490787029266
0.75,176,65,64,0.7249700427055359,4226,12672,2160,0.5111216306686401,4,0.504638671875,0.4929315745830536,0.481340132574189,0.011591434478759766,0.10039541870355606
0.75,177,65,64,0.6943979859352112,4226,12672,2074,0.49077141284942627,4,0.496337890625,0.479414701461792,0.481340132574189,-0.001925438642501831,0.13169462978839874
0.75,178,65,64,0.7171659469604492,4226,12672,2134,0.5049692392349243,4,0.510009765625,0.484127014875412,0.481340132574189,0.002786874771118164,0.11091849207878113
0.75,179,65,64,0.7248949408531189,4226,12672,2116,0.5007098913192749,4,0.501220703125,0.4790426790714264,0.481340132574189,-0.0022974610328674316,0.0961531326174736
0.75,180,65,64,0.6997030377388,4226,12672,2132,0.5044959783554077,4,0.500732421875,0.4885912835597992,0.481340132574189,0.007251143455505371,0.15108197927474976
0.75,181,65,64,0.7040460109710693,4226,12672,2084,0.4931377172470093,4,0.5,0.4792906939983368,0.481340132574189,-0.0020494461059570312,0.12319857627153397
0.75,182,65,64,0.6654390692710876,4226,12672,2086,0.4936109781265259,4,0.506591796875,0.472222238779068,0.481340132574189,-0.00911790132522583,0.1558186411857605
0.75,183,65,64,0.6720898151397705,4226,12672,2062,0.48793184757232666,4,0.504150390625,0.4825149178504944,0.481340132574189,0.0011747777462005615,0.15085937082767487
0.75,184,65,64,0.6632014513015747,4226,12672,2056,0.48651206493377686,4,0.5009765625,0.4784226417541504,0.481340132574189,-0.0029174983501434326,0.14060485363006592
0.75,185,65,64,0.662862241268158,4226,12672,2138,0.5059157609939575,4,0.5,0.4843750298023224,0.481340132574189,0.0030348896980285645,0.15417298674583435
0.75,186,65,64,0.7398800849914551,4226,12672,2062,0.48793184757232666,4,0.492431640625,0.4846230447292328,0.481340132574189,0.003282904624938965,0.09121635556221008
0.75,187,65,64,0.6451541185379028,4226,12672,2100,0.4969238042831421,4,0.493408203125,0.469742089509964,0.481340132574189,-0.011598050594329834,0.16793861985206604
0.75,188,65,64,0.6843582987785339,4226,12672,2068,0.48935163021087646,4,0.50244140625,0.4920635223388672,0.481340132574189,0.010723382234573364,0.12722179293632507
0.75,189,65,64,0.6914629936218262,4226,12672,2038,0.48225271701812744,4,0.5029296875,0.4936756193637848,0.481340132574189,0.012335479259490967,0.12769737839698792
0.75,190,65,64,0.7566580772399902,4226,12672,2108,0.4988168478012085,4,0.499755859375,0.483506977558136,0.481340132574189,0.002166837453842163,0.08346070349216461
0.75,191,65,64,0.6191660165786743,4226,12672,2066,0.48887836933135986,4,0.5009765625,0.4792906939983368,0.481340132574189,-0.0020494461059570312,0.19005414843559265
0.75,192,65,64,0.6773049235343933,4226,12672,2126,0.5030761957168579,4,0.505126953125,0.4854910969734192,0.481340132574189,0.004150956869125366,0.14693109691143036
0.75,193,65,64,0.6416601538658142,4226,12672,2132,0.5044959783554077,4,0.504638671875,0.4774305820465088,0.481340132574189,-0.003909558057785034,0.1714908331632614
0.75,194,65,64,0.6426010727882385,4226,12672,2088,0.4940842390060425,4,0.500244140625,0.4804067611694336,0.481340132574189,-0.0009333789348602295,0.16585667431354523
0.75,195,65,64,0.6699448823928833,4226,12672,2054,0.48603880405426025,4,0.489990234375,0.4862351417541504,0.481340132574189,0.004895001649856567,0.15015606582164764
0.75,196,65,64,0.7279719114303589,4226,12672,2066,0.48887836933135986,4,0.501708984375,0.4838789999485016,0.481340132574189,0.0025388598442077637,0.0867801234126091
0.75,197,65,64,0.7329925298690796,4226,12672,2068,0.48935163021087646,4,0.504150390625,0.4790426790714264,0.481340132574189,-0.0022974610328674316,0.10004712641239166
0.75,198,65,64,0.7348466515541077,4226,12672,2018,0.4775201082229614,4,0.5,0.4755704700946808,0.481340132574189,-0.005769670009613037,0.09312483668327332
0.75,199,65,64,0.6840043663978577,4226,12672,2064,0.48840510845184326,4,0.49365234375,0.4758184850215912,0.481340132574189,-0.005521655082702637,0.13823017477989197
0.75,200,65,64,0.7695869207382202,4226,12672,2062,0.48793184757232666,4,0.496337890625,0.4760664999485016,0.481340132574189,-0.005273640155792236,0.07799199223518372
0.75,201,65,64,0.7087929248809814,4226,12672,2060,0.48745858669281006,4,0.500732421875,0.4848710596561432,0.481340132574189,0.0035309195518493652,0.10492014139890671
0.75,202,65,64,0.6857689023017883,4226,12672,2088,0.4940842390060425,4,0.500732421875,0.4785466492176056,0.481340132574189,-0.0027934908866882324,0.12227572500705719
0.75,203,65,64,0.7851300239562988,4226,12672,2104,0.4978703260421753,4,0.505126953125,0.476314514875412,0.481340132574189,-0.005025625228881836,0.07531692087650299
0.75,204,65,64,0.7051730751991272,4226,12672,2060,0.48745858669281006,4,0.4990234375,0.4799107313156128,0.481340132574189,-0.0014294087886810303,0.10160978138446808
0.75,205,65,64,0.6314218044281006,4226,12672,2038,0.48225271701812744,4,0.5068359375,0.4667659103870392,0.481340132574189,-0.014574229717254639,0.16344448924064636
0.75,206,65,64,0.6690256595611572,4226,12672,2064,0.48840510845184326,4,0.49267578125,0.4760664999485016,0.481340132574189,-0.005273640155792236,0.13739557564258575
0.75,207,65,64,0.6262717843055725,4226,12672,2116,0.5007098913192749,4,0.4990234375,0.4779266119003296,0.481340132574189,-0.0034135282039642334,0.18892529606819153
0.75,208,65,64,0.7156038284301758,4226,12672,2128,0.5035494565963745,4,0.496337890625,0.4782986342906952,0.481340132574189,-0.003041505813598633,0.10919864475727081
0.75,209,65,64,0.676400363445282,4226,12672,2108,0.4988168478012085,4,0.5009765625,0.48288694024086,0.481340132574189,0.0015468001365661621,0.11822787672281265
0.75,210,65,64,0.7082871794700623,4226,12672,2046,0.48414576053619385,4,0.501953125,0.4846230447292328,0.481340132574189,0.003282904624938965,0.09669976681470871
0.75,211,65,64,0.656744122505188,4226,12672,2072,0.49029815196990967,4,0.50390625,0.4646577537059784,0.481340132574189,-0.01668238639831543,0.14334635436534882
0.75,212,65,64,0.7006912231445312,4226,12672,2146,0.5078088045120239,4,0.498046875,0.491319477558136,0.481340132574189,0.009979337453842163,0.10635262727737427
0.75,213,65,64,0.7099777460098267,4226,12672,2130,0.5040227174758911,4,0.5,0.4880952537059784,0.481340132574189,0.00675511360168457,0.1107291430234909
0.75,214,65,64,0.6802379488945007,4226,12672,2116,0.5007098913192749,4,0.501953125,0.483506977558136,0.481340132574189,0.002166837453842163,0.14169588685035706
0.75,215,65,64,0.7004472017288208,4226,12672,2136,0.5054425001144409,4,0.50634765625,0.4856151044368744,0.481340132574189,0.004274964332580566,0.11112487316131592
0.75,216,65,64,0.6442983746528625,4226,12672,2102,0.4973970651626587,4,0.504638671875,0.4897073805332184,0.481340132574189,0.00836724042892456,0.1825006902217865
0.75,217,65,64,0.7348986864089966,4226,12672,2092,0.4950307607650757,4,0.501953125,0.4830109477043152,0.481340132574189,0.0016708076000213623,0.10733307152986526
0.75,218,65,64,0.7184991836547852,4226,12672,2112,0.4997633695602417,4,0.491943359375,0.4844990372657776,0.481340132574189,0.0031588971614837646,0.10721196979284286
0.75,219,65,64,0.6999362707138062,4226,12672,2088,0.4940842390060425,4,0.49365234375,0.4768105447292328,0.481340132574189,-0.004529595375061035,0.12699545919895172
0.75,220,65,64,0.6592000126838684,4226,12672,2110,0.4992901086807251,4,0.499755859375,0.4801587462425232,0.481340132574189,-0.0011813938617706299,0.14143261313438416
0.75,221,65,64,0.714561402797699,4226,12672,2052,0.48556554317474365,4,0.500244140625,0.4812748432159424,0.481340132574189,-6.529688835144043e-05,0.09834325313568115
0.75,222,65,64,0.6882338523864746,4226,12672,2104,0.4978703260421753,4,0.49853515625,0.4699901044368744,0.481340132574189,-0.011350035667419434,0.11836035549640656
0.75,223,65,64,0.701720654964447,4226,12672,2122,0.5021296739578247,4,0.50146484375,0.4933035969734192,0.481340132574189,0.011963456869125366,0.11257559061050415
0.75,224,65,64,0.7749560475349426,4226,12672,2090,0.4945574998855591,4,0.496826171875,0.4754464626312256,0.481340132574189,-0.005893677473068237,0.07723665237426758
0.75,225,65,64,0.6876816153526306,4226,12672,2072,0.49029815196990967,4,0.498046875,0.4714781939983368,0.481340132574189,-0.009861946105957031,0.11642441153526306
0.75,226,65,64,0.7020009160041809,4226,12672,2138,0.5059157609939575,4,0.49658203125,0.4844990372657776,0.481340132574189,0.0031588971614837646,0.11708050966262817
0.75,227,65,64,0.7440968751907349,4226,12672,2128,0.5035494565963745,4,0.4951171875,0.480654776096344,0.481340132574189,-0.0006853640079498291,0.10613643378019333
0.75,228,65,64,0.6991422772407532,4226,12672,2070,0.48982489109039307,4,0.502685546875,0.4858631193637848,0.481340132574189,0.004522979259490967,0.1045144721865654
0.75,229,65,64,0.7506034970283508,4226,12672,2134,0.5049692392349243,4,0.4990234375,0.4844990372657776,0.481340132574189,0.0031588971614837646,0.08037153631448746
0.75,230,65,64,0.6427699327468872,4226,12672,2076,0.49124467372894287,4,0.498779296875,0.4812748432159424,0.481340132574189,-6.529688835144043e-05,0.14562396705150604
0.75,231,65,64,0.7195056676864624,4226,12672,2114,0.5002366304397583,4,0.496826171875,0.487227201461792,0.481340132574189,0.005887061357498169,0.1030953973531723
0.75,232,65,64,0.7435497641563416,4226,12672,2068,0.48935163021087646,4,0.50341796875,0.4701141119003296,0.481340132574189,-0.011226028203964233,0.0849347785115242
0.75,233,65,64,0.6619008183479309,4226,12672,2112,0.4997633695602417,4,0.505615234375,0.4791666865348816,0.481340132574189,-0.0021734535694122314,0.13287976384162903
0.75,234,65,64,0.63075190782547,4226,12672,2106,0.4983435869216919,4,0.501220703125,0.484127014875412,0.481340132574189,0.002786874771118164,0.176362544298172
0.75,235,65,64,0.7037763595581055,4226,12672,2096,0.4959772825241089,4,0.4951171875,0.4889633357524872,0.481340132574189,0.007623195648193359,0.11207945644855499
0.75,236,65,64,0.6951223611831665,4226,12672,2034,0.48130619525909424,4,0.490234375,0.4755704700946808,0.481340132574189,-0.005769670009613037,0.10971571505069733
0.75,237,65,64,0.6937403678894043,4226,12672,2068,0.48935163021087646,4,0.50146484375,0.4776785969734192,0.481340132574189,-0.003661543130874634,0.1275608390569687
0.75,238,65,64,0.663776695728302,4226,12672,2144,0.5073355436325073,4,0.49951171875,0.4809027910232544,0.481340132574189,-0.0004373490810394287,0.13453102111816406
0.75,239,65,64,0.7160932421684265,4226,12672,2076,0.49124467372894287,4,0.498291015625,0.4764385223388672,0.481340132574189,-0.004901617765426636,0.10970719158649445
0.75,240,65,64,0.7100857496261597,4226,12672,2118,0.5011831521987915,4,0.503662109375,0.477554589509964,0.481340132574189,-0.003785550594329834,0.1251959204673767
0.75,241,65,64,0.7193589210510254,4226,12672,2098,0.4964505434036255,4,0.495361328125,0.482266902923584,0.481340132574189,0.0009267628192901611,0.11579667031764984
0.75,242,65,64,0.6968665719032288,4226,12672,2088,0.4940842390060425,4,0.501953125,0.4908234477043152,0.481340132574189,0.009483307600021362,0.13155671954154968
0.75,243,65,64,0.6897650957107544,4226,12672,2084,0.4931377172470093,4,0.498046875,0.4745784103870392,0.481340132574189,-0.006761729717254639,0.10964296758174896
0.75,244,65,64,0.7713142037391663,4226,12672,2086,0.4936109781265259,4,0.503662109375,0.4719742238521576,0.481340132574189,-0.00936591625213623,0.07218283414840698
0.75,245,65,64,0.702220618724823,4226,12672,2096,0.4959772825241089,4,0.492919921875,0.4785466492176056,0.481340132574189,-0.0027934908866882324,0.11660230159759521
0.75,246,65,64,0.6988213658332825,4226,12672,2072,0.49029815196990967,4,0.496337890625,0.4830109477043152,0.481340132574189,0.0016708076000213623,0.11332743614912033
0.75,247,65,64,0.6133498549461365,4226,12672,2092,0.4950307607650757,4,0.4970703125,0.490079402923584,0.481340132574189,0.008739262819290161,0.1711379885673523
0.75,248,65,64,0.7266646027565002,4226,12672,2042,0.48319923877716064,4,0.497314453125,0.469742089509964,0.481340132574189,-0.011598050594329834,0.10154089331626892
0.75,249,65,64,0.7371475100517273,4226,12672,2056,0.48651206493377686,4,0.4990234375,0.4758184850215912,0.481340132574189,-0.005521655082702637,0.10049498826265335
0.75,250,65,64,0.7158944010734558,4226,12672,1996,0.4723142385482788,4,0.503173828125,0.480034738779068,0.481340132574189,-0.00130540132522583,0.10095877945423126
0.75,251,65,64,0.7589269280433655,4226,12672,2136,0.5054425001144409,4,0.50048828125,0.4904514253139496,0.481340132574189,0.009111285209655762,0.0764194205403328
0.75,252,65,64,0.6737159490585327,4226,12672,2080,0.4921911954879761,4,0.509033203125,0.46726194024086,0.481340132574189,-0.014078199863433838,0.14801228046417236
0.75,253,65,64,0.6773815155029297,4226,12672,2036,0.48177945613861084,4,0.5029296875,0.4706101417541504,0.481340132574189,-0.010729998350143433,0.13511165976524353
0.75,254,65,64,0.6602764129638672,4226,12672,2018,0.4775201082229614,4,0.499267578125,0.4694940745830536,0.481340132574189,-0.011846065521240234,0.1290852427482605
0.75,255,65,64,0.690224289894104,4226,12672,2068,0.48935163021087646,4,0.49951171875,0.4804067611694336,0.481340132574189,-0.0009333789348602295,0.11510375142097473
0.9,0,17,64,0.7913771867752075,290,864,124,0.4275861978530884,4,0.4921875,0.48750001192092896,0.44933266848207365,0.038167357444763184,0.29779279232025146
0.9,1,17,64,0.81641685962677,290,864,136,0.4689655303955078,4,0.48046875,0.4125000238418579,0.44933266848207365,-0.03683263063430786,0.2381167709827423
0.9,2,17,64,0.7638160586357117,290,864,132,0.45517241954803467,4,0.47265625,0.4583333432674408,0.44933266848207365,0.009000688791275024,0.43142837285995483
0.9,3,17,64,0.773222029209137,290,864,142,0.48965516686439514,4,0.49609375,0.47291669249534607,0.44933266848207365,0.023584038019180298,0.2927040457725525
0.9,4,17,64,0.8342633843421936,290,864,132,0.45517241954803467,4,0.5078125,0.4583333432674408,0.44933266848207365,0.009000688791275024,0.23722347617149353
0.9,5,17,64,0.7605100274085999,290,864,134,0.46206897497177124,4,0.48828125,0.41458335518836975,0.44933266848207365,-0.03474929928779602,0.3398515582084656
0.9,6,17,64,0.7762539982795715,290,864,128,0.4413793087005615,4,0.5,0.4791666865348816,0.44933266848207365,0.02983403205871582,0.356523722410202
0.9,7,17,64,0.773252546787262,290,864,146,0.5034482479095459,4,0.50390625,0.4437500238418579,0.44933266848207365,-0.005582630634307861,0.36901038885116577
0.9,8,17,64,0.7824735641479492,290,864,142,0.48965516686439514,4,0.49609375,0.47291669249534607,0.44933266848207365,0.023584038019180298,0.2732597291469574
0.9,9,17,64,0.7356118559837341,290,864,122,0.4206896424293518,4,0.51171875,0.4333333671092987,0.44933266848207365,-0.015999287366867065,0.48813241720199585
0.9,10,17,64,0.7950713634490967,290,864,150,0.517241358757019,4,0.5234375,0.4520833492279053,0.44933266848207365,0.002750694751739502,0.316683828830719
0.9,11,17,64,0.7986918091773987,290,864,152,0.5241379141807556,4,0.50390625,0.49791669845581055,0.44933266848207365,0.048584043979644775,0.27379459142684937
0.9,12,17,64,0.7125490307807922,290,864,144,0.4965517222881317,4,0.515625,0.43125003576278687,0.44933266848207365,-0.018082618713378906,0.5152242183685303
0.9,13,17,64,0.7641468644142151,290,864,152,0.5241379141807556,4,0.4765625,0.42916667461395264,0.44933266848207365,-0.020165979862213135,0.3370434641838074
0.9,14,17,64,0.7626671195030212,290,864,134,0.46206897497177124,4,0.52734375,0.46250003576278687,0.44933266848207365,0.013167381286621094,0.3285396099090576
0.9,15,17,64,0.7755597829818726,290,864,136,0.4689655303955078,4,0.4921875,0.4437500238418579,0.44933266848207365,-0.005582630634307861,0.3407977521419525
0.9,16,17,64,0.7926822900772095,290,864,156,0.5379310250282288,4,0.5,0.46250003576278687,0.44933266848207365,0.013167381286621094,0.27857619524002075
0.9,17,17,64,0.717216968536377,290,864,148,0.5103448033332825,4,0.5,0.4541666805744171,0.44933266848207365,0.004834026098251343,0.5021929740905762
0.9,18,17,64,0.7642092108726501,290,864,140,0.48275861144065857,4,0.46484375,0.43541669845581055,0.44933266848207365,-0.013915956020355225,0.3520641326904297
0.9,19,17,64,0.7645648121833801,290,864,134,0.46206897497177124,4,0.51171875,0.4437500238418579,0.44933266848207365,-0.005582630634307861,0.349405437707901
0.9,20,17,64,0.7873315811157227,290,864,144,0.4965517222881317,4,0.51171875,0.46666669845581055,0.44933266848207365,0.017334043979644775,0.2805231511592865
0.9,21,17,64,0.721578061580658,290,864,136,0.4689655303955078,4,0.484375,0.47083336114883423,0.44933266848207365,0.021500706672668457,0.43567976355552673
0.9,22,17,64,0.795819878578186,290,864,128,0.4413793087005615,4,0.53515625,0.4333333671092987,0.44933266848207365,-0.015999287366867065,0.2674607038497925
0.9,23,17,64,0.7292322516441345,290,864,124,0.4275861978530884,4,0.5,0.42500001192092896,0.44933266848207365,-0.024332642555236816,0.4698328971862793
0.9,24,17,64,0.707804262638092,290,864,140,0.48275861144065857,4,0.50390625,0.43958336114883423,0.44933266848207365,-0.009749293327331543,0.4815366268157959
0.9,25,17,64,0.7811340093612671,290,864,152,0.5241379141807556,4,0.4765625,0.4687500298023224,0.44933266848207365,0.019417375326156616,0.3359217941761017
0.9,26,17,64,0.8025079965591431,290,864,134,0.46206897497177124,4,0.49609375,0.44166669249534607,0.44933266848207365,-0.007665961980819702,0.2879241704940796
0.9,27,17,64,0.8408180475234985,290,864,144,0.4965517222881317,4,0.50390625,0.4687500298023224,0.44933266848207365,0.019417375326156616,0.24513912200927734
0.9,28,17,64,0.7491138577461243,290,864,130,0.4482758641242981,4,0.48046875,0.40000003576278687,0.44933266848207365,-0.049332618713378906,0.4642407298088074
0.9,29,17,64,0.8251171112060547,290,864,130,0.4482758641242981,4,0.515625,0.491666704416275,0.44933266848207365,0.04233404994010925,0.2500382661819458
0.9,30,17,64,0.6847897171974182,290,864,130,0.4482758641242981,4,0.52734375,0.4479166865348816,0.44933266848207365,-0.0014159679412841797,0.5817039608955383
0.9,31,17,64,0.7873958945274353,290,864,148,0.5103448033332825,4,0.4765625,0.5291666984558105,0.44933266848207365,0.07983404397964478,0.3893977999687195
0.9,32,17,64,0.6778318285942078,290,864,134,0.46206897497177124,4,0.50390625,0.4166666865348816,0.44933266848207365,-0.03266596794128418,0.546212375164032
0.9,33,17,64,0.7959016561508179,290,864,136,0.4689655303955078,4,0.48046875,0.4687500298023224,0.44933266848207365,0.019417375326156616,0.2863002419471741
0.9,34,17,64,0.7951871156692505,290,864,126,0.43448275327682495,4,0.5234375,0.4520833492279053,0.44933266848207365,0.002750694751739502,0.3274989724159241
0.9,35,17,64,0.791229784488678,290,864,144,0.4965517222881317,4,0.484375,0.4479166865348816,0.44933266848207365,-0.0014159679412841797,0.3611130118370056
0.9,36,17,64,0.8412210941314697,290,864,152,0.5241379141807556,4,0.515625,0.4833333492279053,0.44933266848207365,0.0340006947517395,0.2111710011959076
0.9,37,17,64,0.7769488096237183,290,864,128,0.4413793087005615,4,0.5078125,0.4270833432674408,0.44933266848207365,-0.022249311208724976,0.3172324299812317
0.9,38,17,64,0.767384946346283,290,864,136,0.4689655303955078,4,0.51171875,0.4833333492279053,0.44933266848207365,0.0340006947517395,0.2808210253715515
0.9,39,17,64,0.7860691547393799,290,864,132,0.45517241954803467,4,0.4921875,0.41875001788139343,0.44933266848207365,-0.03058263659477234,0.3217052221298218
0.9,40,17,64,0.7312904000282288,290,864,144,0.4965517222881317,4,0.4921875,0.4437500238418579,0.44933266848207365,-0.005582630634307861,0.4710818827152252
0.9,41,17,64,0.7680457830429077,290,864,140,0.48275861144065857,4,0.48046875,0.4833333492279053,0.44933266848207365,0.0340006947517395,0.43358269333839417
0.9,42,17,64,0.7586193680763245,290,864,128,0.4413793087005615,4,0.50390625,0.5,0.44933266848207365,0.05066734552383423,0.38922175765037537
0.9,43,17,64,0.7635281682014465,290,864,138,0.475862056016922,4,0.48828125,0.46250003576278687,0.44933266848207365,0.013167381286621094,0.3750133514404297
0.9,44,17,64,0.7855964303016663,290,864,138,0.475862056016922,4,0.484375,0.4791666865348816,0.44933266848207365,0.02983403205871582,0.29663151502609253
0.9,45,17,64,0.6818323135375977,290,864,130,0.4482758641242981,4,0.49609375,0.42500001192092896,0.44933266848207365,-0.024332642555236816,0.5725550651550293
0.9,46,17,64,0.765873372554779,290,864,132,0.45517241954803467,4,0.50390625,0.46666669845581055,0.44933266848207365,0.017334043979644775,0.3647918403148651
0.9,47,17,64,0.7355427742004395,290,864,130,0.4482758641242981,4,0.49609375,0.4270833432674408,0.44933266848207365,-0.022249311208724976,0.3093911409378052
0.9,48,17,64,0.8177194595336914,290,864,134,0.46206897497177124,4,0.515625,0.45000001788139343,0.44933266848207365,0.0006673634052276611,0.25763899087905884
0.9,49,17,64,0.8267359137535095,290,864,134,0.46206897497177124,4,0.515625,0.4125000238418579,0.44933266848207365,-0.03683263063430786,0.25429415702819824
0.9,50,17,64,0.770402729511261,290,864,142,0.48965516686439514,4,0.515625,0.4333333671092987,0.44933266848207365,-0.015999287366867065,0.3056143820285797
0.9,51,17,64,0.7996591925621033,290,864,138,0.475862056016922,4,0.5234375,0.460416704416275,0.44933266848207365,0.011084049940109253,0.29166263341903687
0.9,52,17,64,0.7416625022888184,290,864,138,0.475862056016922,4,0.49609375,0.44166669249534607,0.44933266848207365,-0.007665961980819702,0.3682669401168823
0.9,53,17,64,0.7932944297790527,290,864,124,0.4275861978530884,4,0.51171875,0.47708335518836975,0.44933266848207365,0.02775070071220398,0.29833465814590454
0.9,54,17,64,0.8494829535484314,290,864,158,0.5448275804519653,4,0.47265625,0.47708335518836975,0.44933266848207365,0.02775070071220398,0.22197550535202026
0.9,55,17,64,0.8250414729118347,290,864,134,0.46206897497177124,4,0.484375,0.44166669249534607,0.44933266848207365,-0.007665961980819702,0.2373347282409668
0.9,56,17,64,0.7013808488845825,290,864,140,0.48275861144065857,4,0.5078125,0.4520833492279053,0.44933266848207365,0.002750694751739502,0.4354579448699951
0.9,57,17,64,0.7635225057601929,290,864,134,0.46206897497177124,4,0.50390625,0.40416669845581055,0.44933266848207365,-0.045165956020355225,0.3270571827888489
0.9,58,17,64,0.7409524321556091,290,864,154,0.5310344696044922,4,0.51171875,0.46250003576278687,0.44933266848207365,0.013167381286621094,0.4126114547252655
0.9,59,17,64,0.8056561946868896,290,864,142,0.48965516686439514,4,0.52734375,0.491666704416275,0.44933266848207365,0.04233404994010925,0.3258523941040039
0.9,60,17,64,0.7903387546539307,290,864,134,0.46206897497177124,4,0.5234375,0.43958336114883423,0.44933266848207365,-0.009749293327331543,0.2752445936203003
0.9,61,17,64,0.7886377573013306,290,864,136,0.4689655303955078,4,0.48046875,0.4333333671092987,0.44933266848207365,-0.015999287366867065,0.2590410113334656
0.9,62,17,64,0.8132098317146301,290,864,128,0.4413793087005615,4,0.49609375,0.46250003576278687,0.44933266848207365,0.013167381286621094,0.2322344183921814
0.9,63,17,64,0.771625816822052,290,864,150,0.517241358757019,4,0.53125,0.4687500298023224,0.44933266848207365,0.019417375326156616,0.3072379529476166
0.9,64,17,64,0.7660630345344543,290,864,146,0.5034482479095459,4,0.48828125,0.4791666865348816,0.44933266848207365,0.02983403205871582,0.3122049570083618
0.9,65,17,64,0.8129709362983704,290,864,134,0.46206897497177124,4,0.515625,0.4854166805744171,0.44933266848207365,0.03608402609825134,0.2418539822101593
0.9,66,17,64,0.8077442049980164,290,864,142,0.48965516686439514,4,0.48828125,0.43541669845581055,0.44933266848207365,-0.013915956020355225,0.24289897084236145
0.9,67,17,64,0.7887294292449951,290,864,134,0.46206897497177124,4,0.49609375,0.4479166865348816,0.44933266848207365,-0.0014159679412841797,0.3473285734653473
0.9,68,17,64,0.7569083571434021,290,864,136,0.4689655303955078,4,0.48046875,0.4791666865348816,0.44933266848207365,0.02983403205871582,0.36084964871406555
0.9,69,17,64,0.7971014976501465,290,864,132,0.45517241954803467,4,0.50390625,0.41875001788139343,0.44933266848207365,-0.03058263659477234,0.25986987352371216
0.9,70,17,64,0.7418329119682312,290,864,138,0.475862056016922,4,0.515625,0.43541669845581055,0.44933266848207365,-0.013915956020355225,0.4395022690296173
0.9,71,17,64,0.7743845582008362,290,864,146,0.5034482479095459,4,0.48828125,0.4583333432674408,0.44933266848207365,0.009000688791275024,0.34605905413627625
0.9,72,17,64,0.7413290143013,290,864,150,0.517241358757019,4,0.4765625,0.41875001788139343,0.44933266848207365,-0.03058263659477234,0.4654737710952759
0.9,73,17,64,0.8395284414291382,290,864,146,0.5034482479095459,4,0.51171875,0.4687500298023224,0.44933266848207365,0.019417375326156616,0.22501002252101898
0.9,74,17,64,0.8176422119140625,290,864,136,0.4689655303955078,4,0.49609375,0.4750000238418579,0.44933266848207365,0.02566736936569214,0.27102136611938477
0.9,75,17,64,0.786655068397522,290,864,144,0.4965517222881317,4,0.49609375,0.4479166865348816,0.44933266848207365,-0.0014159679412841797,0.27028074860572815
0.9,76,17,64,0.7316753268241882,290,864,134,0.46206897497177124,4,0.51171875,0.45625001192092896,0.44933266848207365,0.006917357444763184,0.4677843451499939
0.9,77,17,64,0.7009963989257812,290,864,124,0.4275861978530884,4,0.4921875,0.3854166865348816,0.44933266848207365,-0.06391596794128418,0.4727022349834442
0.9,78,17,64,0.8152037262916565,290,864,130,0.4482758641242981,4,0.5,0.4125000238418579,0.44933266848207365,-0.03683263063430786,0.2946910858154297
0.9,79,17,64,0.8088721036911011,290,864,150,0.517241358757019,4,0.5,0.45000001788139343,0.44933266848207365,0.0006673634052276611,0.23256471753120422
0.9,80,17,64,0.7872405648231506,290,864,140,0.48275861144065857,4,0.5078125,0.46666669845581055,0.44933266848207365,0.017334043979644775,0.3091978132724762
0.9,81,17,64,0.7734128832817078,290,864,144,0.4965517222881317,4,0.5,0.4791666865348816,0.44933266848207365,0.02983403205871582,0.33463042974472046
0.9,82,17,64,0.809226393699646,290,864,144,0.4965517222881317,4,0.5234375,0.4479166865348816,0.44933266848207365,-0.0014159679412841797,0.23301592469215393
0.9,83,17,64,0.7773504257202148,290,864,152,0.5241379141807556,4,0.4609375,0.4541666805744171,0.44933266848207365,0.004834026098251343,0.3829615116119385
0.9,84,17,64,0.8156996965408325,290,864,136,0.4689655303955078,4,0.484375,0.43541669845581055,0.44933266848207365,-0.013915956020355225,0.2426481544971466
0.9,85,17,64,0.8128529787063599,290,864,154,0.5310344696044922,4,0.4765625,0.5104166865348816,0.44933266848207365,0.06108403205871582,0.2647600769996643
0.9,86,17,64,0.7917681932449341,290,864,136,0.4689655303955078,4,0.48046875,0.4833333492279053,0.44933266848207365,0.0340006947517395,0.3293262720108032
0.9,87,17,64,0.7910102605819702,290,864,138,0.475862056016922,4,0.48828125,0.4541666805744171,0.44933266848207365,0.004834026098251343,0.2946886420249939
0.9,88,17,64,0.7411844730377197,290,864,132,0.45517241954803467,4,0.48828125,0.44166669249534607,0.44933266848207365,-0.007665961980819702,0.400393009185791
0.9,89,17,64,0.8046093583106995,290,864,132,0.45517241954803467,4,0.5,0.44166669249534607,0.44933266848207365,-0.007665961980819702,0.25921857357025146
0.9,90,17,64,0.7523261904716492,290,864,158,0.5448275804519653,4,0.48828125,0.4270833432674408,0.44933266848207365,-0.022249311208724976,0.35354799032211304
0.9,91,17,64,0.7633291482925415,290,864,140,0.48275861144065857,4,0.51953125,0.49791669845581055,0.44933266848207365,0.048584043979644775,0.4557427167892456
0.9,92,17,64,0.7542466521263123,290,864,134,0.46206897497177124,4,0.48828125,0.41875001788139343,0.44933266848207365,-0.03058263659477234,0.311084121465683
0.9,93,17,64,0.8073305487632751,290,864,128,0.4413793087005615,4,0.52734375,0.4833333492279053,0.44933266848207365,0.0340006947517395,0.25336503982543945
0.9,94,17,64,0.7129190564155579,290,864,130,0.4482758641242981,4,0.5,0.4791666865348816,0.44933266848207365,0.02983403205871582,0.4680134057998657
0.9,95,17,64,0.8143259882926941,290,864,150,0.517241358757019,4,0.4765625,0.4541666805744171,0.44933266848207365,0.004834026098251343,0.23111125826835632
0.9,96,17,64,0.8188961744308472,290,864,156,0.5379310250282288,4,0.48828125,0.4437500238418579,0.44933266848207365,-0.005582630634307861,0.2222651094198227
0.9,97,17,64,0.786842942237854,290,864,136,0.4689655303955078,4,0.47265625,0.4687500298023224,0.44933266848207365,0.019417375326156616,0.3262685537338257
0.9,98,17,64,0.7941354513168335,290,864,148,0.5103448033332825,4,0.5,0.47291669249534607,0.44933266848207365,0.023584038019180298,0.27546876668930054
0.9,99,17,64,0.7861281037330627,290,864,144,0.4965517222881317,4,0.51953125,0.4645833671092987,0.44933266848207365,0.015250712633132935,0.32934635877609253
0.9,100,17,64,0.7966209053993225,290,864,146,0.5034482479095459,4,0.48046875,0.5104166865348816,0.44933266848207365,0.06108403205871582,0.2757337987422943
0.9,101,17,64,0.7562529444694519,290,864,116,0.4000000059604645,4,0.48046875,0.4020833671092987,0.44933266848207365,-0.047249287366867065,0.37389475107192993
0.9,102,17,64,0.7665100693702698,290,864,144,0.4965517222881317,4,0.45703125,0.4687500298023224,0.44933266848207365,0.019417375326156616,0.47861403226852417
0.9,103,17,64,0.7496702671051025,290,864,138,0.475862056016922,4,0.49609375,0.42500001192092896,0.44933266848207365,-0.024332642555236816,0.4092937111854553
0.9,104,17,64,0.7699490785598755,290,864,142,0.48965516686439514,4,0.4765625,0.47291669249534607,0.44933266848207365,0.023584038019180298,0.2561354637145996
0.9,105,17,64,0.8161624670028687,290,864,134,0.46206897497177124,4,0.50390625,0.4479166865348816,0.44933266848207365,-0.0014159679412841797,0.2257826179265976
0.9,106,17,64,0.7605239152908325,290,864,140,0.48275861144065857,4,0.51171875,0.48750001192092896,0.44933266848207365,0.038167357444763184,0.3834001421928406
0.9,107,17,64,0.7415609359741211,290,864,132,0.45517241954803467,4,0.5390625,0.48750001192092896,0.44933266848207365,0.038167357444763184,0.40838146209716797
0.9,108,17,64,0.7569153308868408,290,864,128,0.4413793087005615,4,0.52734375,0.4541666805744171,0.44933266848207365,0.004834026098251343,0.3415352702140808
0.9,109,17,64,0.7825503945350647,290,864,140,0.48275861144065857,4,0.46484375,0.45000001788139343,0.44933266848207365,0.0006673634052276611,0.27932262420654297
0.9,110,17,64,0.8152927160263062,290,864,134,0.46206897497177124,4,0.48046875,0.43958336114883423,0.44933266848207365,-0.009749293327331543,0.24442635476589203
0.9,111,17,64,0.7783473134040833,290,864,140,0.48275861144065857,4,0.484375,0.45000001788139343,0.44933266848207365,0.0006673634052276611,0.2947835624217987
0.9,112,17,64,0.8189648985862732,290,864,136,0.4689655303955078,4,0.50390625,0.4958333671092987,0.44933266848207365,0.046500712633132935,0.2686786651611328
0.9,113,17,64,0.7766923308372498,290,864,144,0.4965517222881317,4,0.45703125,0.44583335518836975,0.44933266848207365,-0.0034992992877960205,0.3292713761329651
0.9,114,17,64,0.7424963116645813,290,864,138,0.475862056016922,4,0.515625,0.4333333671092987,0.44933266848207365,-0.015999287366867065,0.381176233291626
0.9,115,17,64,0.7766861915588379,290,864,144,0.4965517222881317,4,0.51171875,0.460416704416275,0.44933266848207365,0.011084049940109253,0.2870686948299408
0.9,116,17,64,0.7402557134628296,290,864,124,0.4275861978530884,4,0.52734375,0.44166669249534607,0.44933266848207365,-0.007665961980819702,0.47286367416381836
0.9,117,17,64,0.7866808176040649,290,864,144,0.4965517222881317,4,0.50390625,0.48125001788139343,0.44933266848207365,0.03191736340522766,0.29194074869155884
0.9,118,17,64,0.812991738319397,290,864,136,0.4689655303955078,4,0.51953125,0.45625001192092896,0.44933266848207365,0.006917357444763184,0.276571661233902
0.9,119,17,64,0.7723681330680847,290,864,140,0.48275861144065857,4,0.4921875,0.4583333432674408,0.44933266848207365,0.009000688791275024,0.3432970643043518
0.9,120,17,64,0.8070226907730103,290,864,134,0.46206897497177124,4,0.4921875,0.43958336114883423,0.44933266848207365,-0.009749293327331543,0.2755393981933594
0.9,121,17,64,0.7727013230323792,290,864,152,0.5241379141807556,4,0.48046875,0.47083336114883423,0.44933266848207365,0.021500706672668457,0.3061116337776184
0.9,122,17,64,0.7419548630714417,290,864,134,0.46206897497177124,4,0.48828125,0.4270833432674408,0.44933266848207365,-0.022249311208724976,0.32169777154922485
0.9,123,17,64,0.7746554613113403,290,864,156,0.5379310250282288,4,0.5,0.4895833730697632,0.44933266848207365,0.04025071859359741,0.3114178776741028
0.9,124,17,64,0.7691202759742737,290,864,142,0.48965516686439514,4,0.49609375,0.42916667461395264,0.44933266848207365,-0.020165979862213135,0.2885763347148895
0.9,125,17,64,0.8063958287239075,290,864,138,0.475862056016922,4,0.484375,0.4166666865348816,0.44933266848207365,-0.03266596794128418,0.23070314526557922
0.9,126,17,64,0.761509895324707,290,864,148,0.5103448033332825,4,0.52734375,0.46250003576278687,0.44933266848207365,0.013167381286621094,0.3322805166244507
0.9,127,17,64,0.7748041749000549,290,864,126,0.43448275327682495,4,0.53125,0.4375000298023224,0.44933266848207365,-0.011832624673843384,0.37371182441711426
0.9,128,17,64,0.750879168510437,290,864,148,0.5103448033332825,4,0.5,0.4750000238418579,0.44933266848207365,0.02566736936569214,0.3258211612701416
0.9,129,17,64,0.7230801582336426,290,864,140,0.48275861144065857,4,0.50390625,0.4437500238418579,0.44933266848207365,-0.005582630634307861,0.4455164074897766
0.9,130,17,64,0.7530034184455872,290,864,148,0.5103448033332825,4,0.48046875,0.4854166805744171,0.44933266848207365,0.03608402609825134,0.4043257236480713
0.9,131,17,64,0.7960508465766907,290,864,126,0.43448275327682495,4,0.51171875,0.43125003576278687,0.44933266848207365,-0.018082618713378906,0.2798759937286377
0.9,132,17,64,0.737053632736206,290,864,120,0.41379308700561523,4,0.52734375,0.4208333492279053,0.44933266848207365,-0.028499305248260498,0.5000505447387695
0.9,133,17,64,0.7376589775085449,290,864,130,0.4482758641242981,4,0.4921875,0.4020833671092987,0.44933266848207365,-0.047249287366867065,0.39199578762054443
0.9,134,17,64,0.7443436980247498,290,864,142,0.48965516686439514,4,0.47265625,0.47083336114883423,0.44933266848207365,0.021500706672668457,0.5150353908538818
0.9,135,17,64,0.7771558165550232,290,864,138,0.475862056016922,4,0.49609375,0.4645833671092987,0.44933266848207365,0.015250712633132935,0.30333030223846436
0.9,136,17,64,0.759564220905304,290,864,144,0.4965517222881317,4,0.5,0.4333333671092987,0.44933266848207365,-0.015999287366867065,0.38633856177330017
0.9,137,17,64,0.8100583553314209,290,864,142,0.48965516686439514,4,0.48046875,0.4333333671092987,0.44933266848207365,-0.015999287366867065,0.27732259035110474
0.9,138,17,64,0.7764471769332886,290,864,120,0.41379308700561523,4,0.53125,0.40833336114883423,0.44933266848207365,-0.04099929332733154,0.3005948066711426
0.9,139,17,64,0.7872213125228882,290,864,144,0.4965517222881317,4,0.4921875,0.47708335518836975,0.44933266848207365,0.02775070071220398,0.3229154348373413
0.9,140,17,64,0.7680354118347168,290,864,126,0.43448275327682495,4,0.52734375,0.47708335518836975,0.44933266848207365,0.02775070071220398,0.2826799154281616
0.9,141,17,64,0.7560622096061707,290,864,122,0.4206896424293518,4,0.5078125,0.3812500238418579,0.44933266848207365,-0.06808263063430786,0.2911820411682129
0.9,142,17,64,0.8119121789932251,290,864,154,0.5310344696044922,4,0.515625,0.4333333671092987,0.44933266848207365,-0.015999287366867065,0.25944119691848755
0.9,143,17,64,0.7264306545257568,290,864,128,0.4413793087005615,4,0.5,0.4333333671092987,0.44933266848207365,-0.015999287366867065,0.36210212111473083
0.9,144,17,64,0.7452820539474487,290,864,124,0.4275861978530884,4,0.4921875,0.3812500238418579,0.44933266848207365,-0.06808263063430786,0.4388234615325928
0.9,145,17,64,0.7390552163124084,290,864,154,0.5310344696044922,4,0.51953125,0.46666669845581055,0.44933266848207365,0.017334043979644775,0.44431155920028687
0.9,146,17,64,0.7352843284606934,290,864,134,0.46206897497177124,4,0.49609375,0.4541666805744171,0.44933266848207365,0.004834026098251343,0.4112549126148224
0.9,147,17,64,0.7349072098731995,290,864,154,0.5310344696044922,4,0.49609375,0.4541666805744171,0.44933266848207365,0.004834026098251343,0.43479982018470764
0.9,148,17,64,0.791526734828949,290,864,130,0.4482758641242981,4,0.50390625,0.3895833492279053,0.44933266848207365,-0.0597493052482605,0.2996009588241577
0.9,149,17,64,0.8183811902999878,290,864,142,0.48965516686439514,4,0.49609375,0.460416704416275,0.44933266848207365,0.011084049940109253,0.22607821226119995
0.9,150,17,64,0.7813579440116882,290,864,130,0.4482758641242981,4,0.52734375,0.460416704416275,0.44933266848207365,0.011084049940109253,0.3645320534706116
0.9,151,17,64,0.75411456823349,290,864,136,0.4689655303955078,4,0.46875,0.44583335518836975,0.44933266848207365,-0.0034992992877960205,0.3886634111404419
0.9,152,17,64,0.781635582447052,290,864,146,0.5034482479095459,4,0.515625,0.43958336114883423,0.44933266848207365,-0.009749293327331543,0.3187326192855835
0.9,153,17,64,0.7864053845405579,290,864,140,0.48275861144065857,4,0.4921875,0.42916667461395264,0.44933266848207365,-0.020165979862213135,0.2851863503456116
0.9,154,17,64,0.788484513759613,290,864,140,0.48275861144065857,4,0.4921875,0.4687500298023224,0.44933266848207365,0.019417375326156616,0.312629759311676
0.9,155,17,64,0.7346694469451904,290,864,144,0.4965517222881317,4,0.5078125,0.4645833671092987,0.44933266848207365,0.015250712633132935,0.38133347034454346
0.9,156,17,64,0.793219804763794,290,864,144,0.4965517222881317,4,0.484375,0.42500001192092896,0.44933266848207365,-0.024332642555236816,0.32830101251602173
0.9,157,17,64,0.710487961769104,290,864,140,0.48275861144065857,4,0.4921875,0.43958336114883423,0.44933266848207365,-0.009749293327331543,0.4978148937225342
0.9,158,17,64,0.7736955285072327,290,864,132,0.45517241954803467,4,0.52734375,0.4583333432674408,0.44933266848207365,0.009000688791275024,0.3285287022590637
0.9,159,17,64,0.7445489764213562,290,864,132,0.45517241954803467,4,0.453125,0.46666669845581055,0.44933266848207365,0.017334043979644775,0.37985509634017944
0.9,160,17,64,0.7687409520149231,290,864,156,0.5379310250282288,4,0.48046875,0.4750000238418579,0.44933266848207365,0.02566736936569214,0.36849087476730347
0.9,161,17,64,0.7597507834434509,290,864,150,0.517241358757019,4,0.4921875,0.48125001788139343,0.44933266848207365,0.03191736340522766,0.31626051664352417
0.9,162,17,64,0.7147026062011719,290,864,138,0.475862056016922,4,0.46875,0.45000001788139343,0.44933266848207365,0.0006673634052276611,0.4427383244037628
0.9,163,17,64,0.8713209629058838,290,864,156,0.5379310250282288,4,0.5078125,0.460416704416275,0.44933266848207365,0.011084049940109253,0.18576768040657043
0.9,164,17,64,0.6648023128509521,290,864,134,0.46206897497177124,4,0.53515625,0.4270833432674408,0.44933266848207365,-0.022249311208724976,0.7169489860534668
0.9,165,17,64,0.8123031854629517,290,864,148,0.5103448033332825,4,0.48828125,0.4687500298023224,0.44933266848207365,0.019417375326156616,0.24565374851226807
0.9,166,17,64,0.7745455503463745,290,864,150,0.517241358757019,4,0.49609375,0.47083336114883423,0.44933266848207365,0.021500706672668457,0.32215437293052673
0.9,167,17,64,0.7827083468437195,290,864,140,0.48275861144065857,4,0.51953125,0.4020833671092987,0.44933266848207365,-0.047249287366867065,0.287706196308136
0.9,168,17,64,0.7551403641700745,290,864,130,0.4482758641242981,4,0.4765625,0.48125001788139343,0.44933266848207365,0.03191736340522766,0.4472970962524414
0.9,169,17,64,0.8054333925247192,290,864,130,0.4482758641242981,4,0.484375,0.47291669249534607,0.44933266848207365,0.023584038019180298,0.2666349411010742
0.9,170,17,64,0.7889529466629028,290,864,128,0.4413793087005615,4,0.5,0.43541669845581055,0.44933266848207365,-0.013915956020355225,0.29915204644203186
0.9,171,17,64,0.755975604057312,290,864,132,0.45517241954803467,4,0.4921875,0.4229166805744171,0.44933266848207365,-0.026415973901748657,0.37479937076568604
0.9,172,17,64,0.7730909585952759,290,864,138,0.475862056016922,4,0.49609375,0.46250003576278687,0.44933266848207365,0.013167381286621094,0.35601332783699036
0.9,173,17,64,0.773506224155426,290,864,130,0.4482758641242981,4,0.53125,0.45625001192092896,0.44933266848207365,0.006917357444763184,0.29277896881103516
0.9,174,17,64,0.7456720471382141,290,864,128,0.4413793087005615,4,0.46875,0.44166669249534607,0.44933266848207365,-0.007665961980819702,0.4611143171787262
0.9,175,17,64,0.7564861178398132,290,864,128,0.4413793087005615,4,0.49609375,0.43125003576278687,0.44933266848207365,-0.018082618713378906,0.36532527208328247
0.9,176,17,64,0.7939159274101257,290,864,136,0.4689655303955078,4,0.47265625,0.4687500298023224,0.44933266848207365,0.019417375326156616,0.3170977830886841
0.9,177,17,64,0.7467339038848877,290,864,150,0.517241358757019,4,0.51953125,0.3958333432674408,0.44933266848207365,-0.053499311208724976,0.47915583848953247
0.9,178,17,64,0.8144658207893372,290,864,136,0.4689655303955078,4,0.51953125,0.5145833492279053,0.44933266848207365,0.0652506947517395,0.2614251971244812
0.9,179,17,64,0.7867806553840637,290,864,150,0.517241358757019,4,0.50390625,0.49375003576278687,0.44933266848207365,0.044417381286621094,0.3138481080532074
0.9,180,17,64,0.7865527272224426,290,864,128,0.4413793087005615,4,0.4921875,0.4375000298023224,0.44933266848207365,-0.011832624673843384,0.2538946270942688
0.9,181,17,64,0.7686778903007507,290,864,142,0.48965516686439514,4,0.48828125,0.4479166865348816,0.44933266848207365,-0.0014159679412841797,0.4166615605354309
0.9,182,17,64,0.7285041809082031,290,864,138,0.475862056016922,4,0.51953125,0.41458335518836975,0.44933266848207365,-0.03474929928779602,0.4434632658958435
0.9,183,17,64,0.8118730187416077,290,864,152,0.5241379141807556,4,0.47265625,0.4687500298023224,0.44933266848207365,0.019417375326156616,0.2533681392669678
0.9,184,17,64,0.7579336762428284,290,864,134,0.46206897497177124,4,0.484375,0.42500001192092896,0.44933266848207365,-0.024332642555236816,0.36454713344573975
0.9,185,17,64,0.7505199313163757,290,864,132,0.45517241954803467,4,0.5,0.4375000298023224,0.44933266848207365,-0.011832624673843384,0.3247278332710266
0.9,186,17,64,0.7165901064872742,290,864,140,0.48275861144065857,4,0.50390625,0.45000001788139343,0.44933266848207365,0.0006673634052276611,0.45499324798583984
0.9,187,17,64,0.8353276252746582,290,864,136,0.4689655303955078,4,0.484375,0.42500001192092896,0.44933266848207365,-0.024332642555236816,0.22321999073028564
0.9,188,17,64,0.8157207369804382,290,864,140,0.48275861144065857,4,0.484375,0.47083336114883423,0.44933266848207365,0.021500706672668457,0.26015332341194153
0.9,189,17,64,0.7895750403404236,290,864,134,0.46206897497177124,4,0.49609375,0.47291669249534607,0.44933266848207365,0.023584038019180298,0.3503274619579315
0.9,190,17,64,0.8039140105247498,290,864,140,0.48275861144065857,4,0.4921875,0.4583333432674408,0.44933266848207365,0.009000688791275024,0.24847465753555298
0.9,191,17,64,0.7694728970527649,290,864,140,0.48275861144065857,4,0.5,0.4375000298023224,0.44933266848207365,-0.011832624673843384,0.3342042565345764
0.9,192,17,64,0.8016366362571716,290,864,130,0.4482758641242981,4,0.51953125,0.47083336114883423,0.44933266848207365,0.021500706672668457,0.2616644501686096
0.9,193,17,64,0.7963398694992065,290,864,136,0.4689655303955078,4,0.5,0.4541666805744171,0.44933266848207365,0.004834026098251343,0.30860793590545654
0.9,194,17,64,0.7767118811607361,290,864,144,0.4965517222881317,4,0.51953125,0.460416704416275,0.44933266848207365,0.011084049940109253,0.3192453682422638
0.9,195,17,64,0.7558920383453369,290,864,146,0.5034482479095459,4,0.48046875,0.4020833671092987,0.44933266848207365,-0.047249287366867065,0.3461208641529083
0.9,196,17,64,0.7461019158363342,290,864,138,0.475862056016922,4,0.50390625,0.41458335518836975,0.44933266848207365,-0.03474929928779602,0.3326851427555084
0.9,197,17,64,0.7403426170349121,290,864,132,0.45517241954803467,4,0.5390625,0.4375000298023224,0.44933266848207365,-0.011832624673843384,0.39763203263282776
0.9,198,17,64,0.7527627944946289,290,864,124,0.4275861978530884,4,0.50390625,0.43958336114883423,0.44933266848207365,-0.009749293327331543,0.3883032500743866
0.9,199,17,64,0.8126564025878906,290,864,154,0.5310344696044922,4,0.546875,0.460416704416275,0.44933266848207365,0.011084049940109253,0.2934955954551697
0.9,200,17,64,0.8617212772369385,290,864,136,0.4689655303955078,4,0.515625,0.49791669845581055,0.44933266848207365,0.048584043979644775,0.17348164319992065
0.9,201,17,64,0.8261635303497314,290,864,142,0.48965516686439514,4,0.48046875,0.460416704416275,0.44933266848207365,0.011084049940109253,0.22603154182434082
0.9,202,17,64,0.7482435703277588,290,864,148,0.5103448033332825,4,0.515625,0.4833333492279053,0.44933266848207365,0.0340006947517395,0.3977862596511841
0.9,203,17,64,0.762560248374939,290,864,164,0.565517246723175,4,0.49609375,0.46250003576278687,0.44933266848207365,0.013167381286621094,0.331046462059021
0.9,204,17,64,0.7730055451393127,290,864,136,0.4689655303955078,4,0.4765625,0.45000001788139343,0.44933266848207365,0.0006673634052276611,0.350632905960083
0.9,205,17,64,0.823464572429657,290,864,136,0.4689655303955078,4,0.54296875,0.460416704416275,0.44933266848207365,0.011084049940109253,0.2380775511264801
0.9,206,17,64,0.8017920255661011,290,864,144,0.4965517222881317,4,0.4609375,0.5041667222976685,0.44933266848207365,0.054834067821502686,0.2969851791858673
0.9,207,17,64,0.7246010303497314,290,864,144,0.4965517222881317,4,0.5546875,0.460416704416275,0.44933266848207365,0.011084049940109253,0.3787156939506531
0.9,208,17,64,0.7846897840499878,290,864,140,0.48275861144065857,4,0.5,0.4854166805744171,0.44933266848207365,0.03608402609825134,0.27693137526512146
0.9,209,17,64,0.7524881958961487,290,864,136,0.4689655303955078,4,0.4921875,0.4166666865348816,0.44933266848207365,-0.03266596794128418,0.3270609378814697
0.9,210,17,64,0.789577841758728,290,864,126,0.43448275327682495,4,0.5,0.47291669249534607,0.44933266848207365,0.023584038019180298,0.3649880290031433
0.9,211,17,64,0.7977942228317261,290,864,130,0.4482758641242981,4,0.50390625,0.42916667461395264,0.44933266848207365,-0.020165979862213135,0.2934265732765198
0.9,212,17,64,0.845479428768158,290,864,136,0.4689655303955078,4,0.5,0.4208333492279053,0.44933266848207365,-0.028499305248260498,0.2124510407447815
0.9,213,17,64,0.79604572057724,290,864,136,0.4689655303955078,4,0.51171875,0.4208333492279053,0.44933266848207365,-0.028499305248260498,0.2689611315727234
0.9,214,17,64,0.8193173408508301,290,864,140,0.48275861144065857,4,0.51171875,0.49791669845581055,0.44933266848207365,0.048584043979644775,0.279915452003479
0.9,215,17,64,0.8295826315879822,290,864,132,0.45517241954803467,4,0.51953125,0.4833333492279053,0.44933266848207365,0.0340006947517395,0.24476034939289093
0.9,216,17,64,0.7174208760261536,290,864,140,0.48275861144065857,4,0.51171875,0.41875001788139343,0.44933266848207365,-0.03058263659477234,0.5060371160507202
0.9,217,17,64,0.8228548169136047,290,864,140,0.48275861144065857,4,0.50390625,0.4750000238418579,0.44933266848207365,0.02566736936569214,0.23072153329849243
0.9,218,17,64,0.7780601978302002,290,864,146,0.5034482479095459,4,0.50390625,0.47083336114883423,0.44933266848207365,0.021500706672668457,0.30737537145614624
0.9,219,17,64,0.8165827989578247,290,864,138,0.475862056016922,4,0.51171875,0.4583333432674408,0.44933266848207365,0.009000688791275024,0.30628764629364014
0.9,220,17,64,0.7555257678031921,290,864,128,0.4413793087005615,4,0.50390625,0.46250003576278687,0.44933266848207365,0.013167381286621094,0.4242500960826874
0.9,221,17,64,0.7626292705535889,290,864,122,0.4206896424293518,4,0.49609375,0.4270833432674408,0.44933266848207365,-0.022249311208724976,0.430148720741272
0.9,222,17,64,0.7890406250953674,290,864,126,0.43448275327682495,4,0.52734375,0.42500001192092896,0.44933266848207365,-0.024332642555236816,0.3207395672798157
0.9,223,17,64,0.8337591886520386,290,864,132,0.45517241954803467,4,0.50390625,0.4437500238418579,0.44933266848207365,-0.005582630634307861,0.2232840359210968
0.9,224,17,64,0.7930624485015869,290,864,136,0.4689655303955078,4,0.46484375,0.4479166865348816,0.44933266848207365,-0.0014159679412841797,0.30019819736480713
0.9,225,17,64,0.7265228033065796,290,864,142,0.48965516686439514,4,0.5,0.4854166805744171,0.44933266848207365,0.03608402609825134,0.400372713804245
0.9,226,17,64,0.7908703088760376,290,864,134,0.46206897497177124,4,0.49609375,0.4208333492279053,0.44933266848207365,-0.028499305248260498,0.3152674734592438
0.9,227,17,64,0.7486376166343689,290,864,148,0.5103448033332825,4,0.484375,0.4854166805744171,0.44933266848207365,0.03608402609825134,0.3850003778934479
0.9,228,17,64,0.8062953948974609,290,864,140,0.48275861144065857,4,0.50390625,0.4583333432674408,0.44933266848207365,0.009000688791275024,0.32228952646255493
0.9,229,17,64,0.7973957657814026,290,864,132,0.45517241954803467,4,0.4921875,0.4520833492279053,0.44933266848207365,0.002750694751739502,0.25918638706207275
0.9,230,17,64,0.7551693320274353,290,864,134,0.46206897497177124,4,0.50390625,0.4541666805744171,0.44933266848207365,0.004834026098251343,0.36211249232292175
0.9,231,17,64,0.7863150835037231,290,864,156,0.5379310250282288,4,0.50390625,0.4479166865348816,0.44933266848207365,-0.0014159679412841797,0.29205095767974854
0.9,232,17,64,0.8072103261947632,290,864,132,0.45517241954803467,4,0.484375,0.491666704416275,0.44933266848207365,0.04233404994010925,0.2605588734149933
0.9,233,17,64,0.8006817102432251,290,864,136,0.4689655303955078,4,0.48828125,0.4375000298023224,0.44933266848207365,-0.011832624673843384,0.27142229676246643
0.9,234,17,64,0.7281855940818787,290,864,138,0.475862056016922,4,0.55078125,0.4375000298023224,0.44933266848207365,-0.011832624673843384,0.44275084137916565
0.9,235,17,64,0.7762856483459473,290,864,140,0.48275861144065857,4,0.484375,0.5333333611488342,0.44933266848207365,0.08400070667266846,0.37946057319641113
0.9,236,17,64,0.8174830079078674,290,864,126,0.43448275327682495,4,0.48828125,0.4437500238418579,0.44933266848207365,-0.005582630634307861,0.27629902958869934
0.9,237,17,64,0.7213869094848633,290,864,138,0.475862056016922,4,0.4921875,0.4229166805744171,0.44933266848207365,-0.026415973901748657,0.4643055200576782
0.9,238,17,64,0.78062903881073,290,864,128,0.4413793087005615,4,0.484375,0.45000001788139343,0.44933266848207365,0.0006673634052276611,0.2856173515319824
0.9,239,17,64,0.7718304395675659,290,864,134,0.46206897497177124,4,0.49609375,0.41041669249534607,0.44933266848207365,-0.0389159619808197,0.3733217716217041
0.9,240,17,64,0.8234990835189819,290,864,146,0.5034482479095459,4,0.4921875,0.4645833671092987,0.44933266848207365,0.015250712633132935,0.24207544326782227
0.9,241,17,64,0.7460885047912598,290,864,130,0.4482758641242981,4,0.5078125,0.45000001788139343,0.44933266848207365,0.0006673634052276611,0.37142449617385864
0.9,242,17,64,0.7730223536491394,290,864,148,0.5103448033332825,4,0.51171875,0.47708335518836975,0.44933266848207365,0.02775070071220398,0.3416503667831421
0.9,243,17,64,0.8057828545570374,290,864,140,0.48275861144065857,4,0.515625,0.43958336114883423,0.44933266848207365,-0.009749293327331543,0.28902286291122437
0.9,244,17,64,0.7892075777053833,290,864,150,0.517241358757019,4,0.4765625,0.45000001788139343,0.44933266848207365,0.0006673634052276611,0.2805109918117523
0.9,245,17,64,0.8064520359039307,290,864,150,0.517241358757019,4,0.5,0.5041667222976685,0.44933266848207365,0.054834067821502686,0.2812446057796478
0.9,246,17,64,0.8104468584060669,290,864,142,0.48965516686439514,4,0.49609375,0.4583333432674408,0.44933266848207365,0.009000688791275024,0.2727571725845337
0.9,247,17,64,0.7669320702552795,290,864,138,0.475862056016922,4,0.5234375,0.41458335518836975,0.44933266848207365,-0.03474929928779602,0.37120264768600464
0.9,248,17,64,0.7765214443206787,290,864,142,0.48965516686439514,4,0.4921875,0.4541666805744171,0.44933266848207365,0.004834026098251343,0.3472507894039154
0.9,249,17,64,0.790865957736969,290,864,148,0.5103448033332825,4,0.4921875,0.4479166865348816,0.44933266848207365,-0.0014159679412841797,0.2789371609687805
0.9,250,17,64,0.7463709712028503,290,864,152,0.5241379141807556,4,0.50390625,0.4333333671092987,0.44933266848207365,-0.015999287366867065,0.4026551842689514
0.9,251,17,64,0.800609827041626,290,864,138,0.475862056016922,4,0.5078125,0.40416669845581055,0.44933266848207365,-0.045165956020355225,0.23275786638259888
0.9,252,17,64,0.7799088358879089,290,864,136,0.4689655303955078,4,0.48828125,0.47708335518836975,0.44933266848207365,0.02775070071220398,0.27543359994888306
0.9,253,17,64,0.7413870096206665,290,864,146,0.5034482479095459,4,0.4921875,0.46250003576278687,0.44933266848207365,0.013167381286621094,0.3951752185821533
0.9,254,17,64,0.7625396847724915,290,864,142,0.48965516686439514,4,0.5078125,0.4541666805744171,0.44933266848207365,0.004834026098251343,0.3999904692173004
0.9,255,17,64,0.8179284334182739,290,864,128,0.4413793087005615,4,0.484375,0.40833336114883423,0.44933266848207365,-0.04099929332733154,0.26608312129974365
0.9,0,33,64,0.7913771867752075,1090,3264,532,0.4880734086036682,4,0.5,0.45917338132858276,0.4568344665575036,0.002338916063308716,0.1535981446504593
0.9,1,33,64,0.81641685962677,1090,3264,534,0.48990824818611145,4,0.49609375,0.44707658886909485,0.4568344665575036,-0.0097578763961792,0.12208418548107147
0.9,2,33,64,0.7638160586357117,1090,3264,534,0.48990824818611145,4,0.4951171875,0.4697580635547638,0.4568344665575036,0.012923598289489746,0.21099910140037537
0.9,3,33,64,0.773222029209137,1090,3264,526,0.48256880044937134,4,0.498046875,0.4727822542190552,0.4568344665575036,0.015947788953781128,0.1574246883392334
0.9,4,33,64,0.8342633843421936,1090,3264,532,0.4880734086036682,4,0.494140625,0.46320563554763794,0.4568344665575036,0.006371170282363892,0.117166668176651
0.9,5,33,64,0.7605100274085999,1090,3264,504,0.4623853266239166,4,0.4990234375,0.46471771597862244,0.4568344665575036,0.007883250713348389,0.17406190931797028
0.9,6,33,64,0.7762539982795715,1090,3264,532,0.4880734086036682,4,0.5185546875,0.48135077953338623,0.4568344665575036,0.024516314268112183,0.17465391755104065
0.9,7,33,64,0.773252546787262,1090,3264,544,0.4990825653076172,4,0.490234375,0.4727822542190552,0.4568344665575036,0.015947788953781128,0.19077914953231812
0.9,8,33,64,0.7824735641479492,1090,3264,520,0.47706422209739685,4,0.498046875,0.4506048262119293,0.4568344665575036,-0.0062296390533447266,0.1548311710357666
0.9,9,33,64,0.7356118559837341,1090,3264,534,0.48990824818611145,4,0.5224609375,0.47530239820480347,0.4568344665575036,0.01846793293952942,0.24778306484222412
0.9,10,33,64,0.7950713634490967,1090,3264,508,0.4660550355911255,4,0.501953125,0.46270158886909485,0.4568344665575036,0.005867123603820801,0.1613585352897644
0.9,11,33,64,0.7986918091773987,1090,3264,542,0.49724769592285156,4,0.5048828125,0.4506048262119293,0.4568344665575036,-0.0062296390533447266,0.15708760917186737
0.9,12,33,64,0.7125490307807922,1090,3264,538,0.4935779869556427,4,0.49609375,0.4415322542190552,0.4568344665575036,-0.015302211046218872,0.27926212549209595
0.9,13,33,64,0.7641468644142151,1090,3264,512,0.46972477436065674,4,0.4921875,0.4571572542190552,0.4568344665575036,0.00032278895378112793,0.17666296660900116
0.9,14,33,64,0.7626671195030212,1090,3264,522,0.4788990914821625,4,0.4990234375,0.44657257199287415,0.4568344665575036,-0.010261893272399902,0.1750848889350891
0.9,15,33,64,0.7755597829818726,1090,3264,538,0.4935779869556427,4,0.5224609375,0.4838709533214569,0.4568344665575036,0.02703648805618286,0.18067525327205658
0.9,16,33,64,0.7926822900772095,1090,3264,524,0.4807339608669281,4,0.4931640625,0.46018144488334656,0.4568344665575036,0.0033469796180725098,0.14717170596122742
0.9,17,33,64,0.717216968536377,1090,3264,546,0.5009174346923828,4,0.4951171875,0.4561491906642914,0.4568344665575036,-0.000685274600982666,0.25886040925979614
0.9,18,33,64,0.7642092108726501,1090,3264,524,0.4807339608669281,4,0.4697265625,0.4400201439857483,0.4568344665575036,-0.016814321279525757,0.1858973503112793
0.9,19,33,64,0.7645648121833801,1090,3264,496,0.4550458788871765,4,0.5166015625,0.4369959533214569,0.4568344665575036,-0.01983851194381714,0.19227905571460724
0.9,20,33,64,0.7873315811157227,1090,3264,514,0.47155964374542236,4,0.4990234375,0.4385080635547638,0.4568344665575036,-0.018326401710510254,0.15297968685626984
0.9,21,33,64,0.721578061580658,1090,3264,518,0.4752293527126312,4,0.4931640625,0.46118950843811035,0.4568344665575036,0.004355043172836304,0.2348167598247528
0.9,22,33,64,0.795819878578186,1090,3264,514,0.47155964374542236,4,0.517578125,0.4375,0.4568344665575036,-0.019334465265274048,0.13460823893547058
0.9,23,33,64,0.7292322516441345,1090,3264,550,0.5045871734619141,4,0.5048828125,0.4732862710952759,0.4568344665575036,0.01645180583000183,0.23743513226509094
0.9,24,33,64,0.707804262638092,1090,3264,526,0.48256880044937134,4,0.5078125,0.4556451439857483,0.4568344665575036,-0.0011893212795257568,0.25463712215423584
0.9,25,33,64,0.7811340093612671,1090,3264,536,0.4917431175708771,4,0.4990234375,0.46320563554763794,0.4568344665575036,0.006371170282363892,0.16947424411773682
0.9,26,33,64,0.8025079965591431,1090,3264,520,0.47706422209739685,4,0.51171875,0.4551411271095276,0.4568344665575036,-0.00169333815574646,0.1532062292098999
0.9,27,33,64,0.8408180475234985,1090,3264,542,0.49724769592285156,4,0.4921875,0.4863911271095276,0.4568344665575036,0.02955666184425354,0.11925958842039108
0.9,28,33,64,0.7491138577461243,1090,3264,508,0.4660550355911255,4,0.5009765625,0.4536290168762207,0.4568344665575036,-0.0032054483890533447,0.23527589440345764
0.9,29,33,64,0.8251171112060547,1090,3264,524,0.4807339608669281,4,0.4873046875,0.4526209533214569,0.4568344665575036,-0.004213511943817139,0.13473835587501526
0.9,30,33,64,0.6847897171974182,1090,3264,500,0.4587155878543854,4,0.5068359375,0.4742943346500397,0.4568344665575036,0.017459869384765625,0.30897241830825806
0.9,31,33,64,0.7873958945274353,1090,3264,510,0.4678899049758911,4,0.50390625,0.44808465242385864,0.4568344665575036,-0.008749812841415405,0.2149684727191925
0.9,32,33,64,0.6778318285942078,1090,3264,510,0.4678899049758911,4,0.4892578125,0.46421369910240173,0.4568344665575036,0.0073792338371276855,0.2879117727279663
0.9,33,33,64,0.7959016561508179,1090,3264,528,0.48440366983413696,4,0.52734375,0.4662298262119293,0.4568344665575036,0.009395360946655273,0.1535768061876297
0.9,34,33,64,0.7951871156692505,1090,3264,524,0.4807339608669281,4,0.5068359375,0.43145158886909485,0.4568344665575036,-0.0253828763961792,0.169496089220047
0.9,35,33,64,0.791229784488678,1090,3264,552,0.5064220428466797,4,0.51171875,0.49243950843811035,0.4568344665575036,0.035605043172836304,0.17940853536128998
0.9,36,33,64,0.8412210941314697,1090,3264,536,0.4917431175708771,4,0.4970703125,0.4551411271095276,0.4568344665575036,-0.00169333815574646,0.11311497539281845
0.9,37,33,64,0.7769488096237183,1090,3264,520,0.47706422209739685,4,0.5068359375,0.4652217626571655,0.4568344665575036,0.00838729739189148,0.16014181077480316
0.9,38,33,64,0.767384946346283,1090,3264,544,0.4990825653076172,4,0.5029296875,0.46169352531433105,0.4568344665575036,0.004859060049057007,0.1589283049106598
0.9,39,33,64,0.7860691547393799,1090,3264,524,0.4807339608669281,4,0.5,0.4561491906642914,0.4568344665575036,-0.000685274600982666,0.16759711503982544
0.9,40,33,64,0.7312904000282288,1090,3264,550,0.5045871734619141,4,0.501953125,0.4506048262119293,0.4568344665575036,-0.0062296390533447266,0.2641739845275879
0.9,41,33,64,0.7680457830429077,1090,3264,530,0.4862385392189026,4,0.4990234375,0.46875,0.4568344665575036,0.011915534734725952,0.21842306852340698
0.9,42,33,64,0.7586193680763245,1090,3264,536,0.4917431175708771,4,0.49609375,0.48941531777381897,0.4568344665575036,0.03258085250854492,0.1934148222208023
0.9,43,33,64,0.7635281682014465,1090,3264,524,0.4807339608669281,4,0.4892578125,0.45967739820480347,0.4568344665575036,0.002842932939529419,0.19805261492729187
0.9,44,33,64,0.7855964303016663,1090,3264,532,0.4880734086036682,4,0.501953125,0.47883063554763794,0.4568344665575036,0.02199617028236389,0.1583227813243866
0.9,45,33,64,0.6818323135375977,1090,3264,516,0.473394513130188,4,0.486328125,0.46118950843811035,0.4568344665575036,0.004355043172836304,0.2814348340034485
0.9,46,33,64,0.765873372554779,1090,3264,542,0.49724769592285156,4,0.4912109375,0.4516128897666931,0.4568344665575036,-0.005221575498580933,0.18715204298496246
0.9,47,33,64,0.7355427742004395,1090,3264,548,0.5027523040771484,4,0.490234375,0.44354838132858276,0.4568344665575036,-0.013286083936691284,0.18501929938793182
0.9,48,33,64,0.8177194595336914,1090,3264,522,0.4788990914821625,4,0.490234375,0.47379031777381897,0.4568344665575036,0.016955852508544922,0.13111449778079987
0.9,49,33,64,0.8267359137535095,1090,3264,510,0.4678899049758911,4,0.501953125,0.46219757199287415,0.4568344665575036,0.005363106727600098,0.123421311378479
0.9,50,33,64,0.770402729511261,1090,3264,524,0.4807339608669281,4,0.4912109375,0.44808465242385864,0.4568344665575036,-0.008749812841415405,0.15355052053928375
0.9,51,33,64,0.7996591925621033,1090,3264,538,0.4935779869556427,4,0.5068359375,0.46320563554763794,0.4568344665575036,0.006371170282363892,0.15564405918121338
0.9,52,33,64,0.7416625022888184,1090,3264,494,0.4532110095024109,4,0.498046875,0.42943546175956726,0.4568344665575036,-0.027399003505706787,0.20495474338531494
0.9,53,33,64,0.7932944297790527,1090,3264,514,0.47155964374542236,4,0.505859375,0.43094757199287415,0.4568344665575036,-0.025886893272399902,0.15347853302955627
0.9,54,33,64,0.8494829535484314,1090,3264,522,0.4788990914821625,4,0.50390625,0.48034271597862244,0.4568344665575036,0.02350825071334839,0.10514730215072632
0.9,55,33,64,0.8250414729118347,1090,3264,548,0.5027523040771484,4,0.49609375,0.46471771597862244,0.4568344665575036,0.007883250713348389,0.12004196643829346
0.9,56,33,64,0.7013808488845825,1090,3264,518,0.4752293527126312,4,0.4921875,0.46421369910240173,0.4568344665575036,0.0073792338371276855,0.22308599948883057
0.9,57,33,64,0.7635225057601929,1090,3264,524,0.4807339608669281,4,0.498046875,0.44758063554763794,0.4568344665575036,-0.009253829717636108,0.1788683533668518
0.9,58,33,64,0.7409524321556091,1090,3264,532,0.4880734086036682,4,0.50390625,0.4662298262119293,0.4568344665575036,0.009395360946655273,0.21792231500148773
0.9,59,33,64,0.8056561946868896,1090,3264,528,0.48440366983413696,4,0.4794921875,0.48135077953338623,0.4568344665575036,0.024516314268112183,0.1669817566871643
0.9,60,33,64,0.7903387546539307,1090,3264,538,0.4935779869556427,4,0.51953125,0.4853830635547638,0.4568344665575036,0.028548598289489746,0.1340683400630951
0.9,61,33,64,0.7886377573013306,1090,3264,528,0.48440366983413696,4,0.4970703125,0.4586693346500397,0.4568344665575036,0.001834869384765625,0.13947030901908875
0.9,62,33,64,0.8132098317146301,1090,3264,508,0.4660550355911255,4,0.4951171875,0.4546370804309845,0.4568344665575036,-0.0021973848342895508,0.12063737213611603
0.9,63,33,64,0.771625816822052,1090,3264,540,0.4954128563404083,4,0.498046875,0.4546370804309845,0.4568344665575036,-0.0021973848342895508,0.1638278365135193
0.9,64,33,64,0.7660630345344543,1090,3264,526,0.48256880044937134,4,0.49609375,0.4571572542190552,0.4568344665575036,0.00032278895378112793,0.18450896441936493
0.9,65,33,64,0.8129709362983704,1090,3264,540,0.4954128563404083,4,0.4970703125,0.46118950843811035,0.4568344665575036,0.004355043172836304,0.13444502651691437
0.9,66,33,64,0.8077442049980164,1090,3264,522,0.4788990914821625,4,0.4873046875,0.4259072542190552,0.4568344665575036,-0.030927211046218872,0.13723161816596985
0.9,67,33,64,0.7887294292449951,1090,3264,522,0.4788990914821625,4,0.49609375,0.44556450843811035,0.4568344665575036,-0.011269956827163696,0.17279517650604248
0.9,68,33,64,0.7569083571434021,1090,3264,570,0.5229358077049255,4,0.4921875,0.47580644488334656,0.4568344665575036,0.01897197961807251,0.19292528927326202
0.9,69,33,64,0.7971014976501465,1090,3264,548,0.5027523040771484,4,0.4990234375,0.4722782075405121,0.4568344665575036,0.015443742275238037,0.13803255558013916
0.9,70,33,64,0.7418329119682312,1090,3264,540,0.4954128563404083,4,0.5078125,0.4576612710952759,0.4568344665575036,0.0008268058300018311,0.22476668655872345
0.9,71,33,64,0.7743845582008362,1090,3264,550,0.5045871734619141,4,0.4775390625,0.4879032075405121,0.4568344665575036,0.031068742275238037,0.17059022188186646
0.9,72,33,64,0.7413290143013,1090,3264,552,0.5064220428466797,4,0.486328125,0.46421369910240173,0.4568344665575036,0.0073792338371276855,0.23087671399116516
0.9,73,33,64,0.8395284414291382,1090,3264,552,0.5064220428466797,4,0.515625,0.4546370804309845,0.4568344665575036,-0.0021973848342895508,0.11595407128334045
0.9,74,33,64,0.8176422119140625,1090,3264,516,0.473394513130188,4,0.5078125,0.46572577953338623,0.4568344665575036,0.008891314268112183,0.14969012141227722
0.9,75,33,64,0.786655068397522,1090,3264,518,0.4752293527126312,4,0.517578125,0.4662298262119293,0.4568344665575036,0.009395360946655273,0.14585810899734497
0.9,76,33,64,0.7316753268241882,1090,3264,516,0.473394513130188,4,0.5068359375,0.4561491906642914,0.4568344665575036,-0.000685274600982666,0.2302044928073883
0.9,77,33,64,0.7009963989257812,1090,3264,530,0.4862385392189026,4,0.5,0.4506048262119293,0.4568344665575036,-0.0062296390533447266,0.24325478076934814
0.9,78,33,64,0.8152037262916565,1090,3264,522,0.4788990914821625,4,0.5009765625,0.44606852531433105,0.4568344665575036,-0.010765939950942993,0.14473189413547516
0.9,79,33,64,0.8088721036911011,1090,3264,486,0.4458715617656708,4,0.517578125,0.4349798262119293,0.4568344665575036,-0.021854639053344727,0.12677015364170074
0.9,80,33,64,0.7872405648231506,1090,3264,506,0.46422019600868225,4,0.490234375,0.44758063554763794,0.4568344665575036,-0.009253829717636108,0.15933698415756226
0.9,81,33,64,0.7734128832817078,1090,3264,524,0.4807339608669281,4,0.50390625,0.4576612710952759,0.4568344665575036,0.0008268058300018311,0.17310655117034912
0.9,82,33,64,0.809226393699646,1090,3264,524,0.4807339608669281,4,0.498046875,0.46875,0.4568344665575036,0.011915534734725952,0.13042496144771576
0.9,83,33,64,0.7773504257202148,1090,3264,560,0.5137614607810974,4,0.501953125,0.46421369910240173,0.4568344665575036,0.0073792338371276855,0.1922527253627777
0.9,84,33,64,0.8156996965408325,1090,3264,536,0.4917431175708771,4,0.4853515625,0.46068546175956726,0.4568344665575036,0.003850996494293213,0.12088751792907715
0.9,85,33,64,0.8128529787063599,1090,3264,512,0.46972477436065674,4,0.5029296875,0.4551411271095276,0.4568344665575036,-0.00169333815574646,0.15249952673912048
0.9,86,33,64,0.7917681932449341,1090,3264,528,0.48440366983413696,4,0.4833984375,0.4395161271095276,0.4568344665575036,-0.01731833815574646,0.17350882291793823
0.9,87,33,64,0.7910102605819702,1090,3264,524,0.4807339608669281,4,0.5,0.4672378897666931,0.4568344665575036,0.010403424501419067,0.15266233682632446
0.9,88,33,64,0.7411844730377197,1090,3264,558,0.5119265913963318,4,0.50390625,0.48235884308815,0.4568344665575036,0.025524377822875977,0.19859015941619873
0.9,89,33,64,0.8046093583106995,1090,3264,514,0.47155964374542236,4,0.5087890625,0.47782257199287415,0.4568344665575036,0.020988106727600098,0.1338071972131729
0.9,90,33,64,0.7523261904716492,1090,3264,510,0.4678899049758911,4,0.4912109375,0.44254031777381897,0.4568344665575036,-0.014294147491455078,0.20140358805656433
0.9,91,33,64,0.7633291482925415,1090,3264,520,0.47706422209739685,4,0.486328125,0.45816531777381897,0.4568344665575036,0.0013308525085449219,0.22371935844421387
0.9,92,33,64,0.7542466521263123,1090,3264,520,0.47706422209739685,4,0.5,0.4430443346500397,0.4568344665575036,-0.013790130615234375,0.1827024519443512
0.9,93,33,64,0.8073305487632751,1090,3264,544,0.4990825653076172,4,0.4892578125,0.4586693346500397,0.4568344665575036,0.001834869384765625,0.14133557677268982
0.9,94,33,64,0.7129190564155579,1090,3264,502,0.460550457239151,4,0.5126953125,0.46370965242385864,0.4568344665575036,0.006875187158584595,0.2658563256263733
0.9,95,33,64,0.8143259882926941,1090,3264,560,0.5137614607810974,4,0.5,0.4707661271095276,0.4568344665575036,0.01393166184425354,0.11759267747402191
0.9,96,33,64,0.8188961744308472,1090,3264,534,0.48990824818611145,4,0.48828125,0.4506048262119293,0.4568344665575036,-0.0062296390533447266,0.12021317332983017
0.9,97,33,64,0.786842942237854,1090,3264,522,0.4788990914821625,4,0.4931640625,0.4359878897666931,0.4568344665575036,-0.020846575498580933,0.17218883335590363
0.9,98,33,64,0.7941354513168335,1090,3264,518,0.4752293527126312,4,0.4765625,0.44909271597862244,0.4568344665575036,-0.007741749286651611,0.14907096326351166
0.9,99,33,64,0.7861281037330627,1090,3264,536,0.4917431175708771,4,0.5068359375,0.4571572542190552,0.4568344665575036,0.00032278895378112793,0.17108102142810822
0.9,100,33,64,0.7966209053993225,1090,3264,504,0.4623853266239166,4,0.4921875,0.44254031777381897,0.4568344665575036,-0.014294147491455078,0.1591978520154953
0.9,101,33,64,0.7562529444694519,1090,3264,516,0.473394513130188,4,0.5,0.46270158886909485,0.4568344665575036,0.005867123603820801,0.19354933500289917
0.9,102,33,64,0.7665100693702698,1090,3264,546,0.5009174346923828,4,0.4931640625,0.46169352531433105,0.4568344665575036,0.004859060049057007,0.2346120923757553
0.9,103,33,64,0.7496702671051025,1090,3264,560,0.5137614607810974,4,0.494140625,0.45967739820480347,0.4568344665575036,0.002842932939529419,0.2069213092327118
0.9,104,33,64,0.7699490785598755,1090,3264,504,0.4623853266239166,4,0.5029296875,0.44707658886909485,0.4568344665575036,-0.0097578763961792,0.1485159993171692
0.9,105,33,64,0.8161624670028687,1090,3264,534,0.48990824818611145,4,0.49609375,0.46219757199287415,0.4568344665575036,0.005363106727600098,0.12095409631729126
0.9,106,33,64,0.7605239152908325,1090,3264,560,0.5137614607810974,4,0.482421875,0.46118950843811035,0.4568344665575036,0.004355043172836304,0.1982230544090271
0.9,107,33,64,0.7415609359741211,1090,3264,510,0.4678899049758911,4,0.48828125,0.4536290168762207,0.4568344665575036,-0.0032054483890533447,0.210580974817276
0.9,108,33,64,0.7569153308868408,1090,3264,586,0.5376147031784058,4,0.501953125,0.4868951439857483,0.4568344665575036,0.030060678720474243,0.1879987120628357
0.9,109,33,64,0.7825503945350647,1090,3264,502,0.460550457239151,4,0.505859375,0.44758063554763794,0.4568344665575036,-0.009253829717636108,0.1507837176322937
0.9,110,33,64,0.8152927160263062,1090,3264,538,0.4935779869556427,4,0.509765625,0.453125,0.4568344665575036,-0.003709465265274048,0.12241093814373016
0.9,111,33,64,0.7783473134040833,1090,3264,536,0.4917431175708771,4,0.5,0.45816531777381897,0.4568344665575036,0.0013308525085449219,0.1630154550075531
0.9,112,33,64,0.8189648985862732,1090,3264,516,0.473394513130188,4,0.5,0.46068546175956726,0.4568344665575036,0.003850996494293213,0.14182955026626587
0.9,113,33,64,0.7766923308372498,1090,3264,522,0.4788990914821625,4,0.5087890625,0.4571572542190552,0.4568344665575036,0.00032278895378112793,0.17071127891540527
0.9,114,33,64,0.7424963116645813,1090,3264,540,0.4954128563404083,4,0.498046875,0.47832658886909485,0.4568344665575036,0.0214921236038208,0.19993731379508972
0.9,115,33,64,0.7766861915588379,1090,3264,480,0.4403669834136963,4,0.49609375,0.4571572542190552,0.4568344665575036,0.00032278895378112793,0.15653842687606812
0.9,116,33,64,0.7402557134628296,1090,3264,498,0.45688074827194214,4,0.501953125,0.46370965242385864,0.4568344665575036,0.006875187158584595,0.22782915830612183
0.9,117,33,64,0.7866808176040649,1090,3264,504,0.4623853266239166,4,0.4951171875,0.4672378897666931,0.4568344665575036,0.010403424501419067,0.15947818756103516
0.9,118,33,64,0.812991738319397,1090,3264,508,0.4660550355911255,4,0.501953125,0.4742943346500397,0.4568344665575036,0.017459869384765625,0.14063599705696106
0.9,119,33,64,0.7723681330680847,1090,3264,516,0.473394513130188,4,0.505859375,0.44606852531433105,0.4568344665575036,-0.010765939950942993,0.18273212015628815
0.9,120,33,64,0.8070226907730103,1090,3264,544,0.4990825653076172,4,0.48046875,0.4541330635547638,0.4568344665575036,-0.002701401710510254,0.14587408304214478
0.9,121,33,64,0.7727013230323792,1090,3264,518,0.4752293527126312,4,0.51171875,0.46370965242385864,0.4568344665575036,0.006875187158584595,0.1708570122718811
0.9,122,33,64,0.7419548630714417,1090,3264,532,0.4880734086036682,4,0.4921875,0.4385080635547638,0.4568344665575036,-0.018326401710510254,0.19047847390174866
0.9,123,33,64,0.7746554613113403,1090,3264,520,0.47706422209739685,4,0.482421875,0.4430443346500397,0.4568344665575036,-0.013790130615234375,0.16654853522777557
0.9,124,33,64,0.7691202759742737,1090,3264,526,0.48256880044937134,4,0.5078125,0.4506048262119293,0.4568344665575036,-0.0062296390533447266,0.1485346406698227
0.9,125,33,64,0.8063958287239075,1090,3264,530,0.4862385392189026,4,0.5068359375,0.4551411271095276,0.4568344665575036,-0.00169333815574646,0.1232571080327034
0.9,126,33,64,0.761509895324707,1090,3264,550,0.5045871734619141,4,0.50390625,0.44858869910240173,0.4568344665575036,-0.008245766162872314,0.18209901452064514
0.9,127,33,64,0.7748041749000549,1090,3264,524,0.4807339608669281,4,0.5068359375,0.44808465242385864,0.4568344665575036,-0.008749812841415405,0.19228291511535645
0.9,128,33,64,0.750879168510437,1090,3264,524,0.4807339608669281,4,0.498046875,0.4677419066429138,0.4568344665575036,0.01090744137763977,0.1866895854473114
0.9,129,33,64,0.7230801582336426,1090,3264,500,0.4587155878543854,4,0.4892578125,0.4415322542190552,0.4568344665575036,-0.015302211046218872,0.22702322900295258
0.9,130,33,64,0.7530034184455872,1090,3264,528,0.48440366983413696,4,0.4970703125,0.44606852531433105,0.4568344665575036,-0.010765939950942993,0.22230109572410583
0.9,131,33,64,0.7960508465766907,1090,3264,530,0.4862385392189026,4,0.513671875,0.4576612710952759,0.4568344665575036,0.0008268058300018311,0.1392170637845993
0.9,132,33,64,0.737053632736206,1090,3264,516,0.473394513130188,4,0.5078125,0.4727822542190552,0.4568344665575036,0.015947788953781128,0.2321198284626007
0.9,133,33,64,0.7376589775085449,1090,3264,532,0.4880734086036682,4,0.513671875,0.4354838728904724,0.4568344665575036,-0.021350592374801636,0.22332242131233215
0.9,134,33,64,0.7443436980247498,1090,3264,566,0.5192660689353943,4,0.498046875,0.46219757199287415,0.4568344665575036,0.005363106727600098,0.24639123678207397
0.9,135,33,64,0.7771558165550232,1090,3264,516,0.473394513130188,4,0.5048828125,0.46320563554763794,0.4568344665575036,0.006371170282363892,0.16365408897399902
0.9,136,33,64,0.759564220905304,1090,3264,538,0.4935779869556427,4,0.5068359375,0.4712701439857483,0.4568344665575036,0.014435678720474243,0.19923235476016998
0.9,137,33,64,0.8100583553314209,1090,3264,528,0.48440366983413696,4,0.4892578125,0.4571572542190552,0.4568344665575036,0.00032278895378112793,0.1445596069097519
0.9,138,33,64,0.7764471769332886,1090,3264,546,0.5009174346923828,4,0.513671875,0.44455644488334656,0.4568344665575036,-0.01227802038192749,0.1629364788532257
0.9,139,33,64,0.7872213125228882,1090,3264,506,0.46422019600868225,4,0.4970703125,0.4707661271095276,0.4568344665575036,0.01393166184425354,0.16585958003997803
0.9,140,33,64,0.7680354118347168,1090,3264,550,0.5045871734619141,4,0.494140625,0.4672378897666931,0.4568344665575036,0.010403424501419067,0.16297291219234467
0.9,141,33,64,0.7560622096061707,1090,3264,518,0.4752293527126312,4,0.4912109375,0.44556450843811035,0.4568344665575036,-0.011269956827163696,0.16396747529506683
0.9,142,33,64,0.8119121789932251,1090,3264,506,0.46422019600868225,4,0.5048828125,0.4556451439857483,0.4568344665575036,-0.0011893212795257568,0.1312991976737976
0.9,143,33,64,0.7264306545257568,1090,3264,490,0.449541300535202,4,0.4990234375,0.43447577953338623,0.4568344665575036,-0.022358685731887817,0.21749454736709595
0.9,144,33,64,0.7452820539474487,1090,3264,526,0.48256880044937134,4,0.5029296875,0.45967739820480347,0.4568344665575036,0.002842932939529419,0.20585209131240845
0.9,145,33,64,0.7390552163124084,1090,3264,520,0.47706422209739685,4,0.494140625,0.46673384308815,0.4568344665575036,0.009899377822875977,0.23021076619625092
0.9,146,33,64,0.7352843284606934,1090,3264,564,0.5174311995506287,4,0.48046875,0.47883063554763794,0.4568344665575036,0.02199617028236389,0.22794678807258606
0.9,147,33,64,0.7349072098731995,1090,3264,550,0.5045871734619141,4,0.5029296875,0.4400201439857483,0.4568344665575036,-0.016814321279525757,0.23408953845500946
0.9,148,33,64,0.791526734828949,1090,3264,494,0.4532110095024109,4,0.5078125,0.44606852531433105,0.4568344665575036,-0.010765939950942993,0.1526656597852707
0.9,149,33,64,0.8183811902999878,1090,3264,524,0.4807339608669281,4,0.50390625,0.4561491906642914,0.4568344665575036,-0.000685274600982666,0.12188727408647537
0.9,150,33,64,0.7813579440116882,1090,3264,548,0.5027523040771484,4,0.478515625,0.4566532075405121,0.4568344665575036,-0.0001812577247619629,0.1898048222064972
0.9,151,33,64,0.75411456823349,1090,3264,526,0.48256880044937134,4,0.5029296875,0.4561491906642914,0.4568344665575036,-0.000685274600982666,0.20590168237686157
0.9,152,33,64,0.781635582447052,1090,3264,530,0.4862385392189026,4,0.5078125,0.4390120804309845,0.4568344665575036,-0.01782238483428955,0.16443264484405518
0.9,153,33,64,0.7864053845405579,1090,3264,532,0.4880734086036682,4,0.51171875,0.46673384308815,0.4568344665575036,0.009899377822875977,0.1379455029964447
0.9,154,33,64,0.788484513759613,1090,3264,538,0.4935779869556427,4,0.509765625,0.46875,0.4568344665575036,0.011915534734725952,0.157090961933136
0.9,155,33,64,0.7346694469451904,1090,3264,526,0.48256880044937134,4,0.4921875,0.46370965242385864,0.4568344665575036,0.006875187158584595,0.21936753392219543
0.9,156,33,64,0.793219804763794,1090,3264,516,0.473394513130188,4,0.48828125,0.4566532075405121,0.4568344665575036,-0.0001812577247619629,0.1647266149520874
0.9,157,33,64,0.710487961769104,1090,3264,536,0.4917431175708771,4,0.4833984375,0.44657257199287415,0.4568344665575036,-0.010261893272399902,0.2593126893043518
0.9,158,33,64,0.7736955285072327,1090,3264,514,0.47155964374542236,4,0.4990234375,0.46673384308815,0.4568344665575036,0.009899377822875977,0.1589437574148178
0.9,159,33,64,0.7445489764213562,1090,3264,514,0.47155964374542236,4,0.482421875,0.46320563554763794,0.4568344665575036,0.006371170282363892,0.1953907012939453
0.9,160,33,64,0.7687409520149231,1090,3264,554,0.5082569122314453,4,0.4951171875,0.4566532075405121,0.4568344665575036,-0.0001812577247619629,0.19922834634780884
0.9,161,33,64,0.7597507834434509,1090,3264,524,0.4807339608669281,4,0.5087890625,0.44254031777381897,0.4568344665575036,-0.014294147491455078,0.1748584508895874
0.9,162,33,64,0.7147026062011719,1090,3264,506,0.46422019600868225,4,0.49609375,0.45110884308815,0.4568344665575036,-0.0057256221771240234,0.23224285244941711
0.9,163,33,64,0.8713209629058838,1090,3264,544,0.4990825653076172,4,0.51171875,0.46270158886909485,0.4568344665575036,0.005867123603820801,0.08901546895503998
0.9,164,33,64,0.6648023128509521,1090,3264,548,0.5027523040771484,4,0.4912109375,0.4692540168762207,0.4568344665575036,0.012419551610946655,0.3503737449645996
0.9,165,33,64,0.8123031854629517,1090,3264,498,0.45688074827194214,4,0.5048828125,0.453125,0.4568344665575036,-0.003709465265274048,0.1406017392873764
0.9,166,33,64,0.7745455503463745,1090,3264,538,0.4935779869556427,4,0.5087890625,0.4420362710952759,0.4568344665575036,-0.014798194169998169,0.17093613743782043
0.9,167,33,64,0.7827083468437195,1090,3264,522,0.4788990914821625,4,0.4921875,0.48135077953338623,0.4568344665575036,0.024516314268112183,0.13799020648002625
0.9,168,33,64,0.7551403641700745,1090,3264,526,0.48256880044937134,4,0.5166015625,0.4430443346500397,0.4568344665575036,-0.013790130615234375,0.24477684497833252
0.9,169,33,64,0.8054333925247192,1090,3264,512,0.46972477436065674,4,0.494140625,0.43296369910240173,0.4568344665575036,-0.023870766162872314,0.14516937732696533
0.9,170,33,64,0.7889529466629028,1090,3264,552,0.5064220428466797,4,0.501953125,0.44254031777381897,0.4568344665575036,-0.014294147491455078,0.1514909863471985
0.9,171,33,64,0.755975604057312,1090,3264,528,0.48440366983413696,4,0.48828125,0.46219757199287415,0.4568344665575036,0.005363106727600098,0.18446418642997742
0.9,172,33,64,0.7730909585952759,1090,3264,518,0.4752293527126312,4,0.5087890625,0.46673384308815,0.4568344665575036,0.009899377822875977,0.1868221014738083
0.9,173,33,64,0.773506224155426,1090,3264,548,0.5027523040771484,4,0.4951171875,0.4541330635547638,0.4568344665575036,-0.002701401710510254,0.15623560547828674
0.9,174,33,64,0.7456720471382141,1090,3264,562,0.515596330165863,4,0.4970703125,0.4899193346500397,0.4568344665575036,0.033084869384765625,0.22855006158351898
0.9,175,33,64,0.7564861178398132,1090,3264,524,0.4807339608669281,4,0.4912109375,0.44455644488334656,0.4568344665575036,-0.01227802038192749,0.19462525844573975
0.9,176,33,64,0.7939159274101257,1090,3264,520,0.47706422209739685,4,0.498046875,0.453125,0.4568344665575036,-0.003709465265274048,0.16362813115119934
0.9,177,33,64,0.7467339038848877,1090,3264,558,0.5119265913963318,4,0.5029296875,0.47731852531433105,0.4568344665575036,0.020484060049057007,0.2271532118320465
0.9,178,33,64,0.8144658207893372,1090,3264,526,0.48256880044937134,4,0.5166015625,0.4551411271095276,0.4568344665575036,-0.00169333815574646,0.13661521673202515
0.9,179,33,64,0.7867806553840637,1090,3264,504,0.4623853266239166,4,0.5048828125,0.46270158886909485,0.4568344665575036,0.005867123603820801,0.16156736016273499
0.9,180,33,64,0.7865527272224426,1090,3264,524,0.4807339608669281,4,0.5078125,0.44758063554763794,0.4568344665575036,-0.009253829717636108,0.136295348405838
0.9,181,33,64,0.7686778903007507,1090,3264,508,0.4660550355911255,4,0.505859375,0.4702620804309845,0.4568344665575036,0.01342761516571045,0.2029903680086136
0.9,182,33,64,0.7285041809082031,1090,3264,518,0.4752293527126312,4,0.5029296875,0.46673384308815,0.4568344665575036,0.009899377822875977,0.22437787055969238
0.9,183,33,64,0.8118730187416077,1090,3264,524,0.4807339608669281,4,0.49609375,0.47681450843811035,0.4568344665575036,0.019980043172836304,0.12569166719913483
0.9,184,33,64,0.7579336762428284,1090,3264,522,0.4788990914821625,4,0.4921875,0.44758063554763794,0.4568344665575036,-0.009253829717636108,0.19085514545440674
0.9,185,33,64,0.7505199313163757,1090,3264,540,0.4954128563404083,4,0.5029296875,0.4556451439857483,0.4568344665575036,-0.0011893212795257568,0.18553996086120605
0.9,186,33,64,0.7165901064872742,1090,3264,522,0.4788990914821625,4,0.50390625,0.44455644488334656,0.4568344665575036,-0.01227802038192749,0.23310354351997375
0.9,187,33,64,0.8353276252746582,1090,3264,542,0.49724769592285156,4,0.4970703125,0.4395161271095276,0.4568344665575036,-0.01731833815574646,0.1138104796409607
0.9,188,33,64,0.8157207369804382,1090,3264,514,0.47155964374542236,4,0.501953125,0.45816531777381897,0.4568344665575036,0.0013308525085449219,0.13176599144935608
0.9,189,33,64,0.7895750403404236,1090,3264,542,0.49724769592285156,4,0.51171875,0.44657257199287415,0.4568344665575036,-0.010261893272399902,0.17346711456775665
0.9,190,33,64,0.8039140105247498,1090,3264,516,0.473394513130188,4,0.498046875,0.47731852531433105,0.4568344665575036,0.020484060049057007,0.12341993302106857
0.9,191,33,64,0.7694728970527649,1090,3264,514,0.47155964374542236,4,0.5078125,0.4576612710952759,0.4568344665575036,0.0008268058300018311,0.17929169535636902
0.9,192,33,64,0.8016366362571716,1090,3264,534,0.48990824818611145,4,0.51953125,0.4722782075405121,0.4568344665575036,0.015443742275238037,0.14404122531414032
0.9,193,33,64,0.7963398694992065,1090,3264,540,0.4954128563404083,4,0.4951171875,0.46421369910240173,0.4568344665575036,0.0073792338371276855,0.15261051058769226
0.9,194,33,64,0.7767118811607361,1090,3264,530,0.4862385392189026,4,0.4853515625,0.46018144488334656,0.4568344665575036,0.0033469796180725098,0.16763700544834137
0.9,195,33,64,0.7558920383453369,1090,3264,506,0.46422019600868225,4,0.5009765625,0.4400201439857483,0.4568344665575036,-0.016814321279525757,0.17518317699432373
0.9,196,33,64,0.7461019158363342,1090,3264,528,0.48440366983413696,4,0.5009765625,0.44606852531433105,0.4568344665575036,-0.010765939950942993,0.18691809475421906
0.9,197,33,64,0.7403426170349121,1090,3264,540,0.4954128563404083,4,0.50390625,0.4727822542190552,0.4568344665575036,0.015947788953781128,0.20339298248291016
0.9,198,33,64,0.7527627944946289,1090,3264,534,0.48990824818611145,4,0.498046875,0.45967739820480347,0.4568344665575036,0.002842932939529419,0.2010500431060791
0.9,199,33,64,0.8126564025878906,1090,3264,534,0.48990824818611145,4,0.5009765625,0.45967739820480347,0.4568344665575036,0.002842932939529419,0.13754867017269135
0.9,200,33,64,0.8617212772369385,1090,3264,502,0.460550457239151,4,0.505859375,0.4697580635547638,0.4568344665575036,0.012923598289489746,0.09564393758773804
0.9,201,33,64,0.8261635303497314,1090,3264,530,0.4862385392189026,4,0.5029296875,0.46320563554763794,0.4568344665575036,0.006371170282363892,0.11232410371303558
0.9,202,33,64,0.7482435703277588,1090,3264,546,0.5009174346923828,4,0.5087890625,0.4586693346500397,0.4568344665575036,0.001834869384765625,0.2179298847913742
0.9,203,33,64,0.762560248374939,1090,3264,538,0.4935779869556427,4,0.5126953125,0.4863911271095276,0.4568344665575036,0.02955666184425354,0.17888250946998596
0.9,204,33,64,0.7730055451393127,1090,3264,522,0.4788990914821625,4,0.4931640625,0.453125,0.4568344665575036,-0.003709465265274048,0.19758522510528564
0.9,205,33,64,0.823464572429657,1090,3264,520,0.47706422209739685,4,0.4892578125,0.4586693346500397,0.4568344665575036,0.001834869384765625,0.12646031379699707
0.9,206,33,64,0.8017920255661011,1090,3264,518,0.4752293527126312,4,0.494140625,0.4516128897666931,0.4568344665575036,-0.005221575498580933,0.1574741005897522
0.9,207,33,64,0.7246010303497314,1090,3264,546,0.5009174346923828,4,0.5,0.46270158886909485,0.4568344665575036,0.005867123603820801,0.22389456629753113
0.9,208,33,64,0.7846897840499878,1090,3264,514,0.47155964374542236,4,0.494140625,0.44405239820480347,0.4568344665575036,-0.012782067060470581,0.15527670085430145
0.9,209,33,64,0.7524881958961487,1090,3264,530,0.4862385392189026,4,0.4951171875,0.4385080635547638,0.4568344665575036,-0.018326401710510254,0.17632845044136047
0.9,210,33,64,0.789577841758728,1090,3264,530,0.4862385392189026,4,0.50390625,0.4430443346500397,0.4568344665575036,-0.013790130615234375,0.18605226278305054
0.9,211,33,64,0.7977942228317261,1090,3264,554,0.5082569122314453,4,0.5166015625,0.47379031777381897,0.4568344665575036,0.016955852508544922,0.14100109040737152
0.9,212,33,64,0.845479428768158,1090,3264,502,0.460550457239151,4,0.5,0.45816531777381897,0.4568344665575036,0.0013308525085449219,0.10884509980678558
0.9,213,33,64,0.79604572057724,1090,3264,508,0.4660550355911255,4,0.4873046875,0.4586693346500397,0.4568344665575036,0.001834869384765625,0.1421661078929901
0.9,214,33,64,0.8193173408508301,1090,3264,522,0.4788990914821625,4,0.513671875,0.4848790168762207,0.4568344665575036,0.028044551610946655,0.13858631253242493
0.9,215,33,64,0.8295826315879822,1090,3264,526,0.48256880044937134,4,0.49609375,0.48034271597862244,0.4568344665575036,0.02350825071334839,0.12796279788017273
0.9,216,33,64,0.7174208760261536,1090,3264,542,0.49724769592285156,4,0.49609375,0.46270158886909485,0.4568344665575036,0.005867123603820801,0.2609670162200928
0.9,217,33,64,0.8228548169136047,1090,3264,506,0.46422019600868225,4,0.5029296875,0.45110884308815,0.4568344665575036,-0.0057256221771240234,0.12513062357902527
0.9,218,33,64,0.7780601978302002,1090,3264,504,0.4623853266239166,4,0.5029296875,0.4536290168762207,0.4568344665575036,-0.0032054483890533447,0.16210032999515533
0.9,219,33,64,0.8165827989578247,1090,3264,524,0.4807339608669281,4,0.4892578125,0.47631046175956726,0.4568344665575036,0.019475996494293213,0.15298111736774445
0.9,220,33,64,0.7555257678031921,1090,3264,518,0.4752293527126312,4,0.5205078125,0.4516128897666931,0.4568344665575036,-0.005221575498580933,0.2071795016527176
0.9,221,33,64,0.7626292705535889,1090,3264,528,0.48440366983413696,4,0.5009765625,0.45917338132858276,0.4568344665575036,0.002338916063308716,0.21754920482635498
0.9,222,33,64,0.7890406250953674,1090,3264,530,0.4862385392189026,4,0.5,0.45110884308815,0.4568344665575036,-0.0057256221771240234,0.15933284163475037
0.9,223,33,64,0.8337591886520386,1090,3264,560,0.5137614607810974,4,0.501953125,0.4727822542190552,0.4568344665575036,0.015947788953781128,0.11544514447450638
0.9,224,33,64,0.7930624485015869,1090,3264,532,0.4880734086036682,4,0.5068359375,0.4354838728904724,0.4568344665575036,-0.021350592374801636,0.16507047414779663
0.9,225,33,64,0.7265228033065796,1090,3264,508,0.4660550355911255,4,0.5068359375,0.44254031777381897,0.4568344665575036,-0.014294147491455078,0.22490285336971283
0.9,226,33,64,0.7908703088760376,1090,3264,544,0.4990825653076172,4,0.509765625,0.4556451439857483,0.4568344665575036,-0.0011893212795257568,0.16258148849010468
0.9,227,33,64,0.7486376166343689,1090,3264,542,0.49724769592285156,4,0.4814453125,0.4536290168762207,0.4568344665575036,-0.0032054483890533447,0.21406082808971405
0.9,228,33,64,0.8062953948974609,1090,3264,550,0.5045871734619141,4,0.494140625,0.4576612710952759,0.4568344665575036,0.0008268058300018311,0.16274060308933258
0.9,229,33,64,0.7973957657814026,1090,3264,538,0.4935779869556427,4,0.4873046875,0.45110884308815,0.4568344665575036,-0.0057256221771240234,0.14143887162208557
0.9,230,33,64,0.7551693320274353,1090,3264,520,0.47706422209739685,4,0.5,0.4526209533214569,0.4568344665575036,-0.004213511943817139,0.19036340713500977
0.9,231,33,64,0.7863150835037231,1090,3264,516,0.473394513130188,4,0.4873046875,0.453125,0.4568344665575036,-0.003709465265274048,0.1473771035671234
0.9,232,33,64,0.8072103261947632,1090,3264,514,0.47155964374542236,4,0.4814453125,0.4495967626571655,0.4568344665575036,-0.0072377026081085205,0.1436813622713089
0.9,233,33,64,0.8006817102432251,1090,3264,508,0.4660550355911255,4,0.498046875,0.44556450843811035,0.4568344665575036,-0.011269956827163696,0.13775551319122314
0.9,234,33,64,0.7281855940818787,1090,3264,526,0.48256880044937134,4,0.5087890625,0.4682459533214569,0.4568344665575036,0.011411488056182861,0.22618594765663147
0.9,235,33,64,0.7762856483459473,1090,3264,546,0.5009174346923828,4,0.4970703125,0.46018144488334656,0.4568344665575036,0.0033469796180725098,0.1861880123615265
0.9,236,33,64,0.8174830079078674,1090,3264,548,0.5027523040771484,4,0.4892578125,0.4707661271095276,0.4568344665575036,0.01393166184425354,0.13990136981010437
0.9,237,33,64,0.7213869094848633,1090,3264,534,0.48990824818611145,4,0.50390625,0.4742943346500397,0.4568344665575036,0.017459869384765625,0.22881096601486206
0.9,238,33,64,0.78062903881073,1090,3264,534,0.48990824818611145,4,0.490234375,0.46421369910240173,0.4568344665575036,0.0073792338371276855,0.15437465906143188
0.9,239,33,64,0.7718304395675659,1090,3264,512,0.46972477436065674,4,0.5107421875,0.4742943346500397,0.4568344665575036,0.017459869384765625,0.1859658658504486
0.9,240,33,64,0.8234990835189819,1090,3264,536,0.4917431175708771,4,0.5087890625,0.46169352531433105,0.4568344665575036,0.004859060049057007,0.12886178493499756
0.9,241,33,64,0.7460885047912598,1090,3264,552,0.5064220428466797,4,0.4853515625,0.4586693346500397,0.4568344665575036,0.001834869384765625,0.20348653197288513
0.9,242,33,64,0.7730223536491394,1090,3264,516,0.473394513130188,4,0.490234375,0.44657257199287415,0.4568344665575036,-0.010261893272399902,0.18241669237613678
0.9,243,33,64,0.8057828545570374,1090,3264,496,0.4550458788871765,4,0.490234375,0.4742943346500397,0.4568344665575036,0.017459869384765625,0.14027731120586395
0.9,244,33,64,0.7892075777053833,1090,3264,516,0.473394513130188,4,0.5048828125,0.4576612710952759,0.4568344665575036,0.0008268058300018311,0.14284946024417877
0.9,245,33,64,0.8064520359039307,1090,3264,524,0.4807339608669281,4,0.5146484375,0.4566532075405121,0.4568344665575036,-0.0001812577247619629,0.14893481135368347
0.9,246,33,64,0.8104468584060669,1090,3264,512,0.46972477436065674,4,0.49609375,0.4536290168762207,0.4568344665575036,-0.0032054483890533447,0.13553526997566223
0.9,247,33,64,0.7669320702552795,1090,3264,548,0.5027523040771484,4,0.5009765625,0.47580644488334656,0.4568344665575036,0.01897197961807251,0.18296682834625244
0.9,248,33,64,0.7765214443206787,1090,3264,474,0.4348623752593994,4,0.484375,0.44405239820480347,0.4568344665575036,-0.012782067060470581,0.20236831903457642
0.9,249,33,64,0.790865957736969,1090,3264,532,0.4880734086036682,4,0.515625,0.44354838132858276,0.4568344665575036,-0.013286083936691284,0.15293562412261963
0.9,250,33,64,0.7463709712028503,1090,3264,506,0.46422019600868225,4,0.513671875,0.4420362710952759,0.4568344665575036,-0.014798194169998169,0.2039448618888855
0.9,251,33,64,0.800609827041626,1090,3264,502,0.460550457239151,4,0.5107421875,0.4546370804309845,0.4568344665575036,-0.0021973848342895508,0.12671011686325073
0.9,252,33,64,0.7799088358879089,1090,3264,534,0.48990824818611145,4,0.5087890625,0.47631046175956726,0.4568344665575036,0.019475996494293213,0.15113070607185364
0.9,253,33,64,0.7413870096206665,1090,3264,554,0.5082569122314453,4,0.494140625,0.4546370804309845,0.4568344665575036,-0.0021973848342895508,0.220899760723114
0.9,254,33,64,0.7625396847724915,1090,3264,496,0.4550458788871765,4,0.4990234375,0.4818548262119293,0.4568344665575036,0.025020360946655273,0.20703209936618805
0.9,255,33,64,0.8179284334182739,1090,3264,520,0.47706422209739685,4,0.501953125,0.4682459533214569,0.4568344665575036,0.011411488056182861,0.13407590985298157
0.9,0,65,64,0.7913771867752075,4226,12672,2086,0.4936109781265259,4,0.493896484375,0.5099206566810608,0.503585466422546,0.006335198879241943,0.0701192319393158
0.9,1,65,64,0.81641685962677,4226,12672,2074,0.49077141284942627,4,0.4990234375,0.4967758357524872,0.503585466422546,-0.006809622049331665,0.0569552406668663
0.9,2,65,64,0.7638160586357117,4226,12672,2096,0.4959772825241089,4,0.499755859375,0.49851194024086,0.503585466422546,-0.005073517560958862,0.09879158437252045
0.9,3,65,64,0.773222029209137,4226,12672,2182,0.5163275003433228,4,0.49853515625,0.50942462682724,0.503585466422546,0.005839169025421143,0.07149755209684372
0.9,4,65,64,0.8342633843421936,4226,12672,2168,0.5130146741867065,4,0.503662109375,0.5054563879966736,0.503585466422546,0.0018709301948547363,0.05512899160385132
0.9,5,65,64,0.7605100274085999,4226,12672,2056,0.48651206493377686,4,0.500732421875,0.506572425365448,0.503585466422546,0.0029869675636291504,0.08333390206098557
0.9,6,65,64,0.7762539982795715,4226,12672,2142,0.5068622827529907,4,0.502197265625,0.5150049924850464,0.503585466422546,0.011419534683227539,0.07899051159620285
0.9,7,65,64,0.773252546787262,4226,12672,2044,0.48367249965667725,4,0.503662109375,0.5017361640930176,0.503585466422546,-0.0018492937088012695,0.08868260681629181
0.9,8,65,64,0.7824735641479492,4226,12672,2130,0.5040227174758911,4,0.498779296875,0.5100446939468384,0.503585466422546,0.006459236145019531,0.07013292610645294
0.9,9,65,64,0.7356118559837341,4226,12672,2036,0.48177945613861084,4,0.4990234375,0.4955357313156128,0.503585466422546,-0.008049726486206055,0.11705869436264038
0.9,10,65,64,0.7950713634490967,4226,12672,2098,0.4964505434036255,4,0.501220703125,0.5008680820465088,0.503585466422546,-0.0027173757553100586,0.07350407540798187
0.9,11,65,64,0.7986918091773987,4226,12672,2120,0.5016564130783081,4,0.50439453125,0.5052083730697632,0.503585466422546,0.001622915267944336,0.07293997704982758
0.9,12,65,64,0.7125490307807922,4226,12672,2160,0.5111216306686401,4,0.4990234375,0.4952877163887024,0.503585466422546,-0.008297741413116455,0.12535689771175385
0.9,13,65,64,0.7641468644142151,4226,12672,2066,0.48887836933135986,4,0.49951171875,0.5033482313156128,0.503585466422546,-0.0002372264862060547,0.08253040909767151
0.9,14,65,64,0.7626671195030212,4226,12672,2084,0.4931377172470093,4,0.50341796875,0.5014881491661072,0.503585466422546,-0.00209730863571167,0.0787794291973114
0.9,15,65,64,0.7755597829818726,4226,12672,2054,0.48603880405426025,4,0.498291015625,0.5038442611694336,0.503585466422546,0.0002588033676147461,0.08165434747934341
0.9,16,65,64,0.7926822900772095,4226,12672,2106,0.4983435869216919,4,0.497314453125,0.5114087462425232,0.503585466422546,0.007823288440704346,0.06762751936912537
0.9,17,65,64,0.717216968536377,4226,12672,2118,0.5011831521987915,4,0.49755859375,0.4967758357524872,0.503585466422546,-0.006809622049331665,0.12050621211528778
0.9,18,65,64,0.7642092108726501,4226,12672,2102,0.4973970651626587,4,0.5009765625,0.5070684552192688,0.503585466422546,0.003482997417449951,0.08342131972312927
0.9,19,65,64,0.7645648121833801,4226,12672,2138,0.5059157609939575,4,0.5078125,0.5026041865348816,0.503585466422546,-0.0009812712669372559,0.08716781437397003
0.9,20,65,64,0.7873315811157227,4226,12672,2094,0.4955040216445923,4,0.502197265625,0.4996280074119568,0.503585466422546,-0.0039574503898620605,0.07278269529342651
0.9,21,65,64,0.721578061580658,4226,12672,2094,0.4955040216445923,4,0.499755859375,0.5013641119003296,0.503585466422546,-0.002221345901489258,0.10841172188520432
0.9,22,65,64,0.795819878578186,4226,12672,2146,0.5078088045120239,4,0.49560546875,0.4967758357524872,0.503585466422546,-0.006809622049331665,0.061048801988363266
0.9,23,65,64,0.7292322516441345,4226,12672,2084,0.4931377172470093,4,0.49267578125,0.5064484477043152,0.503585466422546,0.002862989902496338,0.10897348821163177
0.9,24,65,64,0.707804262638092,4226,12672,2082,0.4926644563674927,4,0.5029296875,0.5073164701461792,0.503585466422546,0.0037310123443603516,0.11845634877681732
0.9,25,65,64,0.7811340093612671,4226,12672,2074,0.49077141284942627,4,0.49609375,0.5124008059501648,0.503585466422546,0.008815348148345947,0.07613078504800797
0.9,26,65,64,0.8025079965591431,4226,12672,2088,0.4940842390060425,4,0.500732421875,0.4935516119003296,0.503585466422546,-0.010033845901489258,0.07153403759002686
0.9,27,65,64,0.8408180475234985,4226,12672,2092,0.4950307607650757,4,0.50341796875,0.5026041865348816,0.503585466422546,-0.0009812712669372559,0.05468018352985382
0.9,28,65,64,0.7491138577461243,4226,12672,2066,0.48887836933135986,4,0.49462890625,0.5138888955116272,0.503585466422546,0.01030343770980835,0.10558610409498215
0.9,29,65,64,0.8251171112060547,4226,12672,2126,0.5030761957168579,4,0.50146484375,0.4939236342906952,0.503585466422546,-0.009661823511123657,0.06267854571342468
0.9,30,65,64,0.6847897171974182,4226,12672,2102,0.4973970651626587,4,0.509765625,0.5070684552192688,0.503585466422546,0.003482997417449951,0.14161387085914612
0.9,31,65,64,0.7873958945274353,4226,12672,2072,0.49029815196990967,4,0.4970703125,0.5117807984352112,0.503585466422546,0.008195340633392334,0.09986728429794312
0.9,32,65,64,0.6778318285942078,4226,12672,2132,0.5044959783554077,4,0.5,0.5012401342391968,0.503585466422546,-0.0023453235626220703,0.13491275906562805
0.9,33,65,64,0.7959016561508179,4226,12672,2098,0.4964505434036255,4,0.50537109375,0.499752014875412,0.503585466422546,-0.0038334429264068604,0.07200548052787781
0.9,34,65,64,0.7951871156692505,4226,12672,2054,0.48603880405426025,4,0.498291015625,0.5068204402923584,0.503585466422546,0.0032349824905395508,0.07282942533493042
0.9,35,65,64,0.791229784488678,4226,12672,2098,0.4964505434036255,4,0.5048828125,0.5093006491661072,0.503585466422546,0.00571519136428833,0.08463948965072632
0.9,36,65,64,0.8412210941314697,4226,12672,2092,0.4950307607650757,4,0.50732421875,0.5049603581428528,0.503585466422546,0.0013749003410339355,0.05124557763338089
0.9,37,65,64,0.7769488096237183,4226,12672,2110,0.4992901086807251,4,0.496337890625,0.5026041865348816,0.503585466422546,-0.0009812712669372559,0.07422789931297302
0.9,38,65,64,0.767384946346283,4226,12672,2126,0.5030761957168579,4,0.505615234375,0.5070684552192688,0.503585466422546,0.003482997417449951,0.07376988232135773
0.9,39,65,64,0.7860691547393799,4226,12672,2088,0.4940842390060425,4,0.499267578125,0.5101686716079712,0.503585466422546,0.006583213806152344,0.0760359838604927
0.9,40,65,64,0.7312904000282288,4226,12672,2088,0.4940842390060425,4,0.499267578125,0.5037202835083008,0.503585466422546,0.0001348257064819336,0.12148183584213257
0.9,41,65,64,0.7680457830429077,4226,12672,2104,0.4978703260421753,4,0.4931640625,0.5047123432159424,0.503585466422546,0.0011268854141235352,0.10190781950950623
0.9,42,65,64,0.7586193680763245,4226,12672,2146,0.5078088045120239,4,0.50439453125,0.5022321939468384,0.503585466422546,-0.0013532638549804688,0.08815935254096985
0.9,43,65,64,0.7635281682014465,4226,12672,2088,0.4940842390060425,4,0.50390625,0.5038442611694336,0.503585466422546,0.0002588033676147461,0.09182166308164597
0.9,44,65,64,0.7855964303016663,4226,12672,2076,0.49124467372894287,4,0.498046875,0.504464328289032,0.503585466422546,0.0008788704872131348,0.07435816526412964
0.9,45,65,64,0.6818323135375977,4226,12672,2056,0.48651206493377686,4,0.506591796875,0.5048363208770752,0.503585466422546,0.0012508630752563477,0.12918362021446228
0.9,46,65,64,0.765873372554779,4226,12672,2076,0.49124467372894287,4,0.503173828125,0.5062004327774048,0.503585466422546,0.0026149749755859375,0.08680176734924316
0.9,47,65,64,0.7355427742004395,4226,12672,2120,0.5016564130783081,4,0.500244140625,0.5045883059501648,0.503585466422546,0.0010028481483459473,0.08349431306123734
0.9,48,65,64,0.8177194595336914,4226,12672,2094,0.4955040216445923,4,0.4951171875,0.500744104385376,0.503585466422546,-0.002841353416442871,0.060615912079811096
0.9,49,65,64,0.8267359137535095,4226,12672,2096,0.4959772825241089,4,0.493896484375,0.5084325671195984,0.503585466422546,0.004847109317779541,0.056340642273426056
0.9,50,65,64,0.770402729511261,4226,12672,2116,0.5007098913192749,4,0.505126953125,0.5029762387275696,0.503585466422546,-0.0006092190742492676,0.0718124508857727
0.9,51,65,64,0.7996591925621033,4226,12672,2114,0.5002366304397583,4,0.5078125,0.502852201461792,0.503585466422546,-0.0007332563400268555,0.06953315436840057
0.9,52,65,64,0.7416625022888184,4226,12672,2208,0.5224798917770386,4,0.499755859375,0.487847238779068,0.503585466422546,-0.015738219022750854,0.09329680353403091
0.9,53,65,64,0.7932944297790527,4226,12672,2104,0.4978703260421753,4,0.50439453125,0.4933035969734192,0.503585466422546,-0.010281860828399658,0.0709100067615509
0.9,54,65,64,0.8494829535484314,4226,12672,2094,0.4955040216445923,4,0.497802734375,0.5084325671195984,0.503585466422546,0.004847109317779541,0.04798878729343414
0.9,55,65,64,0.8250414729118347,4226,12672,2122,0.5021296739578247,4,0.500732421875,0.5070684552192688,0.503585466422546,0.003482997417449951,0.0554998479783535
0.9,56,65,64,0.7013808488845825,4226,12672,2060,0.48745858669281006,4,0.487548828125,0.5126488208770752,0.503585466422546,0.009063363075256348,0.10489489138126373
0.9,57,65,64,0.7635225057601929,4226,12672,2098,0.4964505434036255,4,0.496826171875,0.506572425365448,0.503585466422546,0.0029869675636291504,0.08268224447965622
0.9,58,65,64,0.7409524321556091,4226,12672,2040,0.48272597789764404,4,0.495849609375,0.5086805820465088,0.503585466422546,0.005095124244689941,0.10163991898298264
0.9,59,65,64,0.8056561946868896,4226,12672,2162,0.5115948915481567,4,0.50341796875,0.5073164701461792,0.503585466422546,0.0037310123443603516,0.07462114095687866
0.9,60,65,64,0.7903387546539307,4226,12672,2108,0.4988168478012085,4,0.50732421875,0.5054563879966736,0.503585466422546,0.0018709301948547363,0.06264451146125793
0.9,61,65,64,0.7886377573013306,4226,12672,2086,0.4936109781265259,4,0.495361328125,0.4986359477043152,0.503585466422546,-0.004949510097503662,0.06511951982975006
0.9,62,65,64,0.8132098317146301,4226,12672,2134,0.5049692392349243,4,0.50341796875,0.501984179019928,0.503585466422546,-0.0016012787818908691,0.05621931701898575
0.9,63,65,64,0.771625816822052,4226,12672,2130,0.5040227174758911,4,0.503173828125,0.5037202835083008,0.503585466422546,0.0001348257064819336,0.07642635703086853
0.9,64,65,64,0.7660630345344543,4226,12672,2042,0.48319923877716064,4,0.49462890625,0.5004960894584656,0.503585466422546,-0.0030893683433532715,0.08632208406925201
0.9,65,65,64,0.8129709362983704,4226,12672,2086,0.4936109781265259,4,0.499755859375,0.5014881491661072,0.503585466422546,-0.00209730863571167,0.06347128748893738
0.9,66,65,64,0.8077442049980164,4226,12672,2078,0.4917179346084595,4,0.498291015625,0.4995039999485016,0.503585466422546,-0.004081457853317261,0.0633707195520401
0.9,67,65,64,0.7887294292449951,4226,12672,2138,0.5059157609939575,4,0.4970703125,0.5013641119003296,0.503585466422546,-0.002221345901489258,0.07931298017501831
0.9,68,65,64,0.7569083571434021,4226,12672,2088,0.4940842390060425,4,0.500732421875,0.5039682984352112,0.503585466422546,0.000382840633392334,0.08973634243011475
0.9,69,65,64,0.7971014976501465,4226,12672,2092,0.4950307607650757,4,0.501220703125,0.508556604385376,0.503585466422546,0.004971146583557129,0.06377583742141724
0.9,70,65,64,0.7418329119682312,4226,12672,2122,0.5021296739578247,4,0.50146484375,0.4990079700946808,0.503585466422546,-0.0045774877071380615,0.10521090030670166
0.9,71,65,64,0.7743845582008362,4226,12672,2010,0.475627064704895,4,0.49755859375,0.5146329402923584,0.503585466422546,0.01104748249053955,0.07845831662416458
0.9,72,65,64,0.7413290143013,4226,12672,2120,0.5016564130783081,4,0.502197265625,0.5066964626312256,0.503585466422546,0.0031110048294067383,0.10697536170482635
0.9,73,65,64,0.8395284414291382,4226,12672,2052,0.48556554317474365,4,0.511474609375,0.4993799924850464,0.503585466422546,-0.004205465316772461,0.054362840950489044
0.9,74,65,64,0.8176422119140625,4226,12672,2104,0.4978703260421753,4,0.49951171875,0.505704402923584,0.503585466422546,0.0021189451217651367,0.06803147494792938
0.9,75,65,64,0.786655068397522,4226,12672,2112,0.4997633695602417,4,0.499755859375,0.4996280074119568,0.503585466422546,-0.0039574503898620605,0.06739881634712219
0.9,76,65,64,0.7316753268241882,4226,12672,2034,0.48130619525909424,4,0.496826171875,0.5029762387275696,0.503585466422546,-0.0006092190742492676,0.10353416204452515
0.9,77,65,64,0.7009963989257812,4226,12672,2064,0.48840510845184326,4,0.50439453125,0.495659738779068,0.503585466422546,-0.007925719022750854,0.109598308801651
0.9,78,65,64,0.8152037262916565,4226,12672,2118,0.5011831521987915,4,0.49755859375,0.5120288133621216,0.503585466422546,0.008443355560302734,0.06594321131706238
0.9,79,65,64,0.8088721036911011,4226,12672,2112,0.4997633695602417,4,0.49951171875,0.5045883059501648,0.503585466422546,0.0010028481483459473,0.056913770735263824
0.9,80,65,64,0.7872405648231506,4226,12672,2100,0.4969238042831421,4,0.49609375,0.5062004327774048,0.503585466422546,0.0026149749755859375,0.07376766204833984
0.9,81,65,64,0.7734128832817078,4226,12672,2068,0.48935163021087646,4,0.5009765625,0.4982639253139496,0.503585466422546,-0.005321532487869263,0.08029068261384964
0.9,82,65,64,0.809226393699646,4226,12672,2092,0.4950307607650757,4,0.500244140625,0.4941716492176056,0.503585466422546,-0.009413808584213257,0.05947009474039078
0.9,83,65,64,0.7773504257202148,4226,12672,2120,0.5016564130783081,4,0.49609375,0.5086805820465088,0.503585466422546,0.005095124244689941,0.08758999407291412
0.9,84,65,64,0.8156996965408325,4226,12672,2078,0.4917179346084595,4,0.498779296875,0.502852201461792,0.503585466422546,-0.0007332563400268555,0.05460009351372719
0.9,85,65,64,0.8128529787063599,4226,12672,2090,0.4945574998855591,4,0.496337890625,0.5062004327774048,0.503585466422546,0.0026149749755859375,0.07070119678974152
0.9,86,65,64,0.7917681932449341,4226,12672,2098,0.4964505434036255,4,0.49609375,0.5014881491661072,0.503585466422546,-0.00209730863571167,0.07781761884689331
0.9,87,65,64,0.7910102605819702,4226,12672,2122,0.5021296739578247,4,0.498046875,0.5012401342391968,0.503585466422546,-0.0023453235626220703,0.07172225415706635
0.9,88,65,64,0.7411844730377197,4226,12672,2152,0.5092285871505737,4,0.4951171875,0.508556604385376,0.503585466422546,0.004971146583557129,0.09204250574111938
0.9,89,65,64,0.8046093583106995,4226,12672,2136,0.5054425001144409,4,0.5009765625,0.5004960894584656,0.503585466422546,-0.0030893683433532715,0.06092267483472824
0.9,90,65,64,0.7523261904716492,4226,12672,2098,0.4964505434036255,4,0.49072265625,0.5114087462425232,0.503585466422546,0.007823288440704346,0.08805374801158905
0.9,91,65,64,0.7633291482925415,4226,12672,2084,0.4931377172470093,4,0.495361328125,0.5168651342391968,0.503585466422546,0.01327967643737793,0.10085988789796829
0.9,92,65,64,0.7542466521263123,4226,12672,2076,0.49124467372894287,4,0.49462890625,0.5031002163887024,0.503585466422546,-0.0004852414131164551,0.0843488872051239
0.9,93,65,64,0.8073305487632751,4226,12672,2038,0.48225271701812744,4,0.501220703125,0.4955357313156128,0.503585466422546,-0.008049726486206055,0.06558878719806671
0.9,94,65,64,0.7129190564155579,4226,12672,2094,0.4955040216445923,4,0.498046875,0.4930555820465088,0.503585466422546,-0.010529875755310059,0.11845462024211884
0.9,95,65,64,0.8143259882926941,4226,12672,2088,0.4940842390060425,4,0.506103515625,0.497271865606308,0.503585466422546,-0.006313592195510864,0.057027123868465424
0.9,96,65,64,0.8188961744308472,4226,12672,2122,0.5021296739578247,4,0.501953125,0.5002480745315552,0.503585466422546,-0.003337383270263672,0.058132074773311615
0.9,97,65,64,0.786842942237854,4226,12672,2060,0.48745858669281006,4,0.503662109375,0.500372052192688,0.503585466422546,-0.0032134056091308594,0.08098970353603363
0.9,98,65,64,0.7941354513168335,4226,12672,2118,0.5011831521987915,4,0.5009765625,0.5063244104385376,0.503585466422546,0.00273895263671875,0.06854081153869629
0.9,99,65,64,0.7861281037330627,4226,12672,2040,0.48272597789764404,4,0.503662109375,0.501984179019928,0.503585466422546,-0.0016012787818908691,0.07821851968765259
0.9,100,65,64,0.7966209053993225,4226,12672,2056,0.48651206493377686,4,0.4951171875,0.4954117238521576,0.503585466422546,-0.008173733949661255,0.07297578454017639
0.9,101,65,64,0.7562529444694519,4226,12672,2074,0.49077141284942627,4,0.501953125,0.506572425365448,0.503585466422546,0.0029869675636291504,0.08625175803899765
0.9,102,65,64,0.7665100693702698,4226,12672,2148,0.5082820653915405,4,0.501953125,0.517609179019928,0.503585466422546,0.01402372121810913,0.10205468535423279
0.9,103,65,64,0.7496702671051025,4226,12672,2162,0.5115948915481567,4,0.501220703125,0.5102927088737488,0.503585466422546,0.006707251071929932,0.09479962289333344
0.9,104,65,64,0.7699490785598755,4226,12672,2106,0.4983435869216919,4,0.497802734375,0.5048363208770752,0.503585466422546,0.0012508630752563477,0.0701771229505539
0.9,105,65,64,0.8161624670028687,4226,12672,2110,0.4992901086807251,4,0.504150390625,0.505332350730896,0.503585466422546,0.0017468929290771484,0.05614306777715683
0.9,106,65,64,0.7605239152908325,4226,12672,2124,0.5026029348373413,4,0.49951171875,0.5090526342391968,0.503585466422546,0.00546717643737793,0.09006823599338531
0.9,107,65,64,0.7415609359741211,4226,12672,2088,0.4940842390060425,4,0.502197265625,0.5048363208770752,0.503585466422546,0.0012508630752563477,0.09700679779052734
0.9,108,65,64,0.7569153308868408,4226,12672,2148,0.5082820653915405,4,0.492431640625,0.5068204402923584,0.503585466422546,0.0032349824905395508,0.08680793642997742
0.9,109,65,64,0.7825503945350647,4226,12672,2132,0.5044959783554077,4,0.496826171875,0.5086805820465088,0.503585466422546,0.005095124244689941,0.06989599019289017
0.9,110,65,64,0.8152927160263062,4226,12672,2146,0.5078088045120239,4,0.5078125,0.5063244104385376,0.503585466422546,0.00273895263671875,0.05688589811325073
0.9,111,65,64,0.7783473134040833,4226,12672,2056,0.48651206493377686,4,0.504150390625,0.497271865606308,0.503585466422546,-0.006313592195510864,0.0756540596485138
0.9,112,65,64,0.8189648985862732,4226,12672,2060,0.48745858669281006,4,0.49560546875,0.4977678954601288,0.503585466422546,-0.0058175623416900635,0.06524292379617691
0.9,113,65,64,0.7766923308372498,4226,12672,2110,0.4992901086807251,4,0.5087890625,0.5178571939468384,0.503585466422546,0.014271736145019531,0.07969672977924347
0.9,114,65,64,0.7424963116645813,4226,12672,2126,0.5030761957168579,4,0.498291015625,0.4951637089252472,0.503585466422546,-0.008421748876571655,0.09178738296031952
0.9,115,65,64,0.7766861915588379,4226,12672,2088,0.4940842390060425,4,0.49658203125,0.5008680820465088,0.503585466422546,-0.0027173757553100586,0.07165567576885223
0.9,116,65,64,0.7402557134628296,4226,12672,2136,0.5054425001144409,4,0.50146484375,0.4934276044368744,0.503585466422546,-0.010157853364944458,0.10748262703418732
0.9,117,65,64,0.7866808176040649,4226,12672,2164,0.5120681524276733,4,0.50439453125,0.5080605745315552,0.503585466422546,0.004475116729736328,0.07207414507865906
0.9,118,65,64,0.812991738319397,4226,12672,2082,0.4926644563674927,4,0.506103515625,0.5026041865348816,0.503585466422546,-0.0009812712669372559,0.06806561350822449
0.9,119,65,64,0.7723681330680847,4226,12672,2086,0.4936109781265259,4,0.4892578125,0.4988839626312256,0.503585466422546,-0.004701495170593262,0.0819888561964035
0.9,120,65,64,0.8070226907730103,4226,12672,2050,0.48509228229522705,4,0.4970703125,0.5034722685813904,0.503585466422546,-0.0001131892204284668,0.0680072158575058
0.9,121,65,64,0.7727013230323792,4226,12672,2078,0.4917179346084595,4,0.500732421875,0.5104166865348816,0.503585466422546,0.006831228733062744,0.07653811573982239
0.9,122,65,64,0.7419548630714417,4226,12672,2082,0.4926644563674927,4,0.49658203125,0.5021081566810608,0.503585466422546,-0.0014773011207580566,0.08662451803684235
0.9,123,65,64,0.7746554613113403,4226,12672,2092,0.4950307607650757,4,0.5048828125,0.5004960894584656,0.503585466422546,-0.0030893683433532715,0.07789816707372665
0.9,124,65,64,0.7691202759742737,4226,12672,2098,0.4964505434036255,4,0.504150390625,0.4968998432159424,0.503585466422546,-0.006685614585876465,0.06761638075113297
0.9,125,65,64,0.8063958287239075,4226,12672,2130,0.5040227174758911,4,0.509521484375,0.5045883059501648,0.503585466422546,0.0010028481483459473,0.057479098439216614
0.9,126,65,64,0.761509895324707,4226,12672,2088,0.4940842390060425,4,0.499755859375,0.510664701461792,0.503585466422546,0.0070792436599731445,0.08012433350086212
0.9,127,65,64,0.7748041749000549,4226,12672,2132,0.5044959783554077,4,0.501220703125,0.4971478581428528,0.503585466422546,-0.0064375996589660645,0.08588602393865585
0.9,128,65,64,0.750879168510437,4226,12672,2060,0.48745858669281006,4,0.500732421875,0.5076885223388672,0.503585466422546,0.00410306453704834,0.08426304161548615
0.9,129,65,64,0.7230801582336426,4226,12672,2086,0.4936109781265259,4,0.50146484375,0.495039701461792,0.503585466422546,-0.008545756340026855,0.10721655935049057
0.9,130,65,64,0.7530034184455872,4226,12672,2078,0.4917179346084595,4,0.508056640625,0.5078125,0.503585466422546,0.004227042198181152,0.09935770183801651
0.9,131,65,64,0.7960508465766907,4226,12672,2080,0.4921911954879761,4,0.496826171875,0.5013641119003296,0.503585466422546,-0.002221345901489258,0.0658872127532959
0.9,132,65,64,0.737053632736206,4226,12672,2102,0.4973970651626587,4,0.499267578125,0.5031002163887024,0.503585466422546,-0.0004852414131164551,0.1075238436460495
0.9,133,65,64,0.7376589775085449,4226,12672,2094,0.4955040216445923,4,0.50634765625,0.5048363208770752,0.503585466422546,0.0012508630752563477,0.10021428763866425
0.9,134,65,64,0.7443436980247498,4226,12672,2084,0.4931377172470093,4,0.50341796875,0.500744104385376,0.503585466422546,-0.002841353416442871,0.11339006572961807
0.9,135,65,64,0.7771558165550232,4226,12672,2022,0.47846662998199463,4,0.5009765625,0.5049603581428528,0.503585466422546,0.0013749003410339355,0.07619020342826843
0.9,136,65,64,0.759564220905304,4226,12672,2084,0.4931377172470093,4,0.490234375,0.508556604385376,0.503585466422546,0.004971146583557129,0.0905749499797821
0.9,137,65,64,0.8100583553314209,4226,12672,2084,0.4931377172470093,4,0.506103515625,0.5120288133621216,0.503585466422546,0.008443355560302734,0.06433913856744766
0.9,138,65,64,0.7764471769332886,4226,12672,2092,0.4950307607650757,4,0.4970703125,0.5055803656578064,0.503585466422546,0.001994907855987549,0.07195090502500534
0.9,139,65,64,0.7872213125228882,4226,12672,2132,0.5044959783554077,4,0.499755859375,0.5121527910232544,0.503585466422546,0.008567333221435547,0.07386937737464905
0.9,140,65,64,0.7680354118347168,4226,12672,2078,0.4917179346084595,4,0.495361328125,0.5084325671195984,0.503585466422546,0.004847109317779541,0.07310938835144043
0.9,141,65,64,0.7560622096061707,4226,12672,2102,0.4973970651626587,4,0.4990234375,0.4988839626312256,0.503585466422546,-0.004701495170593262,0.07710503041744232
0.9,142,65,64,0.8119121789932251,4226,12672,2126,0.5030761957168579,4,0.501708984375,0.504464328289032,0.503585466422546,0.0008788704872131348,0.060300037264823914
0.9,143,65,64,0.7264306545257568,4226,12672,2054,0.48603880405426025,4,0.50146484375,0.4916914999485016,0.503585466422546,-0.01189395785331726,0.0995558649301529
0.9,144,65,64,0.7452820539474487,4226,12672,2122,0.5021296739578247,4,0.502197265625,0.5054563879966736,0.503585466422546,0.0018709301948547363,0.09741108864545822
0.9,145,65,64,0.7390552163124084,4226,12672,2176,0.514907717704773,4,0.5009765625,0.5066964626312256,0.503585466422546,0.0031110048294067383,0.10435217618942261
0.9,146,65,64,0.7352843284606934,4226,12672,2118,0.5011831521987915,4,0.5,0.5045883059501648,0.503585466422546,0.0010028481483459473,0.1056487113237381
0.9,147,65,64,0.7349072098731995,4226,12672,2104,0.4978703260421753,4,0.49755859375,0.5029762387275696,0.503585466422546,-0.0006092190742492676,0.10455917567014694
0.9,148,65,64,0.791526734828949,4226,12672,2068,0.48935163021087646,4,0.49755859375,0.5088046193122864,0.503585466422546,0.005219161510467529,0.07083570957183838
0.9,149,65,64,0.8183811902999878,4226,12672,2100,0.4969238042831421,4,0.50390625,0.5029762387275696,0.503585466422546,-0.0006092190742492676,0.05673488229513168
0.9,150,65,64,0.7813579440116882,4226,12672,2096,0.4959772825241089,4,0.496337890625,0.5014881491661072,0.503585466422546,-0.00209730863571167,0.08551394939422607
0.9,151,65,64,0.75411456823349,4226,12672,2056,0.48651206493377686,4,0.49609375,0.5017361640930176,0.503585466422546,-0.0018492937088012695,0.0945284366607666
0.9,152,65,64,0.781635582447052,4226,12672,2060,0.48745858669281006,4,0.5078125,0.5158730745315552,0.503585466422546,0.012287616729736328,0.07250265032052994
0.9,153,65,64,0.7864053845405579,4226,12672,2080,0.4921911954879761,4,0.51318359375,0.4964038133621216,0.503585466422546,-0.007181644439697266,0.0666428804397583
0.9,154,65,64,0.788484513759613,4226,12672,2098,0.4964505434036255,4,0.5029296875,0.5064484477043152,0.503585466422546,0.002862989902496338,0.07335738837718964
0.9,155,65,64,0.7346694469451904,4226,12672,2014,0.4765735864639282,4,0.5078125,0.4973958730697632,0.503585466422546,-0.006189584732055664,0.10468374937772751
0.9,156,65,64,0.793219804763794,4226,12672,2058,0.48698532581329346,4,0.49853515625,0.50322425365448,0.503585466422546,-0.0003612041473388672,0.07551839202642441
0.9,157,65,64,0.710487961769104,4226,12672,2084,0.4931377172470093,4,0.505615234375,0.5002480745315552,0.503585466422546,-0.003337383270263672,0.11985611915588379
0.9,158,65,64,0.7736955285072327,4226,12672,2176,0.514907717704773,4,0.493408203125,0.5033482313156128,0.503585466422546,-0.0002372264862060547,0.07242380082607269
0.9,159,65,64,0.7445489764213562,4226,12672,2070,0.48982489109039307,4,0.496826171875,0.4964038133621216,0.503585466422546,-0.007181644439697266,0.09152957051992416
0.9,160,65,64,0.7687409520149231,4226,12672,2072,0.49029815196990967,4,0.502685546875,0.5042163133621216,0.503585466422546,0.0006308555603027344,0.09138516336679459
0.9,161,65,64,0.7597507834434509,4226,12672,2088,0.4940842390060425,4,0.50341796875,0.5,0.503585466422546,-0.0035854578018188477,0.08048515021800995
0.9,162,65,64,0.7147026062011719,4226,12672,2084,0.4931377172470093,4,0.510009765625,0.5130208730697632,0.503585466422546,0.009435415267944336,0.10547174513339996
0.9,163,65,64,0.8713209629058838,4226,12672,2098,0.4964505434036255,4,0.50927734375,0.4935516119003296,0.503585466422546,-0.010033845901489258,0.04235859587788582
0.9,164,65,64,0.6648023128509521,4226,12672,2120,0.5016564130783081,4,0.500244140625,0.5093006491661072,0.503585466422546,0.00571519136428833,0.16079439222812653
0.9,165,65,64,0.8123031854629517,4226,12672,2028,0.47988641262054443,4,0.511962890625,0.4986359477043152,0.503585466422546,-0.004949510097503662,0.06453099101781845
0.9,166,65,64,0.7745455503463745,4226,12672,2074,0.49077141284942627,4,0.499755859375,0.5009921193122864,0.503585466422546,-0.0025933384895324707,0.07899391651153564
0.9,167,65,64,0.7827083468437195,4226,12672,2134,0.5049692392349243,4,0.50439453125,0.5055803656578064,0.503585466422546,0.001994907855987549,0.06422097235918045
0.9,168,65,64,0.7551403641700745,4226,12672,2088,0.4940842390060425,4,0.49365234375,0.5037202835083008,0.503585466422546,0.0001348257064819336,0.11283028870820999
0.9,169,65,64,0.8054333925247192,4226,12672,2072,0.49029815196990967,4,0.50537109375,0.509796679019928,0.503585466422546,0.006211221218109131,0.06664852052927017
0.9,170,65,64,0.7889529466629028,4226,12672,2128,0.5035494565963745,4,0.5048828125,0.499752014875412,0.503585466422546,-0.0038334429264068604,0.07182536274194717
0.9,171,65,64,0.755975604057312,4226,12672,2114,0.5002366304397583,4,0.5029296875,0.5080605745315552,0.503585466422546,0.004475116729736328,0.0861719399690628
0.9,172,65,64,0.7730909585952759,4226,12672,2072,0.49029815196990967,4,0.496826171875,0.5027282238006592,0.503585466422546,-0.000857234001159668,0.08420999348163605
0.9,173,65,64,0.773506224155426,4226,12672,2150,0.5087553262710571,4,0.5009765625,0.4982639253139496,0.503585466422546,-0.005321532487869263,0.07304142415523529
0.9,174,65,64,0.7456720471382141,4226,12672,2100,0.4969238042831421,4,0.5,0.5107887387275696,0.503585466422546,0.007203280925750732,0.10187512636184692
0.9,175,65,64,0.7564861178398132,4226,12672,2108,0.4988168478012085,4,0.503173828125,0.5004960894584656,0.503585466422546,-0.0030893683433532715,0.08940140902996063
0.9,176,65,64,0.7939159274101257,4226,12672,2040,0.48272597789764404,4,0.50146484375,0.4941716492176056,0.503585466422546,-0.009413808584213257,0.07703347504138947
0.9,177,65,64,0.7467339038848877,4226,12672,2078,0.4917179346084595,4,0.501708984375,0.5045883059501648,0.503585466422546,0.0010028481483459473,0.10466864705085754
0.9,178,65,64,0.8144658207893372,4226,12672,2084,0.4931377172470093,4,0.505126953125,0.5009921193122864,0.503585466422546,-0.0025933384895324707,0.06406509876251221
0.9,179,65,64,0.7867806553840637,4226,12672,2112,0.4997633695602417,4,0.498046875,0.505332350730896,0.503585466422546,0.0017468929290771484,0.07384133338928223
0.9,180,65,64,0.7865527272224426,4226,12672,2086,0.4936109781265259,4,0.492431640625,0.5012401342391968,0.503585466422546,-0.0023453235626220703,0.06525785475969315
0.9,181,65,64,0.7686778903007507,4226,12672,2066,0.48887836933135986,4,0.504150390625,0.5013641119003296,0.503585466422546,-0.002221345901489258,0.09401709586381912
0.9,182,65,64,0.7285041809082031,4226,12672,2108,0.4988168478012085,4,0.501708984375,0.5058283805847168,0.503585466422546,0.0022429227828979492,0.10280230641365051
0.9,183,65,64,0.8118730187416077,4226,12672,2070,0.48982489109039307,4,0.500732421875,0.50322425365448,0.503585466422546,-0.0003612041473388672,0.05967823415994644
0.9,184,65,64,0.7579336762428284,4226,12672,2096,0.4959772825241089,4,0.503662109375,0.5052083730697632,0.503585466422546,0.001622915267944336,0.08991716802120209
0.9,185,65,64,0.7505199313163757,4226,12672,2076,0.49124467372894287,4,0.5048828125,0.5128968358039856,0.503585466422546,0.009311378002166748,0.08165445178747177
0.9,186,65,64,0.7165901064872742,4226,12672,2134,0.5049692392349243,4,0.497314453125,0.4968998432159424,0.503585466422546,-0.006685614585876465,0.10683932900428772
0.9,187,65,64,0.8353276252746582,4226,12672,2050,0.48509228229522705,4,0.49951171875,0.5026041865348816,0.503585466422546,-0.0009812712669372559,0.0526295080780983
0.9,188,65,64,0.8157207369804382,4226,12672,2116,0.5007098913192749,4,0.490234375,0.5137649178504944,0.503585466422546,0.010179460048675537,0.05976560711860657
0.9,189,65,64,0.7895750403404236,4226,12672,2118,0.5011831521987915,4,0.505126953125,0.5037202835083008,0.503585466422546,0.0001348257064819336,0.08234658092260361
0.9,190,65,64,0.8039140105247498,4226,12672,2132,0.5044959783554077,4,0.501953125,0.511904776096344,0.503585466422546,0.008319318294525146,0.058424726128578186
0.9,191,65,64,0.7694728970527649,4226,12672,2100,0.4969238042831421,4,0.48828125,0.499131977558136,0.503585466422546,-0.004453480243682861,0.08125519752502441
0.9,192,65,64,0.8016366362571716,4226,12672,2096,0.4959772825241089,4,0.513427734375,0.5104166865348816,0.503585466422546,0.006831228733062744,0.06560932844877243
0.9,193,65,64,0.7963398694992065,4226,12672,2122,0.5021296739578247,4,0.498779296875,0.499131977558136,0.503585466422546,-0.004453480243682861,0.0688408613204956
0.9,194,65,64,0.7767118811607361,4226,12672,2028,0.47988641262054443,4,0.507080078125,0.4952877163887024,0.503585466422546,-0.008297741413116455,0.08100464940071106
0.9,195,65,64,0.7558920383453369,4226,12672,2074,0.49077141284942627,4,0.498779296875,0.5105407238006592,0.503585466422546,0.006955265998840332,0.07892101258039474
0.9,196,65,64,0.7461019158363342,4226,12672,2058,0.48698532581329346,4,0.507080078125,0.4982639253139496,0.503585466422546,-0.005321532487869263,0.08758609741926193
0.9,197,65,64,0.7403426170349121,4226,12672,2162,0.5115948915481567,4,0.4931640625,0.5063244104385376,0.503585466422546,0.00273895263671875,0.09398456662893295
0.9,198,65,64,0.7527627944946289,4226,12672,2056,0.48651206493377686,4,0.50537109375,0.506572425365448,0.503585466422546,0.0029869675636291504,0.09354162961244583
0.9,199,65,64,0.8126564025878906,4226,12672,2044,0.48367249965667725,4,0.496337890625,0.514756977558136,0.503585466422546,0.011171519756317139,0.0645408183336258
0.9,200,65,64,0.8617212772369385,4226,12672,2104,0.4978703260421753,4,0.501220703125,0.5035962462425232,0.503585466422546,1.0788440704345703e-05,0.04494841396808624
0.9,201,65,64,0.8261635303497314,4226,12672,2058,0.48698532581329346,4,0.493896484375,0.505704402923584,0.503585466422546,0.0021189451217651367,0.05220310389995575
0.9,202,65,64,0.7482435703277588,4226,12672,2150,0.5087553262710571,4,0.505126953125,0.5142609477043152,0.503585466422546,0.010675489902496338,0.09915665537118912
0.9,203,65,64,0.762560248374939,4226,12672,2078,0.4917179346084595,4,0.500244140625,0.50322425365448,0.503585466422546,-0.0003612041473388672,0.08135059475898743
0.9,204,65,64,0.7730055451393127,4226,12672,2100,0.4969238042831421,4,0.49658203125,0.5070684552192688,0.503585466422546,0.003482997417449951,0.09035417437553406
0.9,205,65,64,0.823464572429657,4226,12672,2104,0.4978703260421753,4,0.502197265625,0.5062004327774048,0.503585466422546,0.0026149749755859375,0.05714225023984909
0.9,206,65,64,0.8017920255661011,4226,12672,2124,0.5026029348373413,4,0.4921875,0.5075644850730896,0.503585466422546,0.003979027271270752,0.06956242769956589
0.9,207,65,64,0.7246010303497314,4226,12672,2072,0.49029815196990967,4,0.5009765625,0.5083085894584656,0.503585466422546,0.0047231316566467285,0.10502464324235916
0.9,208,65,64,0.7846897840499878,4226,12672,2028,0.47988641262054443,4,0.49853515625,0.5002480745315552,0.503585466422546,-0.003337383270263672,0.07277821749448776
0.9,209,65,64,0.7524881958961487,4226,12672,2084,0.4931377172470093,4,0.49560546875,0.4983879327774048,0.503585466422546,-0.0051975250244140625,0.0802702084183693
0.9,210,65,64,0.789577841758728,4226,12672,2090,0.4945574998855591,4,0.496337890625,0.49851194024086,0.503585466422546,-0.005073517560958862,0.0839771181344986
0.9,211,65,64,0.7977942228317261,4226,12672,2104,0.4978703260421753,4,0.50390625,0.4973958730697632,0.503585466422546,-0.006189584732055664,0.06705515086650848
0.9,212,65,64,0.845479428768158,4226,12672,2088,0.4940842390060425,4,0.49609375,0.5039682984352112,0.503585466422546,0.000382840633392334,0.049687568098306656
0.9,213,65,64,0.79604572057724,4226,12672,2082,0.4926644563674927,4,0.50390625,0.5042163133621216,0.503585466422546,0.0006308555603027344,0.06391239166259766
0.9,214,65,64,0.8193173408508301,4226,12672,2060,0.48745858669281006,4,0.50341796875,0.5177331566810608,0.503585466422546,0.014147698879241943,0.06140834465622902
0.9,215,65,64,0.8295826315879822,4226,12672,2146,0.5078088045120239,4,0.5087890625,0.5148809552192688,0.503585466422546,0.011295497417449951,0.058517225086688995
0.9,216,65,64,0.7174208760261536,4226,12672,2096,0.4959772825241089,4,0.503173828125,0.5054563879966736,0.503585466422546,0.0018709301948547363,0.12007594853639603
0.9,217,65,64,0.8228548169136047,4226,12672,2184,0.5168007612228394,4,0.4990234375,0.5038442611694336,0.503585466422546,0.0002588033676147461,0.05909403786063194
0.9,218,65,64,0.7780601978302002,4226,12672,2082,0.4926644563674927,4,0.501220703125,0.5054563879966736,0.503585466422546,0.0018709301948547363,0.07493747770786285
0.9,219,65,64,0.8165827989578247,4226,12672,2050,0.48509228229522705,4,0.5009765625,0.50942462682724,0.503585466422546,0.005839169025421143,0.07032479345798492
0.9,220,65,64,0.7555257678031921,4226,12672,2068,0.48935163021087646,4,0.49755859375,0.5121527910232544,0.503585466422546,0.008567333221435547,0.09255993366241455
0.9,221,65,64,0.7626292705535889,4226,12672,2084,0.4931377172470093,4,0.505859375,0.5100446939468384,0.503585466422546,0.006459236145019531,0.09499238431453705
0.9,222,65,64,0.7890406250953674,4226,12672,2128,0.5035494565963745,4,0.5087890625,0.5109127163887024,0.503585466422546,0.007327258586883545,0.07414306700229645
0.9,223,65,64,0.8337591886520386,4226,12672,2090,0.4945574998855591,4,0.4970703125,0.5150049924850464,0.503585466422546,0.011419534683227539,0.0537111759185791
0.9,224,65,64,0.7930624485015869,4226,12672,2092,0.4950307607650757,4,0.49560546875,0.496651828289032,0.503585466422546,-0.006933629512786865,0.0761093944311142
0.9,225,65,64,0.7265228033065796,4226,12672,2100,0.4969238042831421,4,0.503662109375,0.5018601417541504,0.503585466422546,-0.001725316047668457,0.1063656210899353
0.9,226,65,64,0.7908703088760376,4226,12672,2084,0.4931377172470093,4,0.5,0.5137649178504944,0.503585466422546,0.010179460048675537,0.07390628755092621
0.9,227,65,64,0.7486376166343689,4226,12672,2122,0.5021296739578247,4,0.5048828125,0.499752014875412,0.503585466422546,-0.0038334429264068604,0.09967301785945892
0.9,228,65,64,0.8062953948974609,4226,12672,2154,0.5097018480300903,4,0.503173828125,0.5042163133621216,0.503585466422546,0.0006308555603027344,0.07400847971439362
0.9,229,65,64,0.7973957657814026,4226,12672,2110,0.4992901086807251,4,0.504150390625,0.5037202835083008,0.503585466422546,0.0001348257064819336,0.06699301302433014
0.9,230,65,64,0.7551693320274353,4226,12672,2068,0.48935163021087646,4,0.4951171875,0.5078125,0.503585466422546,0.004227042198181152,0.08634109795093536
0.9,231,65,64,0.7863150835037231,4226,12672,2058,0.48698532581329346,4,0.5048828125,0.5083085894584656,0.503585466422546,0.0047231316566467285,0.0675332248210907
0.9,232,65,64,0.8072103261947632,4226,12672,2052,0.48556554317474365,4,0.493408203125,0.5018601417541504,0.503585466422546,-0.001725316047668457,0.06577584892511368
0.9,233,65,64,0.8006817102432251,4226,12672,2092,0.4950307607650757,4,0.505126953125,0.4977678954601288,0.503585466422546,-0.0058175623416900635,0.06499375402927399
0.9,234,65,64,0.7281855940818787,4226,12672,2080,0.4921911954879761,4,0.498291015625,0.504092276096344,0.503585466422546,0.0005068182945251465,0.10426676273345947
0.9,235,65,64,0.7762856483459473,4226,12672,2038,0.48225271701812744,4,0.505126953125,0.5011160969734192,0.503585466422546,-0.002469360828399658,0.08872012048959732
0.9,236,65,64,0.8174830079078674,4226,12672,2068,0.48935163021087646,4,0.49609375,0.5033482313156128,0.503585466422546,-0.0002372264862060547,0.06371352076530457
0.9,237,65,64,0.7213869094848633,4226,12672,2068,0.48935163021087646,4,0.505615234375,0.5104166865348816,0.503585466422546,0.006831228733062744,0.10661688446998596
0.9,238,65,64,0.78062903881073,4226,12672,2110,0.4992901086807251,4,0.498779296875,0.4945436716079712,0.503585466422546,-0.009041786193847656,0.07393661141395569
0.9,239,65,64,0.7718304395675659,4226,12672,2098,0.4964505434036255,4,0.51123046875,0.5194692611694336,0.503585466422546,0.015883803367614746,0.08441323041915894
0.9,240,65,64,0.8234990835189819,4226,12672,2070,0.48982489109039307,4,0.49365234375,0.5031002163887024,0.503585466422546,-0.0004852414131164551,0.05947081372141838
0.9,241,65,64,0.7460885047912598,4226,12672,2078,0.4917179346084595,4,0.493896484375,0.5038442611694336,0.503585466422546,0.0002588033676147461,0.09286138415336609
0.9,242,65,64,0.7730223536491394,4226,12672,2134,0.5049692392349243,4,0.503662109375,0.5011160969734192,0.503585466422546,-0.002469360828399658,0.08330231159925461
0.9,243,65,64,0.8057828545570374,4226,12672,2096,0.4959772825241089,4,0.507568359375,0.4977678954601288,0.503585466422546,-0.0058175623416900635,0.06501269340515137
0.9,244,65,64,0.7892075777053833,4226,12672,2030,0.48035967350006104,4,0.513671875,0.5093006491661072,0.503585466422546,0.00571519136428833,0.06552945077419281
0.9,245,65,64,0.8064520359039307,4226,12672,2130,0.5040227174758911,4,0.497314453125,0.5013641119003296,0.503585466422546,-0.002221345901489258,0.06930962204933167
0.9,246,65,64,0.8104468584060669,4226,12672,2114,0.5002366304397583,4,0.50537109375,0.5013641119003296,0.503585466422546,-0.002221345901489258,0.061595618724823
0.9,247,65,64,0.7669320702552795,4226,12672,2050,0.48509228229522705,4,0.508056640625,0.5076885223388672,0.503585466422546,0.00410306453704834,0.08374834805727005
0.9,248,65,64,0.7765214443206787,4226,12672,2134,0.5049692392349243,4,0.4912109375,0.502852201461792,0.503585466422546,-0.0007332563400268555,0.09154243767261505
0.9,249,65,64,0.790865957736969,4226,12672,2104,0.4978703260421753,4,0.491943359375,0.4982639253139496,0.503585466422546,-0.005321532487869263,0.07150599360466003
0.9,250,65,64,0.7463709712028503,4226,12672,2122,0.5021296739578247,4,0.49560546875,0.5017361640930176,0.503585466422546,-0.0018492937088012695,0.09664522111415863
0.9,251,65,64,0.800609827041626,4226,12672,2114,0.5002366304397583,4,0.50537109375,0.506944477558136,0.503585466422546,0.0033590197563171387,0.05880773812532425
0.9,252,65,64,0.7799088358879089,4226,12672,2086,0.4936109781265259,4,0.497802734375,0.5023561716079712,0.503585466422546,-0.0012292861938476562,0.06902091950178146
0.9,253,65,64,0.7413870096206665,4226,12672,2154,0.5097018480300903,4,0.502197265625,0.5008680820465088,0.503585466422546,-0.0027173757553100586,0.09973877668380737
0.9,254,65,64,0.7625396847724915,4226,12672,2102,0.4973970651626587,4,0.50048828125,0.4926835596561432,0.503585466422546,-0.01090189814567566,0.09885746985673904
0.9,255,65,64,0.8179284334182739,4226,12672,2128,0.5035494565963745,4,0.4970703125,0.5043402910232544,0.503585466422546,0.0007548332214355469,0.06096445024013519
