fixture_id,p,q,tau_index,tau,scale,minimum_mode,maximum_mode,spectral_power,dirichlet_energy,bending_energy,initial_bending_energy,initial_bending_fraction,current_bending_fraction,retained_bending_fraction
hopf_core_unknot,1,1,0,0.0,macroscopic,1,2,1.6080810142133557,2.314575050761982,5.140551196956488,5.140551196956487,0.4543648263005688,0.45436482630056885,1.0000000000000002
hopf_core_unknot,1,1,0,0.0,mesoscopic,3,8,0.04877199112731636,0.5137462951915475,6.164041302098628,6.164041302098628,0.5448294255284862,0.5448294255284862,1.0
hopf_core_unknot,1,1,0,0.0,microscopic,9,-1,1.244151709371086e-06,0.00010577879266294906,0.009115999929662067,0.009115999929662243,0.0008057481709450316,0.0008057481709450161,0.9999999999999808
hopf_core_unknot,1,1,1,0.0001,macroscopic,1,2,1.6076182019923055,2.3135472693295096,5.137263538678325,5.140551196956487,0.4543648263005688,0.4549484357272792,0.999360446350557
hopf_core_unknot,1,1,1,0.0001,mesoscopic,3,8,0.048669365027025596,0.512515317500038,6.145747775938325,6.164041302098628,0.5448294255284862,0.544258303274992,0.9970322187565365
hopf_core_unknot,1,1,1,0.0001,microscopic,9,-1,1.2231772092788085e-06,0.00010397149228040968,0.008957478431094693,0.009115999929662243,0.0008057481709450316,0.000793260997728726,0.9826106296850944
hopf_core_unknot,1,1,2,0.0001265177680741505,macroscopic,1,2,1.6074955089970293,2.313274834911752,5.136392138570644,5.140551196956487,0.4543648263005688,0.45510308091457063,0.9991909314339081
hopf_core_unknot,1,1,2,0.0001265177680741505,mesoscopic,3,8,0.04864219214339041,0.5121895028087519,6.1409089659702705,6.164041302098628,0.5448294255284862,0.5441069362758395,0.9962472126654177
hopf_core_unknot,1,1,2,0.0001265177680741505,microscopic,9,-1,1.2176756035895992e-06,0.000103497530588749,0.008915917432658772,0.009115999929662243,0.0008057481709450316,0.0007899828095897878,0.9780515030114877
hopf_core_unknot,1,1,3,0.0001600674563846453,macroscopic,1,2,1.6073403012596832,2.3129302231821196,5.135289910871865,5.140551196956487,0.4543648263005688,0.4552986655771907,0.9989765132408881
hopf_core_unknot,1,1,3,0.0001600674563846453,mesoscopic,3,8,0.048607838366638345,0.5117776568349625,6.13479433342962,6.164041302098628,0.5448294255284862,0.5439154793749115,0.9952552283095426
hopf_core_unknot,1,1,3,0.0001600674563846453,microscopic,9,-1,1.210751015686379e-06,0.00010290103447415661,0.008863618112655649,0.009115999929662243,0.0008057481709450316,0.0007858550478979237,0.9723144121375673
hopf_core_unknot,1,1,4,0.00020251377323091753,macroscopic,1,2,1.6071439690242146,2.3124943340750646,5.133895794278465,5.140551196956487,0.4543648263005688,0.4555460046247937,0.9987053134142575
hopf_core_unknot,1,1,4,0.00020251377323091753,mesoscopic,3,8,0.04856441431019563,0.5112571859514563,6.127069934888608,6.164041302098628,0.5448294255284862,0.5436733312752172,0.9940020896359937
hopf_core_unknot,1,1,4,0.00020251377323091753,microscopic,9,-1,1.2020473357547734e-06,0.00010215137162720632,0.00879789988056045,0.009115999929662243,0.0008057481709450316,0.0007806640999891077,0.9651053036906311
hopf_core_unknot,1,1,5,0.0002562159059345033,macroscopic,1,2,1.6068956268770944,2.311943026460919,5.132132624796219,5.140551196956487,0.4543648263005688,0.45585875612562343,0.9983623211134921
hopf_core_unknot,1,1,5,0.0002562159059345033,mesoscopic,3,8,0.048509538428888596,0.5105996365061409,6.117315879052125,6.164041302098628,0.5448294255284862,0.543367097330801,0.99241967716365
hopf_core_unknot,1,1,5,0.0002562159059345033,microscopic,9,-1,1.1911264287220245e-06,0.0001012108734912377,0.008715468726375472,0.009115999929662243,0.0008057481709450316,0.0007741465435755474,0.9560628338770062
hopf_core_unknot,1,1,6,0.00032415864563929844,macroscopic,1,2,1.6065815147657778,2.311245795663972,5.1299029192567485,5.140551196956487,0.4543648263005688,0.45625416051428047,0.9979285727752224
hopf_core_unknot,1,1,6,0.00032415864563929844,mesoscopic,3,8,0.0484402117922852,0.5097692189112624,6.105005078354342,6.164041302098628,0.5448294255284862,0.5429798596195559,0.9904224808285781
hopf_core_unknot,1,1,6,0.00032415864563929844,microscopic,9,-1,1.1774534871907841e-06,0.00010003359095498335,0.008612310180569557,0.009115999929662243,0.0008057481709450316,0.0007659798661635628,0.9447466264832072
hopf_core_unknot,1,1,7,0.0004101182834822349,macroscopic,1,2,1.6061842428590787,2.310364108845789,5.127083572792631,5.140551196956487,0.4543648263005688,0.45675396708199384,0.9973801206042204
hopf_core_unknot,1,1,7,0.0004101182834822349,mesoscopic,3,8,0.0483526627813367,0.5087209863842422,6.08947726995879,6.164041302098628,0.5448294255284862,0.5424902600123469,0.9879033853789312
hopf_core_unknot,1,1,7,0.0004101182834822349,microscopic,9,-1,1.1603824218789362e-06,9.856406246641849e-05,0.00848358444289498,0.009115999929662243,0.0008057481709450316,0.0007557729056592643,0.9306257687969625
hopf_core_unknot,1,1,8,0.000518872498725741,macroscopic,1,2,1.6056818404407491,2.309249312637988,5.123519201426943,5.140551196956487,0.4543648263005688,0.45738559227511527,0.996686737496238
hopf_core_unknot,1,1,8,0.000518872498725741,mesoscopic,3,8,0.04824215556989237,0.5073986035575748,6.069907571735904,6.164041302098628,0.5448294255284862,0.5418713506490643,0.9847285691725207
hopf_core_unknot,1,1,8,0.000518872498725741,microscopic,9,-1,1.1391433180870107e-06,9.67362733873898e-05,0.008323539831643027,0.009115999929662243,0.0008057481709450316,0.0007430570758203189,0.9130693172297362
hopf_core_unknot,1,1,9,0.0006564659045383825,macroscopic,1,2,1.6050465594246486,2.307840007744618,5.119013801024495,5.140551196956487,0.4543648263005688,0.45818356315939696,0.9958102944398758
hopf_core_unknot,1,1,9,0.0006564659045383825,mesoscopic,3,8,0.048102755684877735,0.5057316382373285,6.045268933525941,6.164041302098628,0.5448294255284862,0.5410891565999255,0.9807314125990283
hopf_core_unknot,1,1,9,0.0006564659045383825,microscopic,9,-1,1.1128354177594298e-06,9.447310977536385e-05,0.008125471729210536,0.009115999929662243,0.0008057481709450316,0.0007272802406775178,0.8913417937588327
hopf_core_unknot,1,1,10,0.0008305460105897448,macroscopic,1,2,1.6042433714949866,2.3060587621504323,5.113320324772215,5.140551196956487,0.4543648263005688,0.4591913089014159,0.9947027330064538
hopf_core_unknot,1,1,10,0.0008305460105897448,mesoscopic,3,8,0.047927045813722015,0.5036323154467144,6.01428811533761,6.164041302098628,0.5448294255284862,0.5401008848228444,0.9757053563690379
hopf_core_unknot,1,1,10,0.0008305460105897448,microscopic,9,-1,1.0804311447316888e-06,9.168678767748323e-05,0.00788176985405068,0.009115999929662243,0.0008057481709450316,0.0007078062757397232,0.8646083715297601
hopf_core_unknot,1,1,11,0.0010507882754270427,macroscopic,1,2,1.6032280841131814,2.3038080082069747,5.106127704582147,5.140551196956487,0.4543648263005688,0.46046337254154723,0.9933035406018871
hopf_core_unknot,1,1,11,0.0010507882754270427,mesoscopic,3,8,0.0477057857756914,0.5009916927790616,5.975395388527968,6.164041302098628,0.5448294255284862,0.5388527024895391,0.9693957414746015
hopf_core_unknot,1,1,11,0.0010507882754270427,microscopic,9,-1,1.0407994495040524e-06,8.828097572533166e-05,0.007584117304162823,0.009115999929662243,0.0008057481709450316,0.0006839249689136595,0.8319567093770066
hopf_core_unknot,1,1,12,0.0013294338732551514,macroscopic,1,2,1.6019449846372442,2.3009649399964958,5.097044761433503,5.140551196956487,0.4543648263005688,0.46206812330313535,0.9915366205186825
hopf_core_unknot,1,1,12,0.0013294338732551514,mesoscopic,3,8,0.0474275128867937,0.49767525962281184,5.9266691830083875,6.164041302098628,0.5448294255284862,0.5372769977521296,0.9614908292373991
hopf_core_unknot,1,1,12,0.0013294338732551514,microscopic,9,-1,9.92760075468243e-07,8.415561072609883e-05,0.0072239289539677565,0.009115999929662243,0.0008057481709450316,0.0006548789447350844,0.7924450427497327
hopf_core_unknot,1,1,13,0.0016819700644641483,macroscopic,1,2,1.6003239037940862,2.297375197894474,5.085580374296025,5.140551196956487,0.4543648263005688,0.4640910537984024,0.9893064341635176
hopf_core_unknot,1,1,13,0.0016819700644641483,mesoscopic,3,8,0.04707808389721061,0.4935180442547128,5.8657786265018395,6.164041302098628,0.5448294255284862,0.5352890297202735,0.951612479381791
hopf_core_unknot,1,1,13,0.0016819700644641483,microscopic,9,-1,9.351836292081447e-07,7.921567690134568e-05,0.00679313911639046,0.009115999929662243,0.0008057481709450316,0.0006199164813241601,0.7451885880655281
hopf_core_unknot,1,1,14,0.0021279909852353904,macroscopic,1,2,1.5982765704687796,2.292845100981192,5.071119223030841,5.140551196956487,0.4543648263005688,0.4666387427990125,0.9864932822832786
hopf_core_unknot,1,1,14,0.0021279909852353904,mesoscopic,3,8,0.046640168862622775,0.4883194522031506,5.7899296370977025,6.164041302098628,0.5448294255284862,0.5327828765057577,0.9393074045636984
hopf_core_unknot,1,1,14,0.0021279909852353904,microscopic,9,-1,8.671540434926812e-07,7.338534280057565e-05,0.006285456377274485,0.009115999929662243,0.0008057481709450316,0.0005783806952297251,0.6894971945779038
hopf_core_unknot,1,1,15,0.0026922866993389413,macroscopic,1,2,1.59569211085768,2.287132171851553,5.052892415827044,5.140551196956487,0.4543648263005688,0.46984354648267207,0.9829475910712956
hopf_core_unknot,1,1,15,0.0026922866993389413,mesoscopic,3,8,0.046092722999115154,0.48183828311980736,5.695824265810694,6.164041302098628,0.5448294255284862,0.5296266084763916,0.9240405744639442
hopf_core_unknot,1,1,15,0.0026922866993389413,microscopic,9,-1,7.882071236370295e-07,6.662856001131797e-05,0.005698173379102607,0.009115999929662243,0.0008057481709450316,0.0005298450409363238,0.6250738726490677
hopf_core_unknot,1,1,16,0.003406221042160843,macroscopic,1,2,1.5924315295819131,2.279933704404908,5.029942403696888,5.140551196956487,0.4543648263005688,0.47386903965718613,0.9784830869255643
hopf_core_unknot,1,1,16,0.003406221042160843,mesoscopic,3,8,0.04541048780560416,0.4737887130718817,5.579648607415969,6.164041302098628,0.5448294255284862,0.5256566606562865,0.9051932545481655
hopf_core_unknot,1,1,16,0.003406221042160843,microscopic,9,-1,6.986463725630547e-07,5.897609473733394e-05,0.005034513558957085,0.009115999929662243,0.0008057481709450316,0.0004742996865273533,0.552272224418898
hopf_core_unknot,1,1,17,0.004309474838213967,macroscopic,1,2,1.5883210038435291,2.270873173057229,5.001081849912028,5.140551196956487,0.4543648263005688,0.47891614905670904,0.9728687952515611
hopf_core_unknot,1,1,17,0.004309474838213967,mesoscopic,3,8,0.04456361121508805,0.4638385151832903,5.437111804030728,6.164041302098628,0.5448294255284862,0.520671471758251,0.8820693336658196
hopf_core_unknot,1,1,17,0.004309474838213967,microscopic,9,-1,5.999086591270737e-07,5.055644018518121e-05,0.004306269608254431,0.009115999929662243,0.0008057481709450316,0.0004123791850400195,0.47238587554640127
hopf_core_unknot,1,1,18,0.005452251381025419,macroscopic,1,2,1.5831438332489687,2.2594844027424585,4.964846680716417,5.140551196956487,0.4543648263005688,0.48522978232205266,0.9658199073391006
hopf_core_unknot,1,1,18,0.005452251381025419,mesoscopic,3,8,0.04351753202419064,0.45161143933671016,5.263566815893155,6.164041302098628,0.5448294255284862,0.5144246226642537,0.8539149168421544
hopf_core_unknot,1,1,18,0.005452251381025419,microscopic,9,-1,4.949023346275328e-07,4.162374627580168e-05,0.0035361107646735236,0.009115999929662243,0.0008057481709450316,0.0003455950136936778,0.3879015787579696
hopf_core_unknot,1,1,19,0.006898066757065406,macroscopic,1,2,1.5766309320764238,2.2451936608111085,4.919444575749846,5.140551196956487,0.4543648263005688,0.49310552805106794,0.9569877601184968
hopf_core_unknot,1,1,19,0.006898066757065406,mesoscopic,3,8,0.04223334865437029,0.43669645388830614,5.05425088390447,6.164041302098628,0.5448294255284862,0.5066179753901191,0.8199573358120888
hopf_core_unknot,1,1,19,0.006898066757065406,microscopic,9,-1,3.8817283842951287e-07,3.257021852072892e-05,0.0027584551766059472,0.009115999929662243,0.0008057481709450316,0.0002764965588128712,0.3025949098167831
hopf_core_unknot,1,1,20,0.008727280101304084,macroscopic,1,2,1.5684498497933759,2.2273002645067823,4.862701923360408,5.140551196956487,0.4543648263005688,0.50289563993075,0.9459495172890054
hopf_core_unknot,1,1,20,0.008727280101304084,mesoscopic,3,8,0.04066898408672659,0.4186673532700739,4.8046862538805275,6.164041302098628,0.5448294255284862,0.4968957189631631,0.779470159008297
hopf_core_unknot,1,1,20,0.008727280101304084,microscopic,9,-1,2.856913955885708e-07,2.3905708747640613e-05,0.002017435482241627,0.009115999929662243,0.0008057481709450316,0.00020864110608691909,0.22130709717067484
hopf_core_unknot,1,1,21,0.011041559997749386,macroscopic,1,2,1.5581924920640349,2.2049570183639595,4.792015123563656,5.140551196956487,0.4543648263005688,0.5150129576181965,0.9321986962022313
hopf_core_unknot,1,1,21,0.011041559997749386,mesoscopic,3,8,0.038781555000558764,0.39711678790810356,4.511273819447808,6.164041302098628,0.5448294255284862,0.48484080547966796,0.7318694989781925
hopf_core_unknot,1,1,21,0.011041559997749386,microscopic,9,-1,1.9407121046695196e-07,1.618863288054164e-05,0.0013606831367838255,0.009115999929662243,0.0008057481709450316,0.00014623690213546423,0.14926317982477652
hopf_core_unknot,1,1,22,0.013969535269720744,macroscopic,1,2,1.54536203311037,2.1771529293967475,4.704316514542257,5.140551196956487,0.4543648263005688,0.5299305695757118,0.9151385394872622
hopf_core_unknot,1,1,22,0.013969535269720744,mesoscopic,3,8,0.03653142236847623,0.3717085947027841,4.172086316302688,6.164041302098628,0.5448294255284862,0.46997604669728416,0.6768426932639545
hopf_core_unknot,1,1,22,0.013969535269720744,microscopic,9,-1,1.1917722519595466e-07,9.906866077975024e-06,0.0008289889928151387,0.009115999929662243,0.0008057481709450316,9.338372700402108e-05,0.09093780158090169
hopf_core_unknot,1,1,23,0.017673944233581942,macroscopic,1,2,1.5293600176803859,2.1427023336211413,4.596071597384162,5.140551196956487,0.4543648263005688,0.5481737741564509,0.8940814751743569
hopf_core_unknot,1,1,23,0.017673944233581942,mesoscopic,3,8,0.03388838240367039,0.3422506769168171,3.7878171253304083,6.164041302098628,0.5448294255284862,0.45177320792578024,0.6145022298992053
hopf_core_unknot,1,1,23,0.017673944233581942,microscopic,9,-1,6.44521146941055e-08,5.337700031679216e-06,0.00044451989040434486,0.009115999929662243,0.0008057481709450316,5.301791776900253e-05,0.04876260353600231
hopf_core_unknot,1,1,24,0.022360679774997897,macroscopic,1,2,1.5094754084993232,2.1002469163171744,4.4633329475885795,5.140551196956487,0.4543648263005688,0.5702991299733156,0.868259604190138
hopf_core_unknot,1,1,24,0.022360679774997897,mesoscopic,3,8,0.030840252911729538,0.3087867357842586,3.3627655273341244,6.164041302098628,0.5448294255284862,0.42967492612869845,0.5455455864952149
hopf_core_unknot,1,1,24,0.022360679774997897,microscopic,9,-1,2.970191482596318e-08,2.450222676398321e-06,0.00020304476823467508,0.009115999929662243,0.0008057481709450316,2.5943897986017457e-05,0.022273449956268055
hopf_core_unknot,1,1,25,0.02829023297753531,macroscopic,1,2,1.4848783888885637,2.048280102747974,4.301886958185615,5.140551196956487,0.4543648263005688,0.5968530806100626,0.8368532465414582
hopf_core_unknot,1,1,25,0.02829023297753531,mesoscopic,3,8,0.027403590416436155,0.27169817932431006,2.9056517946034184,6.164041302098628,0.5448294255284862,0.40313640075764606,0.4713874635483301
hopf_core_unknot,1,1,25,0.02829023297753531,microscopic,9,-1,1.118864494477232e-08,9.193954851481233e-07,7.58142473277437e-05,0.009115999929662243,0.0008057481709450316,1.051863229125432e-05,0.008316613417366787
hopf_core_unknot,1,1,26,0.03579217134615496,macroscopic,1,2,1.4546230659833803,1.985206590461329,4.107540688373122,5.140551196956487,0.4543648263005688,0.6283000945906412,0.7990467424592583
hopf_core_unknot,1,1,26,0.03579217134615496,mesoscopic,3,8,0.023635311502637903,0.2317975306832809,2.42998321691616,6.164041302098628,0.5448294255284862,0.3716965456638724,0.39421916528833784
hopf_core_unknot,1,1,26,0.03579217134615496,microscopic,9,-1,3.2687361861208234e-09,2.676040273297061e-07,2.196449022799659e-05,0.009115999929662243,0.0008057481709450316,3.3597454863804082e-06,0.0024094438786168787
hopf_core_unknot,1,1,27,0.04528345633243088,macroscopic,1,2,1.4176646818223253,1.9094523775387886,3.876603160404642,5.140551196956487,0.4543648263005688,0.6649086061272516,0.7541220798850953
hopf_core_unknot,1,1,27,0.04528345633243088,mesoscopic,3,8,0.019642557988969453,0.19038315272975626,1.9536719360281005,6.164041302098628,0.5448294255284862,0.33509060124657736,0.31694660049778506
hopf_core_unknot,1,1,27,0.04528345633243088,microscopic,9,-1,6.928647071543201e-10,5.653569181896583e-08,4.6212322892178124e-06,0.009115999929662243,0.0008057481709450316,7.926261711279557e-07,0.0005069364112411784
hopf_core_unknot,1,1,28,0.05729161825862411,macroscopic,1,2,1.3728981079174343,1.819640361850394,3.6066093775822328,5.140551196956487,0.4543648263005688,0.7065850844558929,0.7015997388991205
hopf_core_unknot,1,1,28,0.05729161825862411,mesoscopic,3,8,0.01558647365679068,0.14921600242275537,1.4976717604018983,6.164041302098628,0.5448294255284862,0.29341478838503704,0.24296913128923983
hopf_core_unknot,1,1,28,0.05729161825862411,microscopic,9,-1,9.79110555558005e-11,7.967458579675155e-09,6.490557252193942e-07,0.009115999929662243,0.0008057481709450316,1.2715907003163382e-07,7.119961937553924e-05
hopf_core_unknot,1,1,29,0.07248407671437371,macroscopic,1,2,1.3192244583447585,1.714839708143757,3.29730070733975,5.140551196956487,0.4543648263005688,0.7526578738026208,0.6414294072767817
hopf_core_unknot,1,1,29,0.07248407671437371,mesoscopic,3,8,0.011674363002541608,0.1103791736564353,1.0835750942237097,6.164041302098628,0.5448294255284862,0.2473421137200082,0.17578971994473697
hopf_core_unknot,1,1,29,0.07248407671437371,microscopic,9,-1,8.283515600580241e-12,6.726942695185854e-10,5.466181309584564e-08,0.009115999929662243,0.0008057481709450316,1.2477370939003123e-08,5.99624983738574e-06
hopf_core_unknot,1,1,30,0.09170523606818065,macroscopic,1,2,1.2556503720656518,1.594878516246313,2.9517910929689584,5.140551196956487,0.4543648263005688,0.8016417219117767,0.5742168456014201
hopf_core_unknot,1,1,30,0.09170523606818065,mesoscopic,3,8,0.008135302891448532,0.0759988956911049,0.7303913712862151,6.164041302098628,0.5448294255284862,0.19835827743435183,0.11849229028325035
hopf_core_unknot,1,1,30,0.09170523606818065,microscopic,9,-1,3.6595518220406184e-13,2.9679034404459795e-11,2.4076741638394975e-09,0.009115999929662243,0.0008057481709450316,6.538714975799574e-10,2.6411520210802637e-07
hopf_core_unknot,1,1,31,0.11602341788059299,macroscopic,1,2,1.1814185894409004,1.4606741689836473,2.5776964871546344,5.140551196956487,0.4543648263005688,0.8510696189042707,0.501443597854017
hopf_core_unknot,1,1,31,0.11602341788059299,mesoscopic,3,8,0.005178350032370834,0.04784857018276496,0.45107628284939016,6.164041302098628,0.5448294255284862,0.14893038108033693,0.07317866002874046
hopf_core_unknot,1,1,31,0.11602341788059299,microscopic,9,-1,7.097822513628401e-15,5.752053735773054e-13,4.661982660692187e-11,0.009115999929662243,0.0008057481709450316,1.539231568241494e-11,5.1140661437729065e-09
hopf_core_unknot,1,1,32,0.14679023874587108,macroscopic,1,2,1.0961586736763775,1.314485436217974,2.1877924863843603,5.140551196956487,0.4543648263005688,0.8975557845981909,0.4255949221320204
hopf_core_unknot,1,1,32,0.14679023874587108,mesoscopic,3,8,0.002940951964041182,0.026923632327467518,0.2497078048799697,6.164041302098628,0.5448294255284862,0.1024442154016785,0.040510404236738885
hopf_core_unknot,1,1,32,0.14679023874587108,microscopic,9,-1,4.8515267453133594e-17,3.9303345537885e-15,3.1841689752565454e-13,0.009115999929662243,0.0008057481709450316,1.3063255773415736e-13,3.4929453705848394e-11
hopf_core_unknot,1,1,33,0.18571573381199297,macroscopic,1,2,1.000036158109493,1.1599425975586313,1.7995683553551842,5.140551196956487,0.4543648263005688,0.9373045891097619,0.3500730342731799
hopf_core_unknot,1,1,33,0.18571573381199297,mesoscopic,3,8,0.00144601450330431,0.013143257834133648,0.12037141263889672,6.164041302098628,0.5448294255284862,0.06269541089023778,0.01952800228608376
hopf_core_unknot,1,1,33,0.18571573381199297,microscopic,9,-1,8.85177132011341e-20,7.170183273257592e-18,5.808098101460815e-16,0.009115999929662243,0.0008057481709450316,3.0251459958710115e-16,6.371323109121624e-14
hopf_core_unknot,1,1,34,0.23496340138146393,macroscopic,1,2,0.8938754749017239,1.0017110430962155,1.433053315874182,5.140551196956487,0.4543648263005688,0.9671806948628842,0.27877425220910845
hopf_core_unknot,1,1,34,0.23496340138146393,mesoscopic,3,8,0.0005921499570232493,0.005355839116288991,0.048627742779851615,6.164041302098628,0.5448294255284862,0.032819305137115874,0.007888938505862326
hopf_core_unknot,1,1,34,0.23496340138146393,microscopic,9,-1,3.034721599038107e-23,2.4581391640878253e-21,1.9918652055181622e-19,0.009115999929662243,0.0008057481709450316,1.3443279131391355e-19,2.1850210847818236e-17
hopf_core_unknot,1,1,35,0.2972704512189358,macroscopic,1,2,0.7792485879477195,0.8447552043621509,1.1067816700198767,5.140551196956487,0.4543648263005688,0.9860502539038174,0.21530408464274367
hopf_core_unknot,1,1,35,0.2972704512189358,mesoscopic,3,8,0.00019219569816076524,0.001733354610798379,0.015657744845722816,6.164041302098628,0.5448294255284862,0.013949746096182544,0.00254017519973332
hopf_core_unknot,1,1,35,0.2972704512189358,microscopic,9,-1,1.2541460938393794e-27,1.0306975370412446e-25,8.277538482249337e-23,0.009115999929662243,0.0008057481709450316,7.374597125351736e-23,9.080230963270782e-21
hopf_core_unknot,1,1,36,0.3760999400261539,macroscopic,1,2,0.6585595854566414,0.6934256934968381,0.8328901256576249,5.140551196956487,0.4543648263005688,0.9954969932497019,0.16202350560203457
hopf_core_unknot,1,1,36,0.3760999400261539,mesoscopic,3,8,4.64231386352353e-05,0.0004180962247876047,0.0037674748226509814,6.164041302098628,0.5448294255284862,0.004503006750298206,0.0006112020731217838
hopf_core_unknot,1,1,36,0.3760999400261539,microscopic,9,-1,5.372989560310063e-32,1.181574089377964e-27,5.0716740480809855e-23,0.009115999929662243,0.0008057481709450316,6.061827496899133e-23,5.56348627381889e-21
hopf_core_unknot,1,1,37,0.4758332498493084,macroscopic,1,2,0.5351835275307869,0.5508833399185279,0.6136825894694915,5.140551196956487,0.4543648263005688,0.9989835056951809,0.1193806978973049
hopf_core_unknot,1,1,37,0.4758332498493084,mesoscopic,3,8,7.705478023381171e-06,6.936113695436178e-05,0.0006244395964558732,6.164041302098628,0.5448294255284862,0.001016494304819094,0.00010130360356983244
hopf_core_unknot,1,1,37,0.4758332498493084,microscopic,9,-1,3.2337598139347547e-32,6.409929516391616e-28,2.5416950620803596e-23,0.009115999929662243,0.0008057481709450316,4.1374995593734326e-23,2.788169242750896e-21
hopf_core_unknot,1,1,38,0.6020136074640411,macroscopic,1,2,0.4136596150819589,0.4193809714327112,0.4422663968357203,5.140551196956487,0.4543648263005688,0.9998544192934257,0.08603481998147755
hopf_core_unknot,1,1,38,0.6020136074640411,mesoscopic,3,8,7.949334737048037e-07,7.154609975567731e-06,6.439482919019384e-05,6.164041302098628,0.5448294255284862,0.00014558070657440554,1.044685232207477e-05
hopf_core_unknot,1,1,38,0.6020136074640411,microscopic,9,-1,2.1133924702250001e-32,5.14053552190958e-28,2.303703932632207e-23,0.009115999929662243,0.0008057481709450316,5.208102117334367e-23,2.5270995506880853e-21
hopf_core_unknot,1,1,39,0.7616541796661821,macroscopic,1,2,0.2997404662958564,0.30133579743258376,0.30771712197949325,5.140551196956487,0.4543648263005688,0.999988178029428,0.05986072508366032
hopf_core_unknot,1,1,39,0.7616541796661821,mesoscopic,3,8,4.4911533643171326e-08,4.04205064476908e-07,3.6378657673109796e-06,6.164041302098628,0.5448294255284862,1.182197057208719e-05,5.901754367013116e-07
hopf_core_unknot,1,1,39,0.7616541796661821,microscopic,9,-1,2.9017553681847974e-32,7.42134656948019e-28,3.2971048684960834e-23,0.009115999929662243,0.0008057481709450316,1.0714600048934153e-22,3.616832924458178e-21
hopf_core_unknot,1,1,40,0.9636278685571338,macroscopic,1,2,0.1998811167834764,0.20019816285259787,0.20146634712908368,5.140551196956487,0.4543648263005688,0.9999995238435033,0.039191584600570414
hopf_core_unknot,1,1,40,0.9636278685571338,mesoscopic,3,8,1.1843148951901237e-09,1.0658836024769778e-08,9.592955571186684e-08,6.164041302098628,0.5448294255284862,4.7615649661291393e-07,1.5562769782091885e-08
hopf_core_unknot,1,1,40,0.9636278685571338,microscopic,9,-1,1.32530094188645e-32,2.824351075530056e-28,1.1889601672915594e-23,0.009115999929662243,0.0008057481709450316,5.901529551229021e-23,1.304256446320104e-21
hopf_core_unknot,1,1,41,1.2191604718389941,macroscopic,1,2,0.1198502299123638,0.11989127972475028,0.12005547897429619,5.140551196956487,0.4543648263005688,0.9999999919648325,0.023354592605823322
hopf_core_unknot,1,1,41,1.2191604718389941,mesoscopic,3,8,1.190945531642396e-11,1.0718509840090237e-10,9.64665894457509e-10,6.164041302098628,0.5448294255284862,8.035167532110646e-09,1.5649893425098823e-10
hopf_core_unknot,1,1,41,1.2191604718389941,microscopic,9,-1,1.0669364319689253e-32,3.2083139343134023e-28,1.6113896581225813e-23,0.009115999929662243,0.0008057481709450316,1.342204170056906e-22,1.76764992382167e-21
hopf_core_unknot,1,1,42,1.5424546182129775,macroscopic,1,2,0.06277499481443634,0.06277808562413359,0.06279044886292261,5.140551196956487,0.4543648263005688,0.9999999999543758,0.012214730766634188
hopf_core_unknot,1,1,42,1.5424546182129775,mesoscopic,3,8,3.536749884602552e-14,3.183074896320058e-13,2.864767406972472e-12,6.164041302098628,0.5448294255284862,4.5624254304915434e-11,4.647547390698249e-13
hopf_core_unknot,1,1,42,1.5424546182129775,microscopic,9,-1,6.766104010688818e-33,2.065056064487354e-28,1.0453044572041262e-23,0.009115999929662243,0.0008057481709450316,1.6647507321351244e-22,1.1466701023141142e-21
hopf_core_unknot,1,1,43,1.951479156519718,macroscopic,1,2,0.02770167121386183,0.027701788426776803,0.02770225727843668,5.140551196956487,0.4543648263005688,0.9999999999999344,0.0053889663222959575
hopf_core_unknot,1,1,43,1.951479156519718,mesoscopic,3,8,2.2445875448341287e-17,2.0201287903510826e-16,1.818115911316562e-15,6.164041302098628,0.5448294255284862,6.563060522622668e-14,2.949551799235285e-16
hopf_core_unknot,1,1,43,1.951479156519718,microscopic,9,-1,3.302893750359614e-33,8.930195794222534e-29,4.1523225561222175e-24,0.009115999929662243,0.0008057481709450316,1.4989112671890803e-22,4.554983093638599e-22
hopf_core_unknot,1,1,44,2.468967873261005,macroscopic,1,2,0.009840573218957982,0.0098405750854903,0.009840582551619565,5.140551196956487,0.4543648263005688,1.0,0.0019143049401873047
hopf_core_unknot,1,1,44,2.468967873261005,mesoscopic,3,8,2.0219558934950977e-21,1.8197603041457237e-20,1.6377842737317419e-19,6.164041302098628,0.5448294255284862,1.6643163808043e-17,2.656997566148911e-20
hopf_core_unknot,1,1,44,2.468967873261005,microscopic,9,-1,1.658957797399913e-33,5.206173070633986e-29,2.630191489575506e-24,0.009115999929662243,0.0008057481709450316,2.672800594658523e-22,2.885247378093121e-22
hopf_core_unknot,1,1,45,3.123683047717644,macroscopic,1,2,0.0026566968154819472,0.002656696825397616,0.0026566968650602917,5.140551196956487,0.4543648263005688,1.0,0.0005168116731593326
hopf_core_unknot,1,1,45,3.123683047717644,mesoscopic,3,8,1.5405140812467343e-26,1.386462676267375e-25,1.247816421143009e-24,6.164041302098628,0.5448294255284862,4.696871658764466e-22,2.0243479236879444e-25
hopf_core_unknot,1,1,45,3.123683047717644,microscopic,9,-1,7.517414739244781e-34,1.9892412937993304e-29,8.974789863041186e-25,0.009115999929662243,0.0008057481709450316,3.3781761032181256e-22,9.845096459290683e-23
hopf_core_unknot,1,1,46,3.9520140736829643,macroscopic,1,2,0.0005068305760653349,0.0005068305760784691,0.0005068305761310061,5.140551196956487,0.4543648263005688,1.0,9.85945974881215e-05
hopf_core_unknot,1,1,46,3.9520140736829643,mesoscopic,3,8,5.282346229378377e-33,4.836574006015187e-32,4.662313542311018e-31,6.164041302098628,0.5448294255284862,9.198958709045799e-28,7.563728589429913e-32
hopf_core_unknot,1,1,46,3.9520140736829643,microscopic,9,-1,5.180730613980289e-34,1.1517144303854601e-29,4.278607680013428e-25,0.009115999929662243,0.0008057481709450316,8.441889423236947e-22,4.693514384627639e-23
hopf_core_unknot,1,1,47,5.0,macroscopic,1,2,6.23151718853654e-05,6.23151718853684e-05,6.23151718853804e-05,5.140551196956487,0.4543648263005688,1.0,1.2122274343318418e-05
hopf_core_unknot,1,1,47,5.0,mesoscopic,3,8,1.0777857379603972e-35,2.8382737252394073e-34,8.592076902151573e-33,6.164041302098628,0.5448294255284862,1.3788097893648492e-28,1.393903201009748e-33
hopf_core_unknot,1,1,47,5.0,microscopic,9,-1,4.962811627508908e-34,1.0356410533771139e-29,4.136717554680469e-25,0.009115999929662243,0.0008057481709450316,6.638379433967305e-21,4.53786483830495e-23
trefoil_2_3,2,3,0,0.0,macroscopic,1,2,1.1270166537925832,4.127016653792583,16.127016653792584,16.127016653792584,0.04996773353931862,0.04996773353931862,1.0
trefoil_2_3,2,3,0,0.0,mesoscopic,3,8,0.44763207167314545,8.014377382566222,216.9113606478399,216.9113606478399,0.672075269913819,0.672075269913819,1.0
trefoil_2_3,2,3,0,0.0,microscopic,9,-1,0.007340172005882908,0.7685504509992582,89.71023488231928,89.71023488231926,0.27795699654686223,0.2779569965468623,1.0000000000000002
trefoil_2_3,2,3,1,0.0001,macroscopic,1,2,1.1261915729166718,4.1237925326607225,16.114196371636925,16.127016653792584,0.04996773353931862,0.05056163725573218,0.9992050431626085
trefoil_2_3,2,3,1,0.0001,mesoscopic,3,8,0.44603352350086256,7.971158826064889,215.2767837916241,216.9113606478399,0.672075269913819,0.675475611729006,0.9924643096086168
trefoil_2_3,2,3,1,0.0001,microscopic,9,-1,0.007188240006124688,0.7508494516334057,87.31302639677295,89.71023488231926,0.27795699654686223,0.2739627510152618,0.973278316697187
trefoil_2_3,2,3,2,0.0001265177680741505,macroscopic,1,2,1.1259728880298936,4.122937997725391,16.110798436507377,16.127016653792584,0.04996773353931862,0.05071914701240362,0.9989943448541431
trefoil_2_3,2,3,2,0.0001265177680741505,mesoscopic,3,8,0.44561107137851985,7.959752936752892,214.8459194863259,216.9113606478399,0.672075269913819,0.6763663401529271,0.9904779484331976
trefoil_2_3,2,3,2,0.0001265177680741505,microscopic,9,-1,0.007148540806085312,0.7462352892519539,86.6905491451125,89.71023488231926,0.27795699654686223,0.2729145128346692,0.9663395626912811
trefoil_2_3,2,3,3,0.0001600674563846453,macroscopic,1,2,1.1256962777252104,4.12185711739511,16.106500476074707,16.127016653792584,0.04996773353931862,0.050918438669787354,0.998727838002632
trefoil_2_3,2,3,3,0.0001600674563846453,mesoscopic,3,8,0.44507746016341343,7.945355155857969,214.30234574334662,216.9113606478399,0.672075269913819,0.67748676161735,0.9879719766788561
trefoil_2_3,2,3,3,0.0001600674563846453,microscopic,9,-1,0.0070986634511753495,0.740444617268852,85.91076013236491,89.71023488231926,0.27795699654686223,0.27159479971286254,0.9576472544639032
trefoil_2_3,2,3,4,0.00020251377323091753,macroscopic,1,2,1.1253464204501158,4.120490024902758,16.10106444271333,16.127016653792584,0.04996773353931862,0.05117060210653481,0.9983907618106694
trefoil_2_3,2,3,4,0.00020251377323091753,mesoscopic,3,8,0.44440372942741735,7.927191571176017,213.61709411919418,216.9113606478399,0.672075269913819,0.6788939554412105,0.9848128446624147
trefoil_2_3,2,3,4,0.00020251377323091753,microscopic,9,-1,0.007036113552218679,0.7331928795086685,84.93642394997431,89.71023488231926,0.27795699654686223,0.26993544245225476,0.946786328910997
trefoil_2_3,2,3,5,0.0002562159059345033,macroscopic,1,2,1.1249039551009878,4.118761071127606,16.09418953523408,16.127016653792584,0.04996773353931862,0.05148967603258551,0.9979644642736334
trefoil_2_3,2,3,5,0.0002562159059345033,mesoscopic,3,8,0.4435535456874009,7.90429457019156,212.75405745589802,216.9113606478399,0.672075269913819,0.6806579150220592,0.9808340919556936
trefoil_2_3,2,3,5,0.0002562159059345033,microscopic,9,-1,0.006957853065857316,0.7241357019911832,83.72294737895461,89.71023488231926,0.27795699654686223,0.26785240894535534,0.9332597054146755
trefoil_2_3,2,3,6,0.00032415864563929844,macroscopic,1,2,1.124344423840012,4.116574695197837,16.085495780629138,16.127016653792584,0.04996773353931862,0.051893436559299955,0.997425384120647
trefoil_2_3,2,3,6,0.00032415864563929844,mesoscopic,3,8,0.44248142772125154,7.875458223532275,211.6684136585185,216.9113606478399,0.672075269913819,0.682863714342187,0.9758290807191355
trefoil_2_3,2,3,6,0.00032415864563929844,microscopic,9,-1,0.006860221847520485,0.7128616108734915,82.21777189762086,89.71023488231926,0.27795699654686223,0.2652428490985131,0.9164815141268228
trefoil_2_3,2,3,7,0.0004101182834822349,macroscopic,1,2,1.1236369429593138,4.1138102334237825,16.074503395281656,16.127016653792584,0.04996773353931862,0.05240440044296659,0.9967437710496455
trefoil_2_3,2,3,7,0.0004101182834822349,mesoscopic,3,8,0.4411306059779392,7.8391857161427545,210.30481235296654,216.9113606478399,0.672075269913819,0.6856135664422931,0.9695426358714367
trefoil_2_3,2,3,7,0.0004101182834822349,microscopic,9,-1,0.006738873006035183,0.6988871999880837,80.36025687172784,89.71023488231926,0.27795699654686223,0.2619820331147403,0.8957757938895534
trefoil_2_3,2,3,8,0.000518872498725741,macroscopic,1,2,1.1227425346842363,4.110315404942202,16.060606885974067,16.127016653792584,0.04996773353931862,0.05305110459563048,0.9958820797892027
trefoil_2_3,2,3,8,0.000518872498725741,mesoscopic,3,8,0.43943047823465436,7.793628873759937,208.5953608179271,216.9113606478399,0.672075269913819,0.6890284024434591,0.9616617598770495
trefoil_2_3,2,3,8,0.000518872498725741,microscopic,9,-1,0.006588741949724853,0.681657324425259,78.08243912838354,89.71023488231926,0.27795699654686223,0.2579204929609105,0.870384959205726
trefoil_2_3,2,3,9,0.0006564659045383825,macroscopic,1,2,1.1216120379884946,4.105898154910011,16.043042622596076,16.127016653792584,0.04996773353931862,0.05386974355613234,0.9947929593551477
trefoil_2_3,2,3,9,0.0006564659045383825,mesoscopic,3,8,0.43729364551605643,7.73652097016779,206.45750573683512,216.9113606478399,0.672075269913819,0.6932483538762988,0.9518058672455758
trefoil_2_3,2,3,9,0.0006564659045383825,microscopic,9,-1,0.006404079990985832,0.6605541373312498,75.3112020506892,89.71023488231926,0.27795699654686223,0.2528819025675689,0.8394939791371796
trefoil_2_3,2,3,10,0.0008305460105897448,macroscopic,1,2,1.1201834995004545,4.1003164702639285,16.020848353317824,16.127016653792584,0.04996773353931862,0.05490627482022973,0.9934167426775867
trefoil_2_3,2,3,10,0.0008305460105897448,mesoscopic,3,8,0.4346125555925767,7.665105954151548,203.7920051032164,216.9113606478399,0.672075269913819,0.698431168661901,0.9395174346542271
trefoil_2_3,2,3,10,0.0008305460105897448,microscopic,9,-1,0.006178597397318324,0.6349202372083126,71.9725281919597,89.71023488231926,0.27795699654686223,0.2466625565178693,0.8022777811960067
trefoil_2_3,2,3,11,0.0010507882754270427,macroscopic,1,2,1.1183789268570636,4.093265710826005,15.992812846701769,16.127016653792584,0.04996773353931862,0.056219142101456426,0.991678324021619
trefoil_2_3,2,3,11,0.0010507882754270427,mesoscopic,3,8,0.4312558579272033,7.576070380726911,200.481335217778,216.9113606478399,0.672075269913819,0.7047471124269675,0.92425465692073
trefoil_2_3,2,3,11,0.0010507882754270427,microscopic,9,-1,0.0059057764573791135,0.6041025647210579,67.99858219953212,89.71023488231926,0.27795699654686223,0.23903374547157605,0.7579802046971764
trefoil_2_3,2,3,12,0.0013294338732551514,macroscopic,1,2,1.1161002675533167,4.084362924549457,15.95741355253402,16.127016653792584,0.04996773353931862,0.05788282429304507,0.989483293475816
trefoil_2_3,2,3,12,0.0013294338732551514,mesoscopic,3,8,0.42706469949933024,7.465489115965148,196.38909695636318,216.9113606478399,0.672075269913819,0.7123683017157756,0.9053887097928677
trefoil_2_3,2,3,12,0.0013294338732551514,microscopic,9,-1,0.005579428374626932,0.5675243400822009,63.33826727157108,89.71023488231926,0.27795699654686223,0.22974887399117933,0.7060316735839273
trefoil_2_3,2,3,13,0.0016819700644641483,macroscopic,1,2,1.113224458782504,4.073127549425553,15.91273991199775,16.127016653792584,0.04996773353931862,0.05999250071212551,0.9867131815887075
trefoil_2_3,2,3,13,0.0016819700644641483,mesoscopic,3,8,0.421849384483373,7.32880273333779,191.3612833479256,216.9113606478399,0.672075269913819,0.7214497309082456,0.8822095937086698
trefoil_2_3,2,3,13,0.0016819700644641483,microscopic,9,-1,0.005194569928271542,0.5247911121268303,57.971461144121776,89.71023488231926,0.27795699654686223,0.21855776837962895,0.6462078849773162
trefoil_2_3,2,3,14,0.0021279909852353904,macroscopic,1,2,1.109597382294883,4.058957863406064,15.856399787850789,16.127016653792584,0.04996773353931862,0.06267024067028733,0.9832196573147238
trefoil_2_3,2,3,14,0.0021279909852353904,mesoscopic,3,8,0.41538710114204447,7.160853602903808,185.23063693327123,216.9113606478399,0.672075269913819,0.7320986321884455,0.8539462219961683
trefoil_2_3,2,3,14,0.0021279909852353904,microscopic,9,-1,0.004748671743527962,0.4758321806931154,51.92618962457622,89.71023488231926,0.27795699654686223,0.20523112714126723,0.5788212425560175
trefoil_2_3,2,3,15,0.0026922866993389413,macroscopic,1,2,1.1050265604506642,4.041102557801064,15.785406547202667,16.127016653792584,0.04996773353931862,0.06607328802551322,0.9788175262713839
trefoil_2_3,2,3,15,0.0026922866993389413,mesoscopic,3,8,0.40742179669497824,6.9560184392418805,177.8257037643404,216.9113606478399,0.672075269913819,0.7443285611952128,0.8198081614224169
trefoil_2_3,2,3,15,0.0026922866993389413,microscopic,9,-1,0.004243258025264375,0.42106825656971136,45.29642734735725,89.71023488231926,0.27795699654686223,0.18959815077927394,0.5049192815822691
trefoil_2_3,2,3,16,0.003406221042160843,macroscopic,1,2,1.0992724579586919,4.018626929151071,15.696044813920587,16.127016653792584,0.04996773353931862,0.07040522779048275,0.9732764063481856
trefoil_2_3,2,3,16,0.003406221042160843,mesoscopic,3,8,0.3976677397820905,6.708485428758492,168.98643579282822,216.9113606478399,0.672075269913819,0.7579953196198903,0.7790575619834924
trefoil_2_3,2,3,16,0.003406221042160843,microscopic,9,-1,0.0036856945871598947,0.3615789354891271,38.256146346210926,89.71023488231926,0.27795699654686223,0.17159945258962686,0.4264412683390569
trefoil_2_3,2,3,17,0.004309474838213967,macroscopic,1,2,1.0920383284763209,3.990373490149214,15.583714136840786,16.127016653792584,0.04996773353931862,0.07593109273851183,0.9663110339243043
trefoil_2_3,2,3,17,0.004309474838213967,mesoscopic,3,8,0.3858187803954501,6.4127292153864115,158.58801731250406,216.9113606478399,0.672075269913819,0.7727144725598538,0.7311190010465842
trefoil_2_3,2,3,17,0.004309474838213967,microscopic,9,-1,0.003090778805503926,0.29922076319502133,31.063220067911683,89.71023488231926,0.27795699654686223,0.1513544347016343,0.3462617181713995
trefoil_2_3,2,3,18,0.005452251381025419,macroscopic,1,2,1.0829586977640142,3.9549174171789327,15.442752294838607,16.127016653792584,0.04996773353931862,0.0829977728291068,0.9575703074137362
trefoil_2_3,2,3,18,0.005452251381025419,mesoscopic,3,8,0.3715656349837868,6.064228349748731,146.5735292153029,216.9113606478399,0.672075269913819,0.7877660826456517,0.6757300713873999
trefoil_2_3,2,3,18,0.005452251381025419,microscopic,9,-1,0.0024814764903893206,0.23662523944969052,24.04596773400845,89.71023488231926,0.27795699654686223,0.12923614452524138,0.2680404054849666
trefoil_2_3,2,3,19,0.006898066757065406,macroscopic,1,2,1.0715868527548484,3.9105183687266836,15.266244432614023,16.127016653792584,0.04996773353931862,0.09206135965362225,0.9466254522050033
trefoil_2_3,2,3,19,0.006898066757065406,mesoscopic,3,8,0.3546233962559902,5.660434810113218,132.99353479310952,216.9113606478399,0.672075269913819,0.8020024631623514,0.6131238787858018
trefoil_2_3,2,3,19,0.006898066757065406,microscopic,9,-1,0.0018879541004647269,0.17700065210790342,17.56706159058367,89.71023488231926,0.27795699654686223,0.10593617718402645,0.19582003785440888
trefoil_2_3,2,3,20,0.008727280101304084,macroscopic,1,2,1.0573821768847158,3.8550720962449576,15.045831773685924,16.127016653792584,0.04996773353931862,0.10372311125309025,0.9329581593845259
trefoil_2_3,2,3,20,0.008727280101304084,mesoscopic,3,8,0.3347704750832123,5.201931064973552,118.04627215307052,216.9113606478399,0.672075269913819,0.813788616257135,0.54421433621783
trefoil_2_3,2,3,20,0.008727280101304084,microscopic,9,-1,0.0013441492452586452,0.12369265490027632,11.965555758877604,89.71023488231926,0.27795699654686223,0.08248827248977482,0.13338005161366334
trefoil_2_3,2,3,21,0.011041559997749386,macroscopic,1,2,1.0396989289717693,3.786068294491852,14.771545756572184,16.127016653792584,0.04996773353931862,0.11877512648802312,0.9159503008945158
trefoil_2_3,2,3,21,0.011041559997749386,mesoscopic,3,8,0.3118978977292799,4.693593956457824,102.10635110741072,216.9113606478399,0.672075269913819,0.8210173104339693,0.4707284616280772
trefoil_2_3,2,3,21,0.011041559997749386,microscopic,9,-1,0.0008817650712344602,0.07954176146122524,7.487752690275399,89.71023488231926,0.27795699654686223,0.06020756307800764,0.0834659802206263
trefoil_2_3,2,3,22,0.013969535269720744,macroscopic,1,2,1.0177792207276162,3.7005657565042385,14.431711899610729,16.127016653792584,0.04996773353931862,0.13825455903575387,0.8948779684069359
trefoil_2_3,2,3,22,0.013969535269720744,mesoscopic,3,8,0.28606415557451254,4.145451086403099,85.72506799750629,216.9113606478399,0.672075269913819,0.8212387800386267,0.3952078293247292
trefoil_2_3,2,3,22,0.013969535269720744,microscopic,9,-1,0.0005228463838186133,0.04620092741144692,4.2282906587014,89.71023488231926,0.27795699654686223,0.04050666092561946,0.04713275652714563
trefoil_2_3,2,3,23,0.017673944233581942,macroscopic,1,2,0.9907546263791744,3.5952025801243868,14.012994395105236,16.127016653792584,0.04996773353931862,0.16349890457568744,0.8689142385060914
trefoil_2_3,2,3,23,0.017673944233581942,mesoscopic,3,8,0.2575461872251009,3.5728320102671107,69.5865150004379,216.9113606478399,0.672075269913819,0.8119120478479144,0.3208062260667529
trefoil_2_3,2,3,23,0.017673944233581942,microscopic,9,-1,0.0002735734217418318,0.023684001646352575,2.1074525652833063,89.71023488231926,0.27795699654686223,0.02458904757639813,0.02349177402163572
trefoil_2_3,2,3,24,0.022360679774997897,macroscopic,1,2,0.9576631312130798,3.466268203255423,13.500688491424796,16.127016653792584,0.04996773353931862,0.1961790005189176,0.837147302644463
trefoil_2_3,2,3,24,0.022360679774997897,mesoscopic,3,8,0.22687308579233736,2.9954797361083734,54.41594338364877,216.9113606478399,0.672075269913819,0.7907200726895379,0.2508671893492669
trefoil_2_3,2,3,24,0.022360679774997897,microscopic,9,-1,0.00012251569790987026,0.010405302949468233,0.9015823869718826,89.71023488231926,0.27795699654686223,0.013100926791544525,0.01004993898583107
trefoil_2_3,2,3,25,0.02829023297753531,macroscopic,1,2,0.9174909101790931,3.309875069336674,12.879411705966998,16.127016653792584,0.04996773353931862,0.23824871288048302,0.7986233277025948
trefoil_2_3,2,3,25,0.02829023297753531,mesoscopic,3,8,0.19482792607877752,2.4355486951396053,40.860012345713706,216.9113606478399,0.672075269913819,0.7558454975965095,0.1883719332342891
trefoil_2_3,2,3,25,0.02829023297753531,microscopic,9,-1,4.514638497881577e-05,0.003771464383631469,0.3192592052061002,89.71023488231926,0.27795699654686223,0.005905789523007447,0.003558782402307834
trefoil_2_3,2,3,26,0.03579217134615496,macroscopic,1,2,0.8692512632487319,3.1222788771970182,12.134389332990164,16.127016653792584,0.04996773353931862,0.2916723355433463,0.7524261674360289
trefoil_2_3,2,3,26,0.03579217134615496,mesoscopic,3,8,0.1624065974376317,1.9147780236129324,29.379284900157955,216.9113606478399,0.672075269913819,0.706185075183411,0.13544373523088923
trefoil_2_3,2,3,26,0.03579217134615496,microscopic,9,-1,1.3003808599203514e-05,0.0010724803828706599,0.08913773866753961,89.71023488231926,0.27795699654686223,0.002142589273242565,0.0009936183846187602
trefoil_2_3,2,3,27,0.04528345633243088,macroscopic,1,2,0.8121147221824441,2.900402819215579,11.25355520734812,16.127016653792584,0.04996773353931862,0.357689636960611,0.6978076261055777
trefoil_2_3,2,3,27,0.04528345633243088,mesoscopic,3,8,0.13073199533386837,1.451383699504846,20.189858331637858,216.9113606478399,0.672075269913819,0.6417263668119947,0.09307884230377639
trefoil_2_3,2,3,27,0.04528345633243088,microscopic,9,-1,2.738093586333992e-06,0.0002238614756084282,0.018373564975796005,89.71023488231926,0.27795699654686223,0.0005839962273942902,0.0002048101311951553
trefoil_2_3,2,3,28,0.05729161825862411,macroscopic,1,2,0.7456024470764298,2.6426131682796425,10.230656053092494,16.127016653792584,0.04996773353931862,0.43547783515692484,0.6343799521461122
trefoil_2_3,2,3,28,0.05729161825862411,mesoscopic,3,8,0.10093821543140812,1.0573131430917915,13.259725469442255,216.9113606478399,0.672075269913819,0.5644131238741438,0.06112969569615902
trefoil_2_3,2,3,28,0.05729161825862411,microscopic,9,-1,3.8652144286987874e-07,3.144076398423392e-05,0.0025616932913051665,89.71023488231926,0.27795699654686223,0.00010904096893144824,2.85551954541816e-05
trefoil_2_3,2,3,29,0.07248407671437371,macroscopic,1,2,0.6698454307179637,2.3497545141618783,9.069390847937536,16.127016653792584,0.04996773353931862,0.5209011167069105,0.5623725108391137
trefoil_2_3,2,3,29,0.07248407671437371,mesoscopic,3,8,0.07405832510025713,0.7366966473259092,8.341357843303413,216.9113606478399,0.672075269913819,0.4790864886385168,0.03845514508041735
trefoil_2_3,2,3,29,0.07248407671437371,microscopic,9,-1,3.2760958722141934e-08,2.6581432659359627e-06,0.00021580289068093034,89.71023488231926,0.27795699654686223,1.2394654572620992e-05,2.405554850725983e-06
trefoil_2_3,2,3,30,0.09170523606818065,macroscopic,1,2,0.5858891388194003,2.0263605085617247,7.788245987531023,16.127016653792584,0.04996773353931862,0.6072950306027697,0.4829316019649217
trefoil_2_3,2,3,30,0.09170523606818065,mesoscopic,3,8,0.05095062014539297,0.48648886608988745,5.036229442261144,216.9113606478399,0.672075269913819,0.39270422610651623,0.023217914576809866
trefoil_2_3,2,3,30,0.09170523606818065,microscopic,9,-1,1.4508144010294472e-09,1.1758848799688463e-07,9.532320586081588e-06,89.71023488231926,0.27795699654686223,7.432907141489758e-07,1.0625677882335237e-07
trefoil_2_3,2,3,31,0.11602341788059299,macroscopic,1,2,0.4959821956446103,1.6817908441095133,6.425025437969125,16.127016653792584,0.04996773353931862,0.6890160970826427,0.39840136436258683
trefoil_2_3,2,3,31,0.11602341788059299,mesoscopic,3,8,0.03225583432102727,0.2994112777382035,2.8999022925853595,216.9113606478399,0.672075269913819,0.31098388307544844,0.013369065981257713
trefoil_2_3,2,3,31,0.11602341788059299,microscopic,9,-1,2.818760874712873e-11,2.283662401983796e-09,1.8502436959834322e-07,89.71023488231926,0.27795699654686223,1.9841908835480543e-08,2.0624666721813382e-09
trefoil_2_3,2,3,32,0.14679023874587108,macroscopic,1,2,0.40373070525984633,1.3308160785837424,5.0391575718793264,16.127016653792584,0.04996773353931862,0.7641374874936888,0.31246681764257184
trefoil_2_3,2,3,32,0.14679023874587108,mesoscopic,3,8,0.018318307609844157,0.16723684415538512,1.5554116691095703,216.9113606478399,0.672075269913819,0.23586251231443223,0.007170724781146034
trefoil_2_3,2,3,32,0.14679023874587108,microscopic,9,-1,1.9283553914729794e-13,1.5620588654279004e-11,1.2653593231155343e-09,89.71023488231926,0.27795699654686223,1.9187899567538546e-10,1.4104960540738932e-11
trefoil_2_3,2,3,33,0.18571573381199297,macroscopic,1,2,0.31394725267611256,0.9929612195751758,3.7090170871714285,16.127016653792584,0.04996773353931862,0.8326712921730525,0.22998780039699288
trefoil_2_3,2,3,33,0.18571573381199297,mesoscopic,3,8,0.009030418818693039,0.08175996679890443,0.7453421804453879,216.9113606478399,0.672075269913819,0.16732870782642922,0.00343616018183329
trefoil_2_3,2,3,33,0.18571573381199297,microscopic,9,-1,3.5194455106267987e-16,2.850787682613046e-14,2.3091748941177122e-12,89.71023488231926,0.27795699654686223,5.18407868647734e-13,2.574037284761163e-14
trefoil_2_3,2,3,34,0.23496340138146393,macroscopic,1,2,0.2320262967509071,0.6899306637344896,2.52154813166882,16.127016653792584,0.04996773353931862,0.8928815784108022,0.15635552351685755
trefoil_2_3,2,3,34,0.23496340138146393,mesoscopic,3,8,0.003708990022256163,0.03345830815154193,0.3025084875267556,216.9113606478399,0.672075269913819,0.10711842158919752,0.0013946179979843674
trefoil_2_3,2,3,34,0.23496340138146393,microscopic,9,-1,1.206700938423043e-19,9.774296917005257e-18,7.917200004153225e-16,89.71023488231926,0.27795699654686223,2.8034848700761584e-16,8.825302948475062e-18
trefoil_2_3,2,3,35,0.2972704512189358,macroscopic,1,2,0.16281049478522722,0.44097257270358514,1.553620884377017,16.127016653792584,0.04996773353931862,0.9406930526414401,0.0963365337637729
trefoil_2_3,2,3,35,0.2972704512189358,mesoscopic,3,8,0.0012063788082601447,0.010866469213592283,0.09794960401395454,216.9113606478399,0.672075269913819,0.05930694735855998,0.0004515651172968195
trefoil_2_3,2,3,35,0.2972704512189358,microscopic,9,-1,4.988154338730514e-24,4.040409100317525e-22,3.274377401535157e-20,89.71023488231926,0.27795699654686223,1.9825841067947344e-20,3.6499485324394076e-22
trefoil_2_3,2,3,36,0.3760999400261539,macroscopic,1,2,0.10921746259902806,0.2572701264708635,0.8494807819582053,16.127016653792584,0.04996773353931862,0.9729185187943644,0.05267439106652334
trefoil_2_3,2,3,36,0.3760999400261539,mesoscopic,3,8,0.0002917078620050871,0.0026260544810540066,0.023645554470129372,216.9113606478399,0.672075269913819,0.027081481205635555,0.00010901021689001538
trefoil_2_3,2,3,36,0.3760999400261539,microscopic,9,-1,1.4189563473068741e-29,1.295765425103141e-27,6.853607604786933e-24,89.71023488231926,0.27795699654686223,7.849502779658131e-24,7.639716486950914e-26
trefoil_2_3,2,3,37,0.4758332498493084,macroscopic,1,2,0.07126290038586461,0.13792933311799851,0.40459506404653417,16.127016653792584,0.04996773353931862,0.9903939820007923,0.025088029158287357
trefoil_2_3,2,3,37,0.4758332498493084,mesoscopic,3,8,4.843891497281009e-05,0.00043597786920280635,0.003924243824432366,216.9113606478399,0.672075269913819,0.009606017999207675,1.8091462857049048e-05
trefoil_2_3,2,3,37,0.4758332498493084,microscopic,9,-1,4.888970067693881e-33,1.5170813902937546e-28,7.766770072647491e-24,89.71023488231926,0.27795699654686223,1.9012002426824526e-23,8.657618701852516e-26
trefoil_2_3,2,3,38,0.6020136074640411,macroscopic,1,2,0.0462011601667123,0.0704958720316658,0.16767471949147977,16.127016653792584,0.04996773353931862,0.9975914343463791,0.010397131911688562
trefoil_2_3,2,3,38,0.6020136074640411,mesoscopic,3,8,4.997759046726786e-06,4.4980317307331777e-05,0.00040483063150225783,216.9113606478399,0.672075269913819,0.002408565653620845,1.8663413031625798e-06
trefoil_2_3,2,3,38,0.6020136074640411,microscopic,9,-1,3.738994859702618e-33,1.1579998296205157e-28,5.994357490356557e-24,89.71023488231926,0.27795699654686223,3.566381208166341e-23,6.681910373125072e-26
trefoil_2_3,2,3,39,0.7616541796661821,macroscopic,1,2,0.02994639317999805,0.03672068024059761,0.06381782848299586,16.127016653792584,0.04996773353931862,0.9996417383290349,0.003957199887183588
trefoil_2_3,2,3,39,0.7616541796661821,mesoscopic,3,8,2.8236546304922364e-07,2.5412921037227368e-06,2.2871675914508796e-05,216.9113606478399,0.672075269913819,0.0003582616709650317,1.0544249893688803e-07
trefoil_2_3,2,3,39,0.7616541796661821,microscopic,9,-1,2.0624110312963636e-33,6.320088768398779e-29,3.2245655641032815e-24,89.71023488231926,0.27795699654686223,5.050955826105899e-23,3.594423276600742e-26
trefoil_2_3,2,3,40,0.9636278685571338,macroscopic,1,2,0.018935661569805105,0.020281940742961163,0.0256670574355854,16.127016653792584,0.04996773353931862,0.9999765025503103,0.0015915564537815053
trefoil_2_3,2,3,40,0.9636278685571338,mesoscopic,3,8,7.445980841502209e-09,6.701383215362128e-08,6.03124562664236e-07,216.9113606478399,0.672075269913819,2.349744968969454e-05,2.7805116378547884e-09
trefoil_2_3,2,3,40,0.9636278685571338,microscopic,9,-1,1.6401847289863433e-33,3.4013971730327243e-29,1.3488081691272578e-24,89.71023488231926,0.27795699654686223,5.2548932769565857e-23,1.5035164838177128e-26
trefoil_2_3,2,3,41,1.2191604718389941,macroscopic,1,2,0.011147587490516472,0.011321898143952487,0.012019140757696552,16.127016653792584,0.04996773353931862,0.9999994953874283,0.0007452798627122405
trefoil_2_3,2,3,41,1.2191604718389941,mesoscopic,3,8,7.487669822253315e-11,6.738902852899511e-10,6.065012588204003e-09,216.9113606478399,0.672075269913819,5.04612571729691e-07,2.796078808454241e-11
trefoil_2_3,2,3,41,1.2191604718389941,microscopic,9,-1,8.639335343688165e-34,3.122415092208282e-29,1.7103061419955752e-24,89.71023488231926,0.27795699654686223,1.4229846487640032e-22,1.9064782789155919e-26
trefoil_2_3,2,3,42,1.5424546182129775,macroscopic,1,2,0.005813377961815835,0.0058265025299113595,0.005879000802293456,16.127016653792584,0.04996773353931862,0.9999999969363395,0.000364543605832446
trefoil_2_3,2,3,42,1.5424546182129775,mesoscopic,3,8,2.2236126493910215e-13,2.0012513844932883e-12,1.80112624611015e-11,216.9113606478399,0.672075269913819,3.063660477626527e-09,8.303512737787468e-14
trefoil_2_3,2,3,42,1.5424546182129775,microscopic,9,-1,4.0233291453430125e-34,8.297660024430848e-30,3.3032357981151894e-25,89.71023488231926,0.27795699654686223,5.618702733815875e-23,3.682116987485689e-27
trefoil_2_3,2,3,43,1.951479156519718,macroscopic,1,2,0.0025636310055483446,0.002564128729133708,0.002566119623475162,16.127016653792584,0.04996773353931862,0.9999999999955455,0.00015911930139116516
trefoil_2_3,2,3,43,1.951479156519718,mesoscopic,3,8,1.4112089977607024e-16,1.2700880979847178e-15,1.1430792881863828e-14,216.9113606478399,0.672075269913819,4.454505073435658e-12,5.269799077247023e-17
trefoil_2_3,2,3,43,1.951479156519718,microscopic,9,-1,1.4610670112614136e-34,4.1987254037847345e-30,2.119273789951048e-25,89.71023488231926,0.27795699654686223,8.258671071115482e-23,2.362354521455756e-27
trefoil_2_3,2,3,44,2.468967873261005,macroscopic,1,2,0.0009106336207813245,0.0009106415466754715,0.0009106732502520597,16.127016653792584,0.04996773353931862,0.9999999999999989,5.646879827819221e-05
trefoil_2_3,2,3,44,2.468967873261005,mesoscopic,3,8,1.2712367593220933e-20,1.144113083389885e-19,1.0297017750509014e-18,216.9113606478399,0.672075269913819,1.1307038773411817e-15,4.747108551509405e-21
trefoil_2_3,2,3,44,2.468967873261005,microscopic,9,-1,5.417347953925923e-35,1.1944643395382398e-30,5.1301614609927187e-26,89.71023488231926,0.27795699654686223,5.633372298541509e-23,5.718591047858028e-28
trefoil_2_3,2,3,45,3.123683047717644,macroscopic,1,2,0.0002458465229346239,0.0002458465650397302,0.0002458467334601553,16.127016653792584,0.04996773353931862,1.0,1.5244402528866965e-05
trefoil_2_3,2,3,45,3.123683047717644,mesoscopic,3,8,9.685478196540499e-26,8.716930377114698e-25,7.845237340363392e-24,216.9113606478399,0.672075269913819,3.1911090417782095e-20,3.61679412130944e-26
trefoil_2_3,2,3,45,3.123683047717644,microscopic,9,-1,1.428701447546355e-35,3.690975002763827e-31,1.811274488125215e-26,89.71023488231926,0.27795699654686223,7.36749462818781e-23,2.0190276956706464e-28
trefoil_2_3,2,3,46,3.9520140736829643,macroscopic,1,2,4.6901297583690915e-05,4.690129763946314e-05,4.6901297862552064e-05,16.127016653792584,0.04996773353931862,1.0,2.908243903346023e-06
trefoil_2_3,2,3,46,3.9520140736829643,mesoscopic,3,8,3.2419977968211816e-32,2.917859483050851e-31,2.6263399046988166e-30,216.9113606478399,0.672075269913819,5.59971690420063e-26,1.210789465731458e-32
trefoil_2_3,2,3,46,3.9520140736829643,microscopic,9,-1,2.707429190420679e-36,6.644873850449529e-32,2.933641488672556e-27,89.71023488231926,0.27795699654686223,6.254926030554257e-23,3.270130205902225e-29
trefoil_2_3,2,3,47,5.0,macroscopic,1,2,5.766547160853377e-06,5.766547160866121e-06,5.766547160917102e-06,16.127016653792584,0.04996773353931862,1.0,3.575706086693341e-07
trefoil_2_3,2,3,47,5.0,mesoscopic,3,8,4.910129290036249e-38,1.6236284473437417e-36,6.774953573200604e-35,216.9113606478399,0.672075269913819,1.1748717879423581e-29,3.123374245113829e-37
trefoil_2_3,2,3,47,5.0,microscopic,9,-1,4.565635036124033e-37,1.1501339561924355e-32,5.077379090226399e-28,89.71023488231926,0.27795699654686223,8.804886093082609e-23,5.659754538472495e-30
cinquefoil_2_5,2,5,0,0.0,macroscopic,1,2,1.0,4.0,16.0,16.0,0.019712052588420192,0.019712052588420185,1.0
cinquefoil_2_5,2,5,0,0.0,mesoscopic,3,8,0.3427234704061435,9.514110004736352,342.03675055990544,342.0367505599053,0.4213904008880758,0.4213904008880758,1.0000000000000004
cinquefoil_2_5,2,5,0,0.0,microscopic,9,-1,0.023708442833703124,3.0509133879425816,453.64939568136305,453.6493956813629,0.5588975465235041,0.558897546523504,1.0000000000000004
cinquefoil_2_5,2,5,1,0.0001,macroscopic,1,2,0.9992003199146835,3.996801279658734,15.987205118634936,16.0,0.019712052588420192,0.02017956910147069,0.9992003199146835
cinquefoil_2_5,2,5,1,0.0001,mesoscopic,3,8,0.3408274699806695,9.445989825883796,339.1694697712928,342.0367505599053,0.4213904008880758,0.4281107111324394,0.9916170388593659
cinquefoil_2_5,2,5,1,0.0001,microscopic,9,-1,0.023107221335112296,2.961853528770391,437.0904260389907,453.6493956813629,0.5588975465235041,0.5517097197660898,0.9634983099283064
cinquefoil_2_5,2,5,2,0.0001265177680741505,macroscopic,1,2,0.9989883698984989,3.9959534795939957,15.983813918375983,16.0,0.019712052588420192,0.02030370637107788,0.9989883698984989
cinquefoil_2_5,2,5,2,0.0001265177680741505,mesoscopic,3,8,0.34032697349375923,9.428021843924096,338.41358028521483,342.0367505599053,0.4213904008880758,0.4298754978745597,0.9894070731617015
cinquefoil_2_5,2,5,2,0.0001265177680741505,microscopic,9,-1,0.022950750562445756,2.938785196877814,432.8388682920353,453.6493956813629,0.5588975465235041,0.5498207957543624,0.9541264077778148
cinquefoil_2_5,2,5,3,0.0001600674563846453,macroscopic,1,2,0.9987202798899665,3.994881119559866,15.979524478239464,16.0,0.019712052588420192,0.020460864971670642,0.9987202798899665
cinquefoil_2_5,2,5,3,0.0001600674563846453,mesoscopic,3,8,0.3396951202132684,9.405346515758456,337.4599043940782,342.0367505599053,0.4213904008880758,0.43209806065022793,0.986618846780836
cinquefoil_2_5,2,5,3,0.0001600674563846453,microscopic,9,-1,0.022754530306060734,2.909920236032313,427.5404808413784,453.6493956813629,0.5588975465235041,0.5474410743781014,0.9424469312898125
cinquefoil_2_5,2,5,4,0.00020251377323091753,macroscopic,1,2,0.9983812014842142,3.9935248059368567,15.974099223747427,16.0,0.019712052588420192,0.020659868411645795,0.9983812014842142
cinquefoil_2_5,2,5,4,0.00020251377323091753,mesoscopic,3,8,0.33889789012733074,9.376749723567949,336.2575762268855,342.0367505599053,0.4213904008880758,0.43489383532429793,0.9831036450803622
cinquefoil_2_5,2,5,4,0.00020251377323091753,microscopic,9,-1,0.022509032161885732,2.873905372335169,420.9629502587429,453.6493956813629,0.5588975465235041,0.5444462962640563,0.9279477814061093
cinquefoil_2_5,2,5,5,0.0002562159059345033,macroscopic,1,2,0.9979523720088729,3.9918094880354915,15.967237952141966,16.0,0.019712052588420192,0.02091192504607347,0.9979523720088729
cinquefoil_2_5,2,5,5,0.0002562159059345033,mesoscopic,3,8,0.3378927237754041,9.340715619479116,334.7431775506129,342.0367505599053,0.4213904008880758,0.4384054561975029,0.9786760545545092
cinquefoil_2_5,2,5,5,0.0002562159059345033,microscopic,9,-1,0.022202774785503525,2.8291304801791286,412.83659975111135,453.6493956813629,0.5588975465235041,0.5406826187564236,0.9100344973039094
cinquefoil_2_5,2,5,6,0.00032415864563929844,macroscopic,1,2,0.9974100904526082,3.989640361810433,15.958561447241731,16.0,0.019712052588420192,0.021231291785250055,0.9974100904526082
cinquefoil_2_5,2,5,6,0.00032415864563929844,mesoscopic,3,8,0.3366265407764664,9.295358463989007,332.8379567506715,342.0367505599053,0.4213904008880758,0.44280806890656976,0.9731058320657777
cinquefoil_2_5,2,5,6,0.00032415864563929844,microscopic,9,-1,0.021822117551746404,2.7737137973014065,402.8563538298062,453.6493956813629,0.5588975465235041,0.53596063930818,0.8880345872052412
cinquefoil_2_5,2,5,7,0.0004101182834822349,macroscopic,1,2,0.9967244301548228,3.9868977206192913,15.947590882477165,16.0,0.019712052588420192,0.021636136043526266,0.9967244301548228
cinquefoil_2_5,2,5,7,0.0004101182834822349,mesoscopic,3,8,0.3350333963878125,9.238343206359328,330.4446244512644,342.0367505599053,0.4213904008880758,0.4483150403196795,0.966108536320542
cinquefoil_2_5,2,5,7,0.0004101182834822349,microscopic,9,-1,0.02135115558968726,2.7055080905127715,390.68906620353334,453.6493956813629,0.5588975465235041,0.5300488236367943,0.861213681584948
cinquefoil_2_5,2,5,8,0.000518872498725741,macroscopic,1,2,0.9958576234193223,3.983430493677289,15.933721974709156,16.0,0.019712052588420192,0.02214966427063365,0.9958576234193223
cinquefoil_2_5,2,5,8,0.000518872498725741,mesoscopic,3,8,0.33303177178953214,9.166795615677355,327.44378742008973,342.0367505599053,0.4213904008880758,0.4551836645807992,0.9573351018101791
cinquefoil_2_5,2,5,8,0.000518872498725741,microscopic,9,-1,0.020771809109842766,2.6221422517198296,375.98878799122156,453.6493956813629,0.5588975465235041,0.5226666711485672,0.8288091895868213
cinquefoil_2_5,2,5,9,0.0006564659045383825,macroscopic,1,2,0.9947620389738389,3.9790481558953554,15.916192623581422,16.0,0.019712052588420192,0.022801614266437082,0.9947620389738389
cinquefoil_2_5,2,5,9,0.0006564659045383825,mesoscopic,3,8,0.3305215413009829,9.077204969214554,323.69018872581603,342.0367505599053,0.4213904008880758,0.46372012451150524,0.9463608463007077
cinquefoil_2_5,2,5,9,0.0006564659045383825,microscopic,9,-1,0.02006424132493116,2.5211175079402164,358.4228212149718,453.6493956813629,0.5588975465235041,0.5134782612220576,0.7900877299233152
cinquefoil_2_5,2,5,10,0.0008305460105897448,macroscopic,1,2,0.993377656921158,3.973510627684632,15.894042510738528,16.0,0.019712052588420192,0.023630251621093445,0.993377656921158
cinquefoil_2_5,2,5,10,0.0008305460105897448,mesoscopic,3,8,0.32738074288248664,8.965325993171994,319.0090968132532,342.0367505599053,0.4213904008880758,0.47428243771349154,0.9326749137074997
cinquefoil_2_5,2,5,10,0.0008305460105897448,microscopic,9,-1,0.019207785125334526,2.399981207530264,337.71104886140944,453.6493956813629,0.5588975465235041,0.502087310665415,0.744431827918962
cinquefoil_2_5,2,5,11,0.0010507882754270427,macroscopic,1,2,0.9916289279896471,3.9665157119585883,15.866062847834353,16.0,0.019712052588420192,0.024685075277718578,0.9916289279896471
cinquefoil_2_5,2,5,11,0.0010507882754270427,mesoscopic,3,8,0.32346241458676833,8.826092608104682,313.1934587370345,342.0367505599053,0.4213904008880758,0.4872793067542916,0.9156719511115252
cinquefoil_2_5,2,5,11,0.0010507882754270427,microscopic,9,-1,0.018182597267265246,2.256601583286683,313.6795695191187,453.6493956813629,0.5588975465235041,0.48803561796798983,0.6914581447815769
cinquefoil_2_5,2,5,12,0.0013294338732551514,macroscopic,1,2,0.9894208856653802,3.957683542661521,15.830734170646084,16.0,0.019712052588420192,0.02603053394494233,0.9894208856653802
cinquefoil_2_5,2,5,12,0.0013294338732551514,mesoscopic,3,8,0.318591971081445,8.653564858196358,306.00283646112973,342.0367505599053,0.4213904008880758,0.5031615802455857,0.8946489988581959
cinquefoil_2_5,2,5,12,0.0013294338732551514,microscopic,9,-1,0.01697226613414807,2.0895601866312656,286.32660787743055,453.6493956813629,0.5588975465235041,0.47080788580947197,0.631162767113091
cinquefoil_2_5,2,5,13,0.0016819700644641483,macroscopic,1,2,0.9866343635476831,3.9465374541907323,15.78614981676293,16.0,0.019712052588420192,0.02775119929576013,0.9866343635476831
cinquefoil_2_5,2,5,13,0.0016819700644641483,mesoscopic,3,8,0.3125659045000071,8.440942948103118,297.16570707328367,342.0367505599053,0.4213904008880758,0.5224012730513424,0.8688122156079168
cinquefoil_2_5,2,5,13,0.0016819700644641483,microscopic,9,-1,0.0155675344062154,1.8986599125579657,255.89382248117835,453.6493956813629,0.5588975465235041,0.4498475276528974,0.5640783938372413
cinquefoil_2_5,2,5,14,0.0021279909852353904,macroscopic,1,2,0.9831201603703937,3.932480641481575,15.7299225659263,16.0,0.019712052588420192,0.029959056468158402,0.9831201603703937
cinquefoil_2_5,2,5,14,0.0021279909852353904,mesoscopic,3,8,0.30515301923635685,8.180698821860432,286.38742593660936,342.0367505599053,0.4213904008880758,0.5454506867052821,0.837300159903287
cinquefoil_2_5,2,5,14,0.0021279909852353904,microscopic,9,-1,0.013971103720035311,1.685510986240526,222.92998009556777,453.6493956813629,0.5588975465235041,0.42459025682655965,0.49141469649868275
cinquefoil_2_5,2,5,15,0.0026922866993389413,macroscopic,1,2,0.9786919991168002,3.9147679964672006,15.659071985868803,16.0,0.019712052588420192,0.032803892789097656,0.9786919991168002
cinquefoil_2_5,2,5,15,0.0026922866993389413,mesoscopic,3,8,0.29609994137308676,7.8648950164543505,273.3669484534712,342.0367505599053,0.4213904008880758,0.5726712334704754,0.7992326789620606
cinquefoil_2_5,2,5,15,0.0026922866993389413,microscopic,9,-1,0.012203102308496964,1.4541033870377704,188.3280572167448,453.6493956813629,0.5588975465235041,0.39452487374042694,0.4151401038105292
cinquefoil_2_5,2,5,16,0.003406221042160843,macroscopic,1,2,0.9731181570641263,3.892472628256505,15.56989051302602,16.0,0.019712052588420192,0.036488250160827976,0.9731181570641263
cinquefoil_2_5,2,5,16,0.003406221042160843,mesoscopic,3,8,0.28514320869011855,7.485778340446046,257.8260472324671,342.0367505599053,0.4213904008880758,0.604218848008285,0.7537963298107954
cinquefoil_2_5,2,5,16,0.003406221042160843,microscopic,9,-1,0.010306186581898991,1.2112080485305095,153.31376865037853,453.6493956813629,0.5588975465235041,0.359292901830887,0.33795651467827376
cinquefoil_2_5,2,5,17,0.004309474838213967,macroscopic,1,2,0.9661117205576311,3.8644468822305242,15.457787528922097,16.0,0.019712052588420192,0.041289157779145276,0.9661117205576311
cinquefoil_2_5,2,5,17,0.004309474838213967,mesoscopic,3,8,0.2720306551033185,7.036742393566299,239.55473984475364,342.0367505599053,0.4213904008880758,0.6398725193812942,0.7003771947096584
cinquefoil_2_5,2,5,17,0.004309474838213967,microscopic,9,-1,0.008348479640835765,0.9663897251827243,119.36632558344766,453.6493956813629,0.5588975465235041,0.3188383228395605,0.2631246216126097
cinquefoil_2_5,2,5,18,0.005452251381025419,macroscopic,1,2,0.9573195731383062,3.8292782925532247,15.317113170212899,16.0,0.019712052588420192,0.04759007283823176,0.9573195731383062
cinquefoil_2_5,2,5,18,0.005452251381025419,mesoscopic,3,8,0.2565546679669016,6.513729702936975,218.475056024972,342.0367505599053,0.4213904008880758,0.6787991780190435,0.6387473149225457
cinquefoil_2_5,2,5,18,0.005452251381025419,microscopic,9,-1,0.0064218840764074595,0.7313966448850328,88.06304675035169,453.6493956813629,0.5588975465235041,0.27361074914272465,0.1941213800540494
cinquefoil_2_5,2,5,19,0.006898066757065406,macroscopic,1,2,0.946310505323945,3.78524202129578,15.14096808518312,16.0,0.019712052588420192,0.055928506204698504,0.946310505323945
cinquefoil_2_5,2,5,19,0.006898066757065406,mesoscopic,3,8,0.2385985831266736,5.917063338289532,194.72081454414413,342.0367505599053,0.4213904008880758,0.7192700112137116,0.5692979313637825
cinquefoil_2_5,2,5,19,0.006898066757065406,microscopic,9,-1,0.004633277637432025,0.5187641712833178,60.85826896238041,453.6493956813629,0.5588975465235041,0.22480148258158997,0.1341526507953874
cinquefoil_2_5,2,5,20,0.008727280101304084,macroscopic,1,2,0.9325633064534139,3.7302532258136556,14.921012903254622,16.0,0.019712052588420192,0.06706840815474124,0.9325633064534139
cinquefoil_2_5,2,5,20,0.008727280101304084,mesoscopic,3,8,0.21819417281972572,5.253527486344802,168.72240365150714,342.0367505599053,0.4213904008880758,0.7583897357584896,0.4932873539913853
cinquefoil_2_5,2,5,20,0.008727280101304084,microscopic,9,-1,0.0030874623045348275,0.33967827740024914,38.83111823408601,453.6493956813629,0.5588975465235041,0.17454185608676928,0.08559720040134355
cinquefoil_2_5,2,5,21,0.011041559997749386,macroscopic,1,2,0.9154564551733609,3.6618258206934438,14.647303282773775,16.0,0.019712052588420192,0.08211248533664438,0.9154564551733609
cinquefoil_2_5,2,5,21,0.011041559997749386,mesoscopic,3,8,0.19558224672130128,4.538242556833997,141.2724601218247,342.0367505599053,0.4213904008880758,0.7919705481805427,0.4130329851706443
cinquefoil_2_5,2,5,21,0.011041559997749386,microscopic,9,-1,0.0018640699234630741,0.20149980214062008,22.461188319403433,453.6493956813629,0.5588975465235041,0.125916966482813,0.04951221920105866
cinquefoil_2_5,2,5,22,0.013969535269720744,macroscopic,1,2,0.8942621785922075,3.57704871436883,14.30819485747532,16.0,0.019712052588420192,0.10267735745501572,0.8942621785922075
cinquefoil_2_5,2,5,22,0.013969535269720744,mesoscopic,3,8,0.17126027937657645,3.795552219561455,113.53408067913087,342.0367505599053,0.4213904008880758,0.8147344582134561,0.33193532710528484
cinquefoil_2_5,2,5,22,0.013969535269720744,microscopic,9,-1,0.000995437175136562,0.10576350598535776,11.508748020305335,453.6493956813629,0.5588975465235041,0.08258818433152819,0.02536925680903788
cinquefoil_2_5,2,5,23,0.017673944233581942,macroscopic,1,2,0.8681493179150708,3.472597271660283,13.890389086641132,16.0,0.019712052588420192,0.13115190480865985,0.8681493179150708
cinquefoil_2_5,2,5,23,0.017673944233581942,mesoscopic,3,8,0.1459935805416927,3.057930271762224,86.9473020829061,342.0367505599053,0.4213904008880758,0.8209492343964682,0.2542045611782232
cinquefoil_2_5,2,5,23,0.017673944233581942,microscopic,9,-1,0.0004560997560837908,0.047677939205918035,5.073001526118137,453.6493956813629,0.5588975465235041,0.04789886079487195,0.011182648041443317
cinquefoil_2_5,2,5,24,0.022360679774997897,macroscopic,1,2,0.8362016906807811,3.3448067627231244,13.379227050892498,16.0,0.019712052588420192,0.17100096679894197,0.8362016906807811
cinquefoil_2_5,2,5,24,0.022360679774997897,mesoscopic,3,8,0.12076598105916057,2.3621374291021384,63.00783921382513,342.0367505599053,0.4213904008880758,0.8053082125366614,0.18421365280392513
cinquefoil_2_5,2,5,24,0.022360679774997897,microscopic,9,-1,0.00017249840368079234,0.01777245470439421,1.8535852435478684,453.6493956813629,0.5588975465235041,0.023690820664396588,0.004085942274350126
cinquefoil_2_5,2,5,25,0.02829023297753531,macroscopic,1,2,0.7974613863858603,3.189845545543441,12.759382182173765,16.0,0.019712052588420192,0.22686661330218907,0.7974613863858603
cinquefoil_2_5,2,5,25,0.02829023297753531,mesoscopic,3,8,0.09665966858750702,1.7428128404687842,42.947283232042516,342.0367505599053,0.4213904008880758,0.7636188459811031,0.12556335879620809
cinquefoil_2_5,2,5,25,0.02829023297753531,microscopic,9,-1,5.123135966684421e-05,0.005216138723178091,0.5351147069429016,453.6493956813629,0.5588975465235041,0.009514540716707895,0.0011795776915765118
cinquefoil_2_5,2,5,26,0.03579217134615496,macroscopic,1,2,0.7510092046494288,3.004036818597715,12.01614727439086,16.0,0.019712052588420192,0.30378707195772453,0.7510092046494288
cinquefoil_2_5,2,5,26,0.03579217134615496,mesoscopic,3,8,0.07468308930071156,1.2252487056511119,27.4237646094763,342.0367505599053,0.4213904008880758,0.6933158326484479,0.08017783049506906
cinquefoil_2_5,2,5,26,0.03579217134615496,microscopic,9,-1,1.1200479833703335e-05,0.001130627768757829,0.1145931744094614,453.6493956813629,0.5588975465235041,0.0028970953938275415,0.00025260294734295223
cinquefoil_2_5,2,5,27,0.04528345633243088,macroscopic,1,2,0.6960960323443783,2.7843841293775133,11.137536517510053,16.0,0.019712052588420192,0.40451031204084603,0.6960960323443783
cinquefoil_2_5,2,5,27,0.04528345633243088,mesoscopic,3,8,0.055597411226859905,0.8202993208875229,16.379099412676865,342.0367505599053,0.4213904008880758,0.5948815165681881,0.04788695771979094
cinquefoil_2_5,2,5,27,0.04528345633243088,microscopic,9,-1,1.6578542349499928e-06,0.00016646667577787288,0.01674501458717596,453.6493956813629,0.5588975465235041,0.0006081713909658525,3.6911797406950427e-05
cinquefoil_2_5,2,5,28,0.05729161825862411,macroscopic,1,2,0.6323369070677376,2.5293476282709504,10.117390513083802,16.0,0.019712052588420192,0.5248743161756946,0.6323369070677376
cinquefoil_2_5,2,5,28,0.05729161825862411,mesoscopic,3,8,0.039801219219898244,0.5237867503322254,9.156946502746365,342.0367505599053,0.4213904008880758,0.47504799065242986,0.0267718205361169
cinquefoil_2_5,2,5,28,0.05729161825862411,microscopic,9,-1,1.4923968726683235e-07,1.4945279448223264e-05,0.0014976007319099493,453.6493956813629,0.5588975465235041,7.769317187558712e-05,3.301229421149375e-06
cinquefoil_2_5,2,5,29,0.07248407671437371,macroscopic,1,2,0.5599696944813048,2.2398787779252194,8.959515111700878,16.0,0.019712052588420192,0.6506772749685165,0.5599696944813048
cinquefoil_2_5,2,5,29,0.07248407671437371,mesoscopic,3,8,0.02730940344255499,0.32020277874674186,4.8099355883511095,342.0367505599053,0.4213904008880758,0.3493175403337471,0.014062628008473856
cinquefoil_2_5,2,5,29,0.07248407671437371,microscopic,9,-1,7.132562046553956e-09,7.135232789027588e-07,7.139081001647414e-05,453.6493956813629,0.5588975465235041,5.184697736448812e-06,1.5737001017988364e-07
cinquefoil_2_5,2,5,30,0.09170523606818065,macroscopic,1,2,0.48015712324744153,1.9206284929897661,7.6825139719590645,16.0,0.019712052588420192,0.7619583211342532,0.48015712324744153
cinquefoil_2_5,2,5,30,0.09170523606818065,mesoscopic,3,8,0.017828385352168775,0.18827265205351038,2.4000753197374385,342.0367505599053,0.4213904008880758,0.238041527538746,0.007017010060493726
cinquefoil_2_5,2,5,30,0.09170523606818065,microscopic,9,-1,1.5255117691040427e-10,1.5256168612178003e-08,1.5257682290997548e-06,453.6493956813629,0.5588975465235041,1.5132700083959265e-07,3.3633203165808544e-09
cinquefoil_2_5,2,5,31,0.11602341788059299,macroscopic,1,2,0.3952695494883012,1.5810781979532047,6.324312791812819,16.0,0.019712052588420192,0.844822913874152,0.3952695494883012
cinquefoil_2_5,2,5,31,0.11602341788059299,mesoscopic,3,8,0.010904770392149682,0.10630260868836888,1.16164986142509,342.0367505599053,0.4213904008880758,0.15517708455235046,0.003396272065862804
cinquefoil_2_5,2,5,31,0.11602341788059299,microscopic,9,-1,1.177891132126057e-12,1.1779006714937184e-10,1.1779144091318919e-08,453.6493956813629,0.5588975465235041,1.5734975738477166e-09,2.5965303169041203e-11
cinquefoil_2_5,2,5,32,0.14679023874587108,macroscopic,1,2,0.309028457774632,1.236113831098528,4.944455324394112,16.0,0.019712052588420192,0.8995329969403036,0.309028457774632
cinquefoil_2_5,2,5,32,0.14679023874587108,mesoscopic,3,8,0.006084385089913884,0.05650520860933967,0.5522361157084634,342.0367505599053,0.4213904008880758,0.10046700305513998,0.0016145519883593422
cinquefoil_2_5,2,5,32,0.14679023874587108,microscopic,9,-1,2.5045262454879724e-15,2.5045275980837967e-13,2.5045295458519104e-11,453.6493956813629,0.5588975465235041,4.556431033344962e-12,5.52084841221977e-14
cinquefoil_2_5,2,5,33,0.18571573381199297,macroscopic,1,2,0.2263379889663544,0.9053519558654176,3.6214078234616704,16.0,0.019712052588420192,0.935443155328838,0.2263379889663544
cinquefoil_2_5,2,5,33,0.18571573381199297,mesoscopic,3,8,0.002980880604195545,0.027076996726537884,0.24992075789784643,342.0367505599053,0.4213904008880758,0.06455684467115928,0.0007306839323222801
cinquefoil_2_5,2,5,33,0.18571573381199297,microscopic,9,-1,1.0415965407761113e-18,1.0415965590820755e-16,1.0415965885053896e-14,453.6493956813629,0.5588975465235041,2.6905403832696715e-15,2.296038743622603e-17
cinquefoil_2_5,2,5,34,0.23496340138146393,macroscopic,1,2,0.1526347889945275,0.61053915597811,2.44215662391244,16.0,0.019712052588420192,0.9607333351408995,0.1526347889945275
cinquefoil_2_5,2,5,34,0.23496340138146393,mesoscopic,3,8,0.001223371140100114,0.011031565764724817,0.0998147375312403,342.0367505599053,0.4213904008880758,0.03926666485910045,0.00029182459887087036
cinquefoil_2_5,2,5,34,0.23496340138146393,microscopic,9,-1,5.496692698610159e-23,5.4966928721694855e-21,5.496768306917477e-19,453.6493956813629,0.5588975465235041,2.1624037116593073e-19,1.2116776434059954e-21
cinquefoil_2_5,2,5,35,0.2972704512189358,macroscopic,1,2,0.09272069263945264,0.37088277055781055,1.4835310822312422,16.0,0.019712052588420192,0.9787015587353516,0.09272069263945264
cinquefoil_2_5,2,5,35,0.2972704512189358,mesoscopic,3,8,0.00039817894549561475,0.0035845521195233244,0.032284509345229646,342.0367505599053,0.4213904008880758,0.02129844126464833,9.438900729930554e-05
cinquefoil_2_5,2,5,35,0.2972704512189358,microscopic,9,-1,2.1291071973585233e-28,2.1616317422951226e-26,2.0084768862119414e-23,453.6493956813629,0.5588975465235041,1.3250140039284687e-23,4.4273769684963234e-26
cinquefoil_2_5,2,5,36,0.3760999400261539,macroscopic,1,2,0.04935088795727848,0.19740355182911393,0.7896142073164557,16.0,0.019712052588420192,0.9902136886968734,0.04935088795727848
cinquefoil_2_5,2,5,36,0.3760999400261539,mesoscopic,3,8,9.633529577022564e-05,0.0008670359475715526,0.007803780669139946,342.0367505599053,0.4213904008880758,0.009786311303126651,2.281562041612593e-05
cinquefoil_2_5,2,5,36,0.3760999400261539,microscopic,9,-1,1.9863172496329084e-33,4.670686947047516e-29,2.123835900369221e-24,453.6493956813629,0.5588975465235041,2.6633910099449446e-24,4.681668091234435e-27
cinquefoil_2_5,2,5,37,0.4758332498493084,macroscopic,1,2,0.022222144244044638,0.08888857697617855,0.3555543079047142,16.0,0.019712052588420192,0.9963680862226636,0.022222144244044638
cinquefoil_2_5,2,5,37,0.4758332498493084,mesoscopic,3,8,1.6000561543806378e-05,0.00014400517875584146,0.0012960497303421746,342.0367505599053,0.4213904008880758,0.0036319137773363768,3.789211914276974e-06
cinquefoil_2_5,2,5,37,0.4758332498493084,microscopic,9,-1,1.7697316611242654e-33,5.778755747773862e-29,2.9117577173428767e-24,453.6493956813629,0.5588975465235041,8.159604313247381e-24,6.4185199959751634e-27
cinquefoil_2_5,2,5,38,0.6020136074640411,macroscopic,1,2,0.00809823728831783,0.03239294915327132,0.1295717966130853,16.0,0.019712052588420192,0.9989689688583773,0.00809823728831783
cinquefoil_2_5,2,5,38,0.6020136074640411,mesoscopic,3,8,1.6509929617804078e-06,1.4858936883249233e-05,0.00013373043762988218,342.0367505599053,0.4213904008880758,0.0010310311416227718,3.909826573050087e-07
cinquefoil_2_5,2,5,38,0.6020136074640411,microscopic,9,-1,4.130978150561903e-34,1.3244303720269228e-29,7.023292213615488e-25,453.6493956813629,0.5588975465235041,5.414797945248211e-24,1.54817625251474e-27
cinquefoil_2_5,2,5,39,0.7616541796661821,macroscopic,1,2,0.0022580956868665193,0.009032382747466077,0.03612953098986431,16.0,0.019712052588420192,0.9997909169881537,0.0022580956868665193
cinquefoil_2_5,2,5,39,0.7616541796661821,mesoscopic,3,8,9.327964088355607e-08,8.395167680296126e-07,7.555650914206712e-06,342.0367505599053,0.4213904008880758,0.0002090830118463567,2.209017277189749e-08
cinquefoil_2_5,2,5,39,0.7616541796661821,microscopic,9,-1,1.4556394515281744e-34,4.928373979006988e-30,2.648113941311249e-25,453.6493956813629,0.5588975465235041,7.327967435877945e-24,5.837358026971225e-28
cinquefoil_2_5,2,5,40,0.9636278685571338,macroscopic,1,2,0.0004487597243853529,0.0017950388975414115,0.007180155590165646,16.0,0.019712052588420192,0.9999722516653489,0.0004487597243853529
cinquefoil_2_5,2,5,40,0.9636278685571338,mesoscopic,3,8,2.459788750876815e-09,2.213809875789453e-08,1.9924288882113057e-07,342.0367505599053,0.4213904008880758,2.774833465108495e-05,5.825189500688892e-10
cinquefoil_2_5,2,5,40,0.9636278685571338,microscopic,9,-1,3.127433523069503e-35,8.528699635025963e-31,4.3413255304527444e-26,453.6493956813629,0.5588975465235041,6.0461155909282244e-24,9.569781359307777e-29
cinquefoil_2_5,2,5,41,1.2191604718389941,macroscopic,1,2,5.810355114533868e-05,0.00023241420458135472,0.0009296568183254189,16.0,0.019712052588420192,0.9999978448175435,5.810355114533868e-05
cinquefoil_2_5,2,5,41,1.2191604718389941,mesoscopic,3,8,2.4735609672293898e-11,2.226204870506451e-10,2.0035843834558062e-09,342.0367505599053,0.4213904008880758,2.1551824564412068e-06,5.857804403111627e-12
cinquefoil_2_5,2,5,41,1.2191604718389941,microscopic,9,-1,3.117232936732781e-36,1.097259316294882e-31,6.0051916869049245e-27,453.6493956813629,0.5588975465235041,6.459565106442417e-24,1.3237517219405465e-29
cinquefoil_2_5,2,5,42,1.5424546182129775,macroscopic,1,2,4.374856031841418e-06,1.749942412736567e-05,6.999769650946268e-05,16.0,0.019712052588420192,0.9999999149965986,4.374856031841418e-06
cinquefoil_2_5,2,5,42,1.5424546182129775,mesoscopic,3,8,7.345731849427118e-14,6.611158664484406e-13,5.9500427980359654e-12,342.0367505599053,0.4213904008880758,8.500340138275449e-08,1.7395916632630556e-14
cinquefoil_2_5,2,5,42,1.5424546182129775,microscopic,9,-1,1.7150412162542e-37,4.268945288138057e-33,1.9639596946570147e-28,453.6493956813629,0.5588975465235041,2.8057487969597134e-24,4.329245698006998e-31
cinquefoil_2_5,2,5,43,1.951479156519718,macroscopic,1,2,1.6590786178783133e-07,6.636314471513253e-07,2.6545257886053013e-06,16.0,0.019712052588420192,0.9999999985774571,1.6590786178783133e-07
cinquefoil_2_5,2,5,43,1.951479156519718,mesoscopic,3,8,4.6619463530049055e-17,4.195751717704415e-16,3.776176545933973e-15,342.0367505599053,0.4213904008880758,1.4225427972000298e-09,1.1040265526299353e-17
cinquefoil_2_5,2,5,43,1.951479156519718,microscopic,9,-1,9.586267926582495e-39,2.7601068346204994e-34,1.3508415348620024e-29,453.6493956813629,0.5588975465235041,5.088824296749854e-24,2.977721446830307e-32
cinquefoil_2_5,2,5,44,2.468967873261005,macroscopic,1,2,2.6419647156868795e-09,1.0567858862747518e-08,4.227143545099007e-08,16.0,0.019712052588420192,0.9999999999919529,2.6419647156868795e-09
cinquefoil_2_5,2,5,44,2.468967873261005,mesoscopic,3,8,4.1995463346200976e-21,3.7795917011580877e-20,3.401632531042279e-19,342.0367505599053,0.4213904008880758,8.047118567711741e-12,9.945225258612985e-22
cinquefoil_2_5,2,5,44,2.468967873261005,microscopic,9,-1,1.4868681624080582e-40,4.188919799554406e-36,1.9870325887006626e-31,453.6493956813629,0.5588975465235041,4.7006508472806855e-24,4.380106327963296e-34
cinquefoil_2_5,2,5,45,3.123683047717644,macroscopic,1,2,1.4035035429627517e-11,5.6140141718510067e-11,2.2456056687404027e-10,16.0,0.019712052588420192,0.9999999999999885,1.4035035429627517e-11
cinquefoil_2_5,2,5,45,3.123683047717644,mesoscopic,3,8,3.1996096837817926e-26,2.879648715403613e-25,2.591683843863252e-24,342.0367505599053,0.4213904008880758,1.1541135115306956e-14,7.577208705265539e-27
cinquefoil_2_5,2,5,45,3.123683047717644,microscopic,9,-1,4.135457900964245e-43,8.06723994457855e-39,3.4493170066697616e-34,453.6493956813629,0.5588975465235041,1.536029702224835e-24,7.603486391707914e-37
cinquefoil_2_5,2,5,46,3.9520140736829643,macroscopic,1,2,1.8590743683911117e-14,7.436297473564447e-14,2.9745189894257787e-13,16.0,0.019712052588420192,1.0,1.8590743683911117e-14
cinquefoil_2_5,2,5,46,3.9520140736829643,mesoscopic,3,8,1.070987281341215e-32,9.638885532070951e-32,8.674996978863918e-31,342.0367505599053,0.4213904008880758,2.9164369128934687e-18,2.5362762816168654e-33
cinquefoil_2_5,2,5,46,3.9520140736829643,microscopic,9,-1,1.0565240996239871e-45,4.203013723442808e-41,2.3813342830221423e-36,453.6493956813629,0.5588975465235041,8.00577939319813e-24,5.249283490051773e-39
cinquefoil_2_5,2,5,47,5.0,macroscopic,1,2,4.248354255291587e-18,1.699341702116635e-17,6.79736680846654e-17,16.0,0.019712052588420192,1.0,4.248354255291587e-18
cinquefoil_2_5,2,5,47,5.0,mesoscopic,3,8,6.876418724819781e-41,6.188776852963711e-40,5.56989916995956e-39,342.0367505599053,0.4213904008880758,8.194201264851423e-23,1.628450498620917e-41
cinquefoil_2_5,2,5,47,5.0,microscopic,9,-1,3.1618191781487244e-49,7.753442019913378e-45,3.5276152427679837e-40,453.6493956813629,0.5588975465235041,5.189679095108008e-24,7.776082755427568e-43
torus_knot_3_4,3,4,0,0.0,macroscopic,1,2,0.13899825191387916,0.13899825191387916,0.13899825191387916,0.13899825191387907,0.00010211156663524416,0.00010211156663524418,1.0000000000000007
torus_knot_3_4,3,4,0,0.0,mesoscopic,3,8,1.4749562978469801,23.214897052396687,656.2508800727322,656.2508800727321,0.48209818862688397,0.4820981886268838,1.0000000000000002
torus_knot_3_4,3,4,0,0.0,microscopic,9,-1,0.03179676130373108,4.426493461867632,704.8491712180862,704.8491712180858,0.5177996998064809,0.5177996998064809,1.0000000000000007
torus_knot_3_4,3,4,1,0.0001,macroscopic,1,2,0.13897045504327604,0.13897045504327604,0.13897045504327604,0.13899825191387907,0.00010211156663524416,0.00010460837274482577,0.999800019998667
torus_knot_3_4,3,4,1,0.0001,mesoscopic,3,8,1.4703264053499123,23.08421794741976,650.5499951040831,656.2508800727321,0.48209818862688397,0.4896938443196469,0.9913129488405148
torus_knot_3_4,3,4,1,0.0001,microscopic,9,-1,0.03092537684132345,4.288252937128013,677.7941318911196,704.8491712180858,0.5177996998064809,0.5102015473076082,0.961615845727376
torus_knot_3_4,3,4,2,0.0001265177680741505,macroscopic,1,2,0.13896308486612646,0.13896308486612646,0.13896308486612646,0.13899825191387907,0.00010211156663524416,0.00010527172294319946,0.9997469964746435
torus_knot_3_4,3,4,2,0.0001265177680741505,mesoscopic,3,8,1.4691030356930836,23.04975552449457,649.0481092162694,656.2508800727321,0.48209818862688397,0.4916875067651709,0.9890243638901262
torus_knot_3_4,3,4,2,0.0001265177680741505,microscopic,9,-1,0.03069889702217295,4.252490200265122,670.8548248102622,704.8491712180858,0.5177996998064809,0.5082072215118859,0.9517707506854606
torus_knot_3_4,3,4,3,0.0001600674563846453,macroscopic,1,2,0.13895376084258015,0.13895376084258015,0.13895376084258015,0.13899825191387907,0.00010211156663524416,0.00010611175994084155,0.9996799163249442
torus_knot_3_4,3,4,3,0.0001600674563846453,mesoscopic,3,8,1.467557871156659,23.006268389644816,647.1538457190543,656.2508800727321,0.48209818862688397,0.4941977324351029,0.9861378710034345
torus_knot_3_4,3,4,3,0.0001600674563846453,microscopic,9,-1,0.030415061269998673,4.2077670935144855,662.2110756801078,704.8491712180858,0.5177996998064809,0.5056961558049564,0.9395074900006013
torus_knot_3_4,3,4,4,0.00020251377323091753,macroscopic,1,2,0.13894196519254973,0.13894196519254973,0.13894196519254973,0.13899825191387907,0.00010211156663524416,0.00010717583373106055,0.9995950544661222
torus_knot_3_4,3,4,4,0.00020251377323091753,mesoscopic,3,8,1.4656071375121484,22.95143119671374,644.7666569524935,656.2508800727321,0.48209818862688397,0.4973544452542235,0.9825002549040912
torus_knot_3_4,3,4,4,0.00020251377323091753,microscopic,9,-1,0.030060226086274597,4.152007097990509,651.4870705454771,704.8491712180858,0.5177996998064809,0.5025383789120453,0.9242928801627291
torus_knot_3_4,3,4,5,0.0002562159059345033,macroscopic,1,2,0.13892704303421008,0.13892704303421008,0.13892704303421008,0.13899825191387907,0.00010211156663524416,0.00010852417419696932,0.9994876994588888
torus_knot_3_4,3,4,5,0.0002562159059345033,mesoscopic,3,8,1.4631457690281615,22.88234204547282,641.7614000739496,656.2508800727321,0.48209818862688397,0.5013179900285224,0.977920821992381
torus_knot_3_4,3,4,5,0.0002562159059345033,microscopic,9,-1,0.029618014858538304,4.082748805127988,638.2480274980915,704.8491712180858,0.5177996998064809,0.49857348579728067,0.9055100772766782
torus_knot_3_4,3,4,6,0.00032415864563929844,macroscopic,1,2,0.13890816614894075,0.13890816614894075,0.13890816614894075,0.13899825191387907,0.00010211156663524416,0.00011023352344238166,0.9993518928209677
torus_knot_3_4,3,4,6,0.00032415864563929844,mesoscopic,3,8,1.460042304379354,22.79539300354783,637.983020808138,656.2508800727321,0.48209818862688397,0.5062849667505428,0.9721632994037746
torus_knot_3_4,3,4,6,0.00032415864563929844,microscopic,9,-1,0.02906907074509089,3.9971300728865153,622.004408378498,704.8491712180858,0.5177996998064809,0.49360479972601484,0.8824645523858395
torus_knot_3_4,3,4,7,0.0004101182834822349,macroscopic,1,2,0.13888428721031335,0.13888428721031335,0.13888428721031335,0.13899825191387907,0.00010211156663524416,0.00011240187977771575,0.9991800997350935
torus_knot_3_4,3,4,7,0.0004101182834822349,mesoscopic,3,8,1.4561327417004066,22.68611969150495,633.240515366403,656.2508800727321,0.48209818862688397,0.5124944348154286,0.9649366341363551
torus_knot_3_4,3,4,7,0.0004101182834822349,microscopic,9,-1,0.028390980623275115,3.891907773404023,602.2252671452766,704.8491712180858,0.5177996998064809,0.4873931633047937,0.854403029380797
torus_knot_3_4,3,4,8,0.000518872498725741,macroscopic,1,2,0.1388540819920468,0.1388540819920468,0.1388540819920468,0.13899825191387907,0.00010211156663524416,0.0001151547500732422,0.9989627932736765
torus_knot_3_4,3,4,8,0.000518872498725741,mesoscopic,3,8,1.4512132517212168,22.54903176592799,627.3003561751725,656.2508800727321,0.48209818862688397,0.52023400896738,0.9558849751266604
torus_knot_3_4,3,4,8,0.000518872498725741,microscopic,9,-1,0.027558512859163272,3.7635364333393393,578.3649958544466,704.8491712180858,0.5177996998064809,0.47965083628254673,0.8205514306769272
torus_knot_3_4,3,4,9,0.0006564659045383825,macroscopic,1,2,0.13881587643701576,0.13881587643701576,0.13881587643701576,0.13899825191387907,0.00010211156663524416,0.00011865348027571773,0.9986879297088117
torus_knot_3_4,3,4,9,0.0006564659045383825,mesoscopic,3,8,1.4450317136072786,22.377430412522507,619.8798074500507,656.2508800727321,0.48209818862688397,0.529844988876054,0.9445774874714828
torus_knot_3_4,3,4,9,0.0006564659045383825,microscopic,9,-1,0.026544371370617423,3.608336125611765,549.9080919661965,704.8491712180858,0.5177996998064809,0.4700363576436702,0.780178390528391
torus_knot_3_4,3,4,10,0.0008305460105897448,macroscopic,1,2,0.13876755468437613,0.13876755468437613,0.13876755468437613,0.13899825191387907,0.00010211156663524416,0.00012310649456357228,0.9983402868286007
torus_knot_3_4,3,4,10,0.0008305460105897448,mesoscopic,3,8,1.437278164733457,22.163226033899193,610.6409420635848,656.2508800727321,0.48209818862688397,0.5417250882991108,0.930499235286218
torus_knot_3_4,3,4,10,0.0008305460105897448,microscopic,9,-1,0.025320731115871836,3.422785041429389,516.4358379962108,704.8491712180858,0.5177996998064809,0.4581518052063255,0.7326898563329963
torus_knot_3_4,3,4,11,0.0010507882754270427,macroscopic,1,2,0.13870644318364034,0.13870644318364034,0.13870644318364034,0.13899825191387907,0.00010211156663524416,0.00012878466718238725,0.997900630214979
torus_knot_3_4,3,4,11,0.0010507882754270427,mesoscopic,3,8,1.427574474335733,21.89678036218484,599.1867583587249,656.2508800727321,0.48209818862688397,0.5563264797523348,0.9130452644761667
torus_knot_3_4,3,4,11,0.0010507882754270427,microscopic,9,-1,0.023861865251680568,3.203971107061951,477.7161288778864,704.8491712180858,0.5177996998064809,0.44354473558048274,0.6777565305955043
torus_knot_3_4,3,4,12,0.0013294338732551514,macroscopic,1,2,0.1386291648393438,0.1386291648393438,0.1386291648393438,0.13899825191387907,0.00010211156663524416,0.0001360426441159084,0.9973446639115723
torus_knot_3_4,3,4,12,0.0013294338732551514,mesoscopic,3,8,1.4154639008027816,21.56681352167039,585.061641793769,656.2508800727321,0.48209818862688397,0.5741456555167079,0.8915213061945559
torus_knot_3_4,3,4,12,0.0013294338732551514,microscopic,9,-1,0.022148161949383904,2.9502234441721122,433.8123021962597,704.8491712180858,0.5177996998064809,0.42571830183917614,0.6154682730868032
torus_knot_3_4,3,4,13,0.0016819700644641483,macroscopic,1,2,0.13853145569387573,0.13853145569387573,0.13853145569387573,0.13899825191387907,0.00010211156663524416,0.00014534882153574149,0.996641711578556
torus_knot_3_4,3,4,13,0.0016819700644641483,mesoscopic,3,8,1.4004017146856165,21.160439039227064,567.7595522498572,656.2508800727321,0.48209818862688397,0.595699954366575,0.8651562527229412
torus_knot_3_4,3,4,13,0.0016819700644641483,microscopic,9,-1,0.020171694645794026,2.6619104563419707,385.1984342446179,704.8491712180858,0.5177996998064809,0.40415469681188926,0.5464976763453333
torus_knot_3_4,3,4,14,0.0021279909852353904,macroscopic,1,2,0.13840793494005826,0.13840793494005826,0.13840793494005826,0.13899825191387907,0.00010211156663524416,0.00015732801530130586,0.9957530618860836
torus_knot_3_4,3,4,14,0.0021279909852353904,mesoscopic,3,8,1.3817487929321235,20.663418007743903,546.7446886317589,656.2508800727321,0.48209818862688397,0.6214835643362346,0.8331336463444641
torus_knot_3_4,3,4,14,0.0021279909852353904,microscopic,9,-1,0.017943167234764114,2.3423298668093677,332.85809050025216,704.8491712180858,0.5177996998064809,0.37835910764846414,0.4722401672474455
torus_knot_3_4,3,4,15,0.0026922866993389413,macroscopic,1,2,0.1382518170443193,0.1382518170443193,0.1382518170443193,0.13899825191387907,0.00010211156663524416,0.00017282282377550478,0.9946298974319313
torus_knot_3_4,3,4,15,0.0026922866993389413,mesoscopic,3,8,1.358770997718885,20.060753764202175,521.4907368483241,656.2508800727321,0.48209818862688397,0.6518937952620513,0.7946514857100495
torus_knot_3_4,3,4,15,0.0026922866993389413,microscopic,9,-1,0.015499422592572108,1.998526407957765,278.3337363038006,704.8491712180858,0.5177996998064809,0.3479333819141732,0.39488410807492036
torus_knot_3_4,3,4,16,0.003406221042160843,macroscopic,1,2,0.13805455247149698,0.13805455247149698,0.13805455247149698,0.13899825191387907,0.00010211156663524416,0.0001929825809673367,0.9932107099953545
torus_knot_3_4,3,4,16,0.003406221042160843,mesoscopic,3,8,1.33064812568229,19.337770145996906,491.54551872426083,656.2508800727321,0.48209818862688397,0.687117673181557,0.7490207383337649
torus_knot_3_4,3,4,16,0.003406221042160843,microscopic,9,-1,0.012909762798467173,1.6417686267385112,223.6895540775102,704.8491712180858,0.5177996998064809,0.3126893442374756,0.31735804369456927
torus_knot_3_4,3,4,17,0.004309474838213967,macroscopic,1,2,0.13780538100716705,0.13780538100716705,0.13780538100716705,0.13899825191387907,0.00010211156663524416,0.00021939299196063093,0.9914180869882371
torus_knot_3_4,3,4,17,0.004309474838213967,mesoscopic,3,8,1.2964969429405921,18.481808205066912,456.6266932982028,656.2508800727321,0.48209818862688397,0.7269723121085659,0.6958111709466888
torus_knot_3_4,3,4,17,0.004309474838213967,microscopic,9,-1,0.010278246000058723,1.2873338478857879,171.3566631484914,704.8491712180858,0.5177996998064809,0.2728082948994734,0.24311110822810678
torus_knot_3_4,3,4,18,0.005452251381025419,macroscopic,1,2,0.13749077914996358,0.13749077914996358,0.13749077914996358,0.13899825191387907,0.00010211156663524416,0.00025426542095576915,0.9891547358102784
torus_knot_3_4,3,4,18,0.005452251381025419,mesoscopic,3,8,1.2554127281635288,17.484602014518842,416.74910218714507,656.2508800727321,0.48209818862688397,0.7707053997052089,0.6350453993158178
torus_knot_3_4,3,4,18,0.005452251381025419,microscopic,9,-1,0.0077383833894225365,0.9532529556072602,123.85063600154353,704.8491712180858,0.5177996998064809,0.22904033487383538,0.1757122531441882
torus_knot_3_4,3,4,19,0.006898066757065406,macroscopic,1,2,0.13709378084772178,0.13709378084772178,0.13709378084772178,0.13899825191387907,0.00010211156663524416,0.0003007123924745316,0.9862985969971962
torus_knot_3_4,3,4,19,0.006898066757065406,mesoscopic,3,8,1.2065319819018585,16.345205564943335,372.372809485379,656.2508800727321,0.48209818862688397,0.8167921093166941,0.5674244725494448
torus_knot_3_4,3,4,19,0.006898066757065406,microscopic,9,-1,0.005437143568545685,0.6578348473202001,83.38677501693628,704.8491712180858,0.5177996998064809,0.18290717829083136,0.11830442372916655
torus_knot_3_4,3,4,20,0.008727280101304084,macroscopic,1,2,0.13659314962073926,0.13659314962073926,0.13659314962073926,0.13899825191387907,0.00010211156663524416,0.0003631435810003421,0.9826968881980619
torus_knot_3_4,3,4,20,0.008727280101304084,mesoscopic,3,8,1.1491146993475632,15.072999773698584,324.5409513817586,656.2508800727321,0.48209818862688397,0.8628175248411984,0.49453792937510394
torus_knot_3_4,3,4,20,0.008727280101304084,microscopic,9,-1,0.0035079586001218735,0.4161873831015077,51.463345098198324,704.8491712180858,0.5177996998064809,0.13681933157780124,0.07301327319327325
torus_knot_3_4,3,4,21,0.011041559997749386,macroscopic,1,2,0.1359623809617563,0.1359623809617563,0.1359623809617563,0.13899825191387907,0.00010211156663524416,0.0004478173580835616,0.9781589271064809
torus_knot_3_4,3,4,21,0.011041559997749386,mesoscopic,3,8,1.0826379049572703,13.689834481074945,274.95009435988356,656.2508800727321,0.48209818862688397,0.9055992105323787,0.41897101049130925
torus_knot_3_4,3,4,21,0.011041559997749386,microscopic,9,-1,0.0020380044286726806,0.23655248268522697,28.525177856242543,704.8491712180858,0.5177996998064809,0.09395297210953783,0.040469903379394954
torus_knot_3_4,3,4,22,0.013969535269720744,macroscopic,1,2,0.135168518660797,0.135168518660797,0.135168518660797,0.13899825191387907,0.00010211156663524416,0.0005635543592783125,0.9724476157048729
torus_knot_3_4,3,4,22,0.013969535269720744,mesoscopic,3,8,1.0068855096168896,12.229935488789089,225.87386294740037,656.2508800727321,0.48209818862688397,0.9417296377307879,0.34418828196065326
torus_knot_3_4,3,4,22,0.013969535269720744,microscopic,9,-1,0.001041834103197786,0.1178626788096268,13.840978449386464,704.8491712180858,0.5177996998064809,0.05770680790993384,0.019636794671216203
torus_knot_3_4,3,4,23,0.017673944233581942,macroscopic,1,2,0.13417078031123075,0.13417078031123075,0.13417078031123075,0.13899825191387907,0.00010211156663524416,0.0007225083235671147,0.965269551694511
torus_knot_3_4,3,4,23,0.017673944233581942,mesoscopic,3,8,0.9220193536458972,10.736254549183153,179.86749364951882,656.2508800727321,0.48209818862688397,0.9685846724560978,0.2740834322836781
torus_knot_3_4,3,4,23,0.017673944233581942,microscopic,9,-1,0.00045659004212982637,0.05003192767766739,5.699698356985594,704.8491712180858,0.5177996998064809,0.030692819220335083,0.008086408539199464
torus_knot_3_4,3,4,24,0.022360679774997897,macroscopic,1,2,0.13291901026223485,0.13291901026223485,0.13291901026223485,0.13899825191387907,0.00010211156663524416,0.0009406503972956339,0.9562638985171495
torus_knot_3_4,3,4,24,0.022360679774997897,mesoscopic,3,8,0.8286313029329053,9.253042076810042,139.24875753748591,656.2508800727321,0.48209818862688397,0.9854451883304085,0.21218829835634356
torus_knot_3_4,3,4,24,0.022360679774997897,microscopic,9,-1,0.0001669272061625301,0.01754776717205236,1.9237549328279155,704.8491712180858,0.5177996998064809,0.013614161272295864,0.002729314314867359
torus_knot_3_4,3,4,25,0.02829023297753531,macroscopic,1,2,0.13135201949627287,0.13135201949627287,0.13135201949627287,0.13899825191387907,0.00010211156663524416,0.001237583932835813,0.944990441877329
torus_knot_3_4,3,4,25,0.02829023297753531,mesoscopic,3,8,0.727808654123842,7.81681305791693,105.4901188585966,656.2508800727321,0.48209818862688397,0.9939160179874036,0.16074663221313343
torus_knot_3_4,3,4,25,0.02829023297753531,microscopic,9,-1,4.9592281651735594e-05,0.004940291236552119,0.5143765672528902,704.8491712180858,0.5177996998064809,0.0048463980797606235,0.0007297682798774805
torus_knot_3_4,3,4,26,0.03579217134615496,macroscopic,1,2,0.12939594106171698,0.12939594106171698,0.12939594106171698,0.13899825191387907,0.00010211156663524416,0.0016370344469792085,0.9309177581735955
torus_knot_3_4,3,4,26,0.03579217134615496,mesoscopic,3,8,0.6212738349200967,6.450518944383926,78.80731383800644,656.2508800727321,0.48209818862688397,0.9970195847579543,0.1200871743277087
torus_knot_3_4,3,4,26,0.03579217134615496,microscopic,9,-1,1.1669831540491272e-05,0.0010905348730923072,0.10618470643830408,704.8491712180858,0.5177996998064809,0.001343380795066588,0.00015064883491996007
torus_knot_3_4,3,4,27,0.04528345633243088,macroscopic,1,2,0.1269628398742412,0.1269628398742412,0.1269628398742412,0.13899825191387907,0.00010211156663524416,0.0021746095545408474,0.9134132129438951
torus_knot_3_4,3,4,27,0.04528345633243088,mesoscopic,3,8,0.5116328338220348,5.165900069127717,58.24058644676241,656.2508800727321,0.48209818862688397,0.9975401926629963,0.08874744128389987
torus_knot_3_4,3,4,27,0.04528345633243088,microscopic,9,-1,2.0982222881459663e-06,0.00018415066137422126,0.01665104446529304,704.8491712180858,0.5177996998064809,0.00028519778246278104,2.362355684765511e-05
torus_knot_3_4,3,4,28,0.05729161825862411,macroscopic,1,2,0.12394998288176501,0.12394998288176501,0.12394998288176501,0.13899825191387907,0.00010211156663524416,0.002923792224636713,0.8917377101876237
torus_knot_3_4,3,4,28,0.05729161825862411,mesoscopic,3,8,0.402640581014927,3.974161200484901,42.26769912566154,656.2508800727321,0.48209818862688397,0.9970309570335089,0.06440783610221905
torus_knot_3_4,3,4,28,0.05729161825862411,microscopic,9,-1,2.6893389269935344e-07,2.2542692307576174e-05,0.001918340376924536,704.8491712180858,0.5177996998064809,4.525074185454984e-05,2.72163245025791e-06
torus_knot_3_4,3,4,29,0.07248407671437371,macroscopic,1,2,0.12024041579292366,0.12024041579292366,0.12024041579292366,0.13899825191387907,0.00010211156663524416,0.004048453004692321,0.8650498415434933
torus_knot_3_4,3,4,29,0.07248407671437371,mesoscopic,3,8,0.29921709695508586,2.8973042872843,29.579948921249596,656.2508800727321,0.48209818862688397,0.9959465983144574,0.0450741474327185
torus_knot_3_4,3,4,29,0.07248407671437371,microscopic,9,-1,2.1818322047175355e-08,1.7861987097006847e-06,0.00014697748556527328,704.8491712180858,0.5177996998064809,4.948680850235976e-06,2.0852331472742458e-07
torus_knot_3_4,3,4,30,0.09170523606818065,macroscopic,1,2,0.11570581413546484,0.11570581413546484,0.11570581413546484,0.13899825191387907,0.00010211156663524416,0.005900371942496804,0.8324263977589745
torus_knot_3_4,3,4,30,0.09170523606818065,mesoscopic,3,8,0.20690794204689406,1.9694727340797824,19.494206604587664,656.2508800727321,0.48209818862688397,0.9940993073717059,0.029705417846338164
torus_knot_3_4,3,4,30,0.09170523606818065,microscopic,9,-1,9.529719804570802e-10,7.736967515285632e-08,6.2886224138814785e-06,704.8491712180858,0.5177996998064809,3.2068579720964716e-07,8.92194056639634e-09
torus_knot_3_4,3,4,31,0.11602341788059299,macroscopic,1,2,0.11021296297262007,0.11021296297262007,0.11021296297262007,0.13899825191387907,0.00010211156663524416,0.009244246545408083,0.7929089859411047
torus_knot_3_4,3,4,31,0.11602341788059299,mesoscopic,3,8,0.13072855271177386,1.2250585404740697,11.812117462794236,656.2508800727321,0.48209818862688397,0.9907557432832735,0.017999392947838946
torus_knot_3_4,3,4,31,0.11602341788059299,microscopic,9,-1,1.8467567615607758e-11,1.4963684461039053e-09,1.212658198760867e-07,704.8491712180858,0.5177996998064809,1.017131838424563e-08,1.72045062728131e-10
torus_knot_3_4,3,4,32,0.14679023874587108,macroscopic,1,2,0.10363559785046866,0.10363559785046866,0.10363559785046866,0.13899825191387907,0.00010211156663524416,0.01587523633013623,0.745589217299506
torus_knot_3_4,3,4,32,0.14679023874587108,mesoscopic,3,8,0.0737506648844503,0.6817071393214021,6.424493853714032,656.2508800727321,0.48209818862688397,0.9841247635428841,0.009789691791349685
torus_knot_3_4,3,4,32,0.14679023874587108,microscopic,9,-1,1.263344952169075e-13,1.023338301726878e-11,8.289389852646576e-10,704.8491712180858,0.5177996998064809,1.2697955690212908e-10,1.1760515853797856e-12
torus_knot_3_4,3,4,33,0.18571573381199297,macroscopic,1,2,0.0958735263724095,0.0958735263724095,0.0958735263724095,0.13899825191387907,0.00010211156663524416,0.030475727422808768,0.6897462741604197
torus_knot_3_4,3,4,33,0.18571573381199297,mesoscopic,3,8,0.036066299771962726,0.32973244935070267,3.0500243563015688,656.2508800727321,0.48209818862688397,0.9695242725767104,0.004647649929191006
torus_knot_3_4,3,4,33,0.18571573381199297,microscopic,9,-1,2.3060437230115113e-16,1.8678977573258508e-14,1.5130000169330565e-12,704.8491712180858,0.5177996998064809,4.809437792832283e-13,2.1465585528296277e-15
torus_knot_3_4,3,4,34,0.23496340138146393,macroscopic,1,2,0.08688058191931616,0.08688058191931616,0.08688058191931616,0.13899825191387907,0.00010211156663524416,0.06656884903599197,0.6250480183962737
torus_knot_3_4,3,4,34,0.23496340138146393,mesoscopic,3,8,0.01471302074611193,0.13347584352207678,1.2182431084774061,656.2508800727321,0.48209818862688397,0.9334311509640077,0.0018563679615064114
torus_knot_3_4,3,4,34,0.23496340138146393,microscopic,9,-1,7.907005226789117e-20,6.404674389975904e-18,5.187786479867571e-16,704.8491712180858,0.5177996998064809,3.9749385579619837e-16,7.360137021800414e-19
torus_knot_3_4,3,4,35,0.2972704512189358,macroscopic,1,2,0.07670143783791916,0.07670143783791916,0.07670143783791916,0.13899825191387907,0.00010211156663524416,0.1645133962807917,0.5518158450326559
torus_knot_3_4,3,4,35,0.2972704512189358,mesoscopic,3,8,0.004764584474089023,0.043025196858182554,0.3895307327447429,656.2508800727321,0.48209818862688397,0.8354866037192084,0.0005935698443582602
torus_knot_3_4,3,4,35,0.2972704512189358,microscopic,9,-1,3.2685487138076015e-24,2.6475266132559533e-22,2.1456057381876186e-20,704.8491712180858,0.5177996998064809,4.602011344490023e-20,3.044063646240355e-23
torus_knot_3_4,3,4,36,0.3760999400261539,macroscopic,1,2,0.06551384385281975,0.06551384385281975,0.06551384385281975,0.13899825191387907,0.00010211156663524416,0.4122492818000974,0.4713285451489778
torus_knot_3_4,3,4,36,0.3760999400261539,mesoscopic,3,8,0.0011495745781070854,0.01035771626968406,0.09340418643883246,656.2508800727321,0.48209818862688397,0.5877507181999025,0.00014232999798564916
torus_knot_3_4,3,4,36,0.3760999400261539,microscopic,9,-1,9.295456911984703e-30,9.191019674250028e-28,8.705781475093429e-24,704.8491712180858,0.5177996998064809,5.478158431183836e-23,1.2351268655177e-26
torus_knot_3_4,3,4,37,0.4758332498493084,macroscopic,1,2,0.05366681590729991,0.05366681590729991,0.05366681590729991,0.13899825191387907,0.00010211156663524416,0.7763403886785665,0.3860970563899677
torus_knot_3_4,3,4,37,0.4758332498493084,mesoscopic,3,8,0.00019073166857679235,0.0017170595807398201,0.015461129372795451,656.2508800727321,0.48209818862688397,0.2236596113214335,2.3559784591956508e-05
torus_knot_3_4,3,4,37,0.4758332498493084,microscopic,9,-1,3.179664779077645e-33,6.723075155126103e-29,2.584912293549599e-24,704.8491712180858,0.5177996998064809,3.739315964153062e-23,3.667326853889152e-27
torus_knot_3_4,3,4,38,0.6020136074640411,macroscopic,1,2,0.04169720674231338,0.04169720674231338,0.04169720674231338,0.13899825191387907,0.00010211156663524416,0.9631829593108969,0.29998367726342523
torus_knot_3_4,3,4,38,0.6020136074640411,mesoscopic,3,8,1.9674559328769375e-05,0.00017707940348223576,0.0015938485439485118,656.2508800727321,0.48209818862688397,0.036817040689103006,2.4287183337138777e-06
torus_knot_3_4,3,4,38,0.6020136074640411,microscopic,9,-1,3.0134820253936507e-33,9.239805817038618e-29,4.831553866747202e-24,704.8491712180858,0.5177996998064809,1.1160628528915676e-22,6.854734408494158e-27
torus_knot_3_4,3,4,39,0.7616541796661821,macroscopic,1,2,0.030300160137280013,0.030300160137280013,0.030300160137280013,0.13899825191387907,0.00010211156663524416,0.9970373474982301,0.21798950504826112
torus_knot_3_4,3,4,39,0.7616541796661821,mesoscopic,3,8,1.1115348706929036e-06,1.0003864431144733e-05,9.003558939892062e-05,656.2508800727321,0.48209818862688397,0.002962652501769846,1.371969046181576e-07
torus_knot_3_4,3,4,39,0.7616541796661821,microscopic,9,-1,1.8362468436696774e-33,5.52070659920699e-29,2.775762558196773e-24,704.8491712180858,0.5177996998064809,9.133743603237104e-23,3.9380943775529116e-27
torus_knot_3_4,3,4,40,0.9636278685571338,macroscopic,1,2,0.020230788350108945,0.020230788350108945,0.020230788350108945,0.13899825191387907,0.00010211156663524416,0.9998826581341337,0.14554707035196093
torus_knot_3_4,3,4,40,0.9636278685571338,mesoscopic,3,8,2.9311050279452587e-08,2.6379953143612547e-07,2.374197045661967e-06,656.2508800727321,0.48209818862688397,0.00011734186586643377,3.617819217855884e-09
torus_knot_3_4,3,4,40,0.9636278685571338,microscopic,9,-1,1.6293322598783153e-33,4.8172224912293683e-29,2.3722608729211918e-24,704.8491712180858,0.5177996998064809,1.1724617283098945e-22,3.3656290874564935e-27
torus_knot_3_4,3,4,41,1.2191604718389941,macroscopic,1,2,0.012135565189087295,0.012135565189087295,0.012135565189087295,0.13899825191387907,0.00010211156663524416,0.9999980326565072,0.08730732237270353
torus_knot_3_4,3,4,41,1.2191604718389941,mesoscopic,3,8,2.9475150150714293e-10,2.652763535743599e-09,2.3874872176561387e-08,656.2508800727321,0.48209818862688397,1.967343492823557e-06,3.638070881354908e-11
torus_knot_3_4,3,4,41,1.2191604718389941,microscopic,9,-1,1.025149352226542e-33,3.1599934340982015e-29,1.671324359122285e-24,704.8491712180858,0.5177996998064809,1.3772090916343067e-22,2.3711801437376798e-27
torus_knot_3_4,3,4,42,1.5424546182129775,macroscopic,1,2,0.00635697172738319,0.00635697172738319,0.00635697172738319,0.13899825191387907,0.00010211156663524416,0.9999999888467045,0.045734184709904556
torus_knot_3_4,3,4,42,1.5424546182129775,mesoscopic,3,8,8.75323267932224e-13,7.877909412102857e-12,7.090118472033117e-11,656.2508800727321,0.48209818862688397,1.1153295463646078e-08,1.0803975563807732e-13
torus_knot_3_4,3,4,42,1.5424546182129775,microscopic,9,-1,5.931698501253593e-34,2.2052574178741504e-29,1.2289545379062575e-24,704.8491712180858,0.5177996998064809,1.9332389334146943e-22,1.743570948352594e-27
torus_knot_3_4,3,4,43,1.951479156519718,macroscopic,1,2,0.002805279125070757,0.002805279125070757,0.002805279125070757,0.13899825191387907,0.00010211156663524416,0.9999999999839597,0.02018211802267024
torus_knot_3_4,3,4,43,1.951479156519718,mesoscopic,3,8,5.555212468605659e-16,4.9996912217465676e-15,4.4997220995742694e-14,656.2508800727321,0.48209818862688397,1.6040193859099837e-11,6.856710194545668e-17
torus_knot_3_4,3,4,43,1.951479156519718,microscopic,9,-1,1.6347562381883655e-34,5.128087357899674e-30,2.6888912462612633e-25,704.8491712180858,0.5177996998064809,9.585111236124538e-23,3.8148462906105903e-28
torus_knot_3_4,3,4,44,2.468967873261005,macroscopic,1,2,0.0009965316390780595,0.0009965316390780595,0.0009965316390780595,0.13899825191387907,0.00010211156663524416,0.9999999999999959,0.0071693825307637205
torus_knot_3_4,3,4,44,2.468967873261005,mesoscopic,3,8,5.004212913160794e-20,4.503791621844717e-19,4.053412459660251e-18,656.2508800727321,0.48209818862688397,4.067520087380513e-15,6.176620226720324e-21
torus_knot_3_4,3,4,44,2.468967873261005,microscopic,9,-1,7.983531982080564e-35,2.544495966694512e-30,1.3390368898481965e-25,704.8491712180858,0.5177996998064809,1.3436973171137845e-22,1.8997495414999759e-28
torus_knot_3_4,3,4,45,3.123683047717644,macroscopic,1,2,0.00026903743687009443,0.00026903743687009443,0.00026903743687009443,0.13899825191387907,0.00010211156663524416,1.0,0.001935545470289694
torus_knot_3_4,3,4,45,3.123683047717644,mesoscopic,3,8,3.8126815301212976e-25,3.431413377132703e-24,3.0882720395210873e-23,656.2508800727321,0.48209818862688397,1.1478967668771945e-19,4.70593203498457e-26
torus_knot_3_4,3,4,45,3.123683047717644,microscopic,9,-1,2.1282228491851232e-35,5.4022797353896665e-31,2.4154536081502012e-26,704.8491712180858,0.5177996998064809,8.978131951638056e-23,3.42690848877063e-29
torus_knot_3_4,3,4,46,3.9520140736829643,macroscopic,1,2,5.132554022945195e-05,5.132554022945195e-05,5.132554022945195e-05,0.13899825191387907,0.00010211156663524416,1.0,0.0003692531346455521
torus_knot_3_4,3,4,46,3.9520140736829643,mesoscopic,3,8,1.2763623597927061e-31,1.1487326381151526e-30,1.0338866720799836e-29,656.2508800727321,0.48209818862688397,2.0143707547119244e-25,1.5754442446848958e-32
torus_knot_3_4,3,4,46,3.9520140736829643,microscopic,9,-1,3.061044249173041e-36,7.189759683832449e-32,3.275357836893518e-27,704.8491712180858,0.5177996998064809,6.381536019398839e-23,4.646891804147553e-30
torus_knot_3_4,3,4,47,5.0,macroscopic,1,2,6.3105108739982875e-06,6.3105108739982875e-06,6.3105108739982875e-06,0.13899825191387907,0.00010211156663524416,1.0,4.539992976248487e-05
torus_knot_3_4,3,4,47,5.0,mesoscopic,3,8,3.27433100777044e-38,9.087769811738244e-37,3.453748336728266e-35,656.2508800727321,0.48209818862688397,5.4730090886286675e-30,5.2628475505366e-38
torus_knot_3_4,3,4,47,5.0,microscopic,9,-1,3.780747171500414e-37,1.2656538583988503e-32,6.811316239190376e-28,704.8491712180858,0.5177996998064809,1.079360510613427e-22,9.66350889995287e-31
